Release ID,Class
1,storm-core/src/jvm/backtype/storm/Config.java
1,storm-core/src/jvm/backtype/storm/ConfigValidation.java
1,storm-core/src/jvm/backtype/storm/Constants.java
1,storm-core/src/jvm/backtype/storm/ILocalCluster.java
1,storm-core/src/jvm/backtype/storm/ILocalDRPC.java
1,storm-core/src/jvm/backtype/storm/StormSubmitter.java
1,storm-core/src/jvm/backtype/storm/clojure/ClojureBolt.java
1,storm-core/src/jvm/backtype/storm/clojure/ClojureSpout.java
1,storm-core/src/jvm/backtype/storm/clojure/RichShellBolt.java
1,storm-core/src/jvm/backtype/storm/clojure/RichShellSpout.java
1,storm-core/src/jvm/backtype/storm/coordination/BatchBoltExecutor.java
1,storm-core/src/jvm/backtype/storm/coordination/BatchOutputCollector.java
1,storm-core/src/jvm/backtype/storm/coordination/BatchOutputCollectorImpl.java
1,storm-core/src/jvm/backtype/storm/coordination/BatchSubtopologyBuilder.java
1,storm-core/src/jvm/backtype/storm/coordination/CoordinatedBolt.java
1,storm-core/src/jvm/backtype/storm/coordination/IBatchBolt.java
1,storm-core/src/jvm/backtype/storm/daemon/Shutdownable.java
1,storm-core/src/jvm/backtype/storm/drpc/DRPCInvocationsClient.java
1,storm-core/src/jvm/backtype/storm/drpc/DRPCSpout.java
1,storm-core/src/jvm/backtype/storm/drpc/JoinResult.java
1,storm-core/src/jvm/backtype/storm/drpc/KeyedFairBolt.java
1,storm-core/src/jvm/backtype/storm/drpc/LinearDRPCInputDeclarer.java
1,storm-core/src/jvm/backtype/storm/drpc/LinearDRPCTopologyBuilder.java
1,storm-core/src/jvm/backtype/storm/drpc/PrepareRequest.java
1,storm-core/src/jvm/backtype/storm/drpc/ReturnResults.java
1,storm-core/src/jvm/backtype/storm/grouping/CustomStreamGrouping.java
1,storm-core/src/jvm/backtype/storm/hooks/BaseTaskHook.java
1,storm-core/src/jvm/backtype/storm/hooks/ITaskHook.java
1,storm-core/src/jvm/backtype/storm/hooks/info/BoltAckInfo.java
1,storm-core/src/jvm/backtype/storm/hooks/info/BoltExecuteInfo.java
1,storm-core/src/jvm/backtype/storm/hooks/info/BoltFailInfo.java
1,storm-core/src/jvm/backtype/storm/hooks/info/EmitInfo.java
1,storm-core/src/jvm/backtype/storm/hooks/info/SpoutAckInfo.java
1,storm-core/src/jvm/backtype/storm/hooks/info/SpoutFailInfo.java
1,storm-core/src/jvm/backtype/storm/messaging/IConnection.java
1,storm-core/src/jvm/backtype/storm/messaging/IContext.java
1,storm-core/src/jvm/backtype/storm/messaging/TaskMessage.java
1,storm-core/src/jvm/backtype/storm/messaging/TransportFactory.java
1,storm-core/src/jvm/backtype/storm/metric/LoggingMetricsConsumer.java
1,storm-core/src/jvm/backtype/storm/metric/MetricsConsumerBolt.java
1,storm-core/src/jvm/backtype/storm/metric/SystemBolt.java
1,storm-core/src/jvm/backtype/storm/metric/api/AssignableMetric.java
1,storm-core/src/jvm/backtype/storm/metric/api/CombinedMetric.java
1,storm-core/src/jvm/backtype/storm/metric/api/CountMetric.java
1,storm-core/src/jvm/backtype/storm/metric/api/ICombiner.java
1,storm-core/src/jvm/backtype/storm/metric/api/IMetric.java
1,storm-core/src/jvm/backtype/storm/metric/api/IMetricsConsumer.java
1,storm-core/src/jvm/backtype/storm/metric/api/IReducer.java
1,storm-core/src/jvm/backtype/storm/metric/api/IStatefulObject.java
1,storm-core/src/jvm/backtype/storm/metric/api/MeanReducer.java
1,storm-core/src/jvm/backtype/storm/metric/api/MultiCountMetric.java
1,storm-core/src/jvm/backtype/storm/metric/api/MultiReducedMetric.java
1,storm-core/src/jvm/backtype/storm/metric/api/ReducedMetric.java
1,storm-core/src/jvm/backtype/storm/metric/api/StateMetric.java
1,storm-core/src/jvm/backtype/storm/nimbus/DefaultTopologyValidator.java
1,storm-core/src/jvm/backtype/storm/nimbus/ITopologyValidator.java
1,storm-core/src/jvm/backtype/storm/planner/CompoundSpout.java
1,storm-core/src/jvm/backtype/storm/planner/CompoundTask.java
1,storm-core/src/jvm/backtype/storm/planner/TaskBundle.java
1,storm-core/src/jvm/backtype/storm/scheduler/Cluster.java
1,storm-core/src/jvm/backtype/storm/scheduler/ExecutorDetails.java
1,storm-core/src/jvm/backtype/storm/scheduler/INimbus.java
1,storm-core/src/jvm/backtype/storm/scheduler/IScheduler.java
1,storm-core/src/jvm/backtype/storm/scheduler/ISupervisor.java
1,storm-core/src/jvm/backtype/storm/scheduler/SchedulerAssignment.java
1,storm-core/src/jvm/backtype/storm/scheduler/SchedulerAssignmentImpl.java
1,storm-core/src/jvm/backtype/storm/scheduler/SupervisorDetails.java
1,storm-core/src/jvm/backtype/storm/scheduler/Topologies.java
1,storm-core/src/jvm/backtype/storm/scheduler/TopologyDetails.java
1,storm-core/src/jvm/backtype/storm/scheduler/WorkerSlot.java
1,storm-core/src/jvm/backtype/storm/security/auth/AuthUtils.java
1,storm-core/src/jvm/backtype/storm/security/auth/IAuthorizer.java
1,storm-core/src/jvm/backtype/storm/security/auth/ITransportPlugin.java
1,storm-core/src/jvm/backtype/storm/security/auth/ReqContext.java
1,storm-core/src/jvm/backtype/storm/security/auth/SaslTransportPlugin.java
1,storm-core/src/jvm/backtype/storm/security/auth/SimpleTransportPlugin.java
1,storm-core/src/jvm/backtype/storm/security/auth/ThriftClient.java
1,storm-core/src/jvm/backtype/storm/security/auth/ThriftServer.java
1,storm-core/src/jvm/backtype/storm/security/auth/authorizer/DenyAuthorizer.java
1,storm-core/src/jvm/backtype/storm/security/auth/authorizer/NoopAuthorizer.java
1,storm-core/src/jvm/backtype/storm/security/auth/digest/ClientCallbackHandler.java
1,storm-core/src/jvm/backtype/storm/security/auth/digest/DigestSaslTransportPlugin.java
1,storm-core/src/jvm/backtype/storm/security/auth/digest/ServerCallbackHandler.java
1,storm-core/src/jvm/backtype/storm/security/serialization/BlowfishTupleSerializer.java
1,storm-core/src/jvm/backtype/storm/serialization/DefaultKryoFactory.java
1,storm-core/src/jvm/backtype/storm/serialization/IKryoDecorator.java
1,storm-core/src/jvm/backtype/storm/serialization/IKryoFactory.java
1,storm-core/src/jvm/backtype/storm/serialization/ITupleDeserializer.java
1,storm-core/src/jvm/backtype/storm/serialization/ITupleSerializer.java
1,storm-core/src/jvm/backtype/storm/serialization/KryoTupleDeserializer.java
1,storm-core/src/jvm/backtype/storm/serialization/KryoTupleSerializer.java
1,storm-core/src/jvm/backtype/storm/serialization/KryoValuesDeserializer.java
1,storm-core/src/jvm/backtype/storm/serialization/KryoValuesSerializer.java
1,storm-core/src/jvm/backtype/storm/serialization/SerializableSerializer.java
1,storm-core/src/jvm/backtype/storm/serialization/SerializationFactory.java
1,storm-core/src/jvm/backtype/storm/serialization/types/ArrayListSerializer.java
1,storm-core/src/jvm/backtype/storm/serialization/types/HashMapSerializer.java
1,storm-core/src/jvm/backtype/storm/serialization/types/HashSetSerializer.java
1,storm-core/src/jvm/backtype/storm/serialization/types/ListDelegateSerializer.java
1,storm-core/src/jvm/backtype/storm/spout/IMultiSchemableSpout.java
1,storm-core/src/jvm/backtype/storm/spout/ISchemableSpout.java
1,storm-core/src/jvm/backtype/storm/spout/ISpout.java
1,storm-core/src/jvm/backtype/storm/spout/ISpoutOutputCollector.java
1,storm-core/src/jvm/backtype/storm/spout/ISpoutWaitStrategy.java
1,storm-core/src/jvm/backtype/storm/spout/MultiScheme.java
1,storm-core/src/jvm/backtype/storm/spout/NothingEmptyEmitStrategy.java
1,storm-core/src/jvm/backtype/storm/spout/RawMultiScheme.java
1,storm-core/src/jvm/backtype/storm/spout/RawScheme.java
1,storm-core/src/jvm/backtype/storm/spout/Scheme.java
1,storm-core/src/jvm/backtype/storm/spout/SchemeAsMultiScheme.java
1,storm-core/src/jvm/backtype/storm/spout/ShellSpout.java
1,storm-core/src/jvm/backtype/storm/spout/SleepSpoutWaitStrategy.java
1,storm-core/src/jvm/backtype/storm/spout/SpoutOutputCollector.java
1,storm-core/src/jvm/backtype/storm/state/IStateSpout.java
1,storm-core/src/jvm/backtype/storm/state/IStateSpoutOutputCollector.java
1,storm-core/src/jvm/backtype/storm/state/ISubscribedState.java
1,storm-core/src/jvm/backtype/storm/state/ISynchronizeOutputCollector.java
1,storm-core/src/jvm/backtype/storm/state/StateSpoutOutputCollector.java
1,storm-core/src/jvm/backtype/storm/state/SynchronizeOutputCollector.java
1,storm-core/src/jvm/backtype/storm/task/GeneralTopologyContext.java
1,storm-core/src/jvm/backtype/storm/task/IBolt.java
1,storm-core/src/jvm/backtype/storm/task/IErrorReporter.java
1,storm-core/src/jvm/backtype/storm/task/IMetricsContext.java
1,storm-core/src/jvm/backtype/storm/task/IOutputCollector.java
1,storm-core/src/jvm/backtype/storm/task/OutputCollector.java
1,storm-core/src/jvm/backtype/storm/task/ShellBolt.java
1,storm-core/src/jvm/backtype/storm/task/TopologyContext.java
1,storm-core/src/jvm/backtype/storm/task/WorkerTopologyContext.java
1,storm-core/src/jvm/backtype/storm/testing/AckFailDelegate.java
1,storm-core/src/jvm/backtype/storm/testing/AckFailMapTracker.java
1,storm-core/src/jvm/backtype/storm/testing/AckTracker.java
1,storm-core/src/jvm/backtype/storm/testing/BatchNumberList.java
1,storm-core/src/jvm/backtype/storm/testing/BatchProcessWord.java
1,storm-core/src/jvm/backtype/storm/testing/BatchRepeatA.java
1,storm-core/src/jvm/backtype/storm/testing/BoltTracker.java
1,storm-core/src/jvm/backtype/storm/testing/CompleteTopologyParam.java
1,storm-core/src/jvm/backtype/storm/testing/CountingBatchBolt.java
1,storm-core/src/jvm/backtype/storm/testing/CountingCommitBolt.java
1,storm-core/src/jvm/backtype/storm/testing/FeederSpout.java
1,storm-core/src/jvm/backtype/storm/testing/FixedTuple.java
1,storm-core/src/jvm/backtype/storm/testing/FixedTupleSpout.java
1,storm-core/src/jvm/backtype/storm/testing/IdentityBolt.java
1,storm-core/src/jvm/backtype/storm/testing/KeyedCountingBatchBolt.java
1,storm-core/src/jvm/backtype/storm/testing/KeyedCountingCommitterBolt.java
1,storm-core/src/jvm/backtype/storm/testing/KeyedSummingBatchBolt.java
1,storm-core/src/jvm/backtype/storm/testing/MemoryTransactionalSpout.java
1,storm-core/src/jvm/backtype/storm/testing/MemoryTransactionalSpoutMeta.java
1,storm-core/src/jvm/backtype/storm/testing/MkClusterParam.java
1,storm-core/src/jvm/backtype/storm/testing/MkTupleParam.java
1,storm-core/src/jvm/backtype/storm/testing/MockedSources.java
1,storm-core/src/jvm/backtype/storm/testing/NGrouping.java
1,storm-core/src/jvm/backtype/storm/testing/NonRichBoltTracker.java
1,storm-core/src/jvm/backtype/storm/testing/OpaqueMemoryTransactionalSpout.java
1,storm-core/src/jvm/backtype/storm/testing/PrepareBatchBolt.java
1,storm-core/src/jvm/backtype/storm/testing/SpoutTracker.java
1,storm-core/src/jvm/backtype/storm/testing/TestAggregatesCounter.java
1,storm-core/src/jvm/backtype/storm/testing/TestConfBolt.java
1,storm-core/src/jvm/backtype/storm/testing/TestGlobalCount.java
1,storm-core/src/jvm/backtype/storm/testing/TestJob.java
1,storm-core/src/jvm/backtype/storm/testing/TestKryoDecorator.java
1,storm-core/src/jvm/backtype/storm/testing/TestPlannerBolt.java
1,storm-core/src/jvm/backtype/storm/testing/TestPlannerSpout.java
1,storm-core/src/jvm/backtype/storm/testing/TestSerObject.java
1,storm-core/src/jvm/backtype/storm/testing/TestWordCounter.java
1,storm-core/src/jvm/backtype/storm/testing/TestWordSpout.java
1,storm-core/src/jvm/backtype/storm/testing/TrackedTopology.java
1,storm-core/src/jvm/backtype/storm/testing/TupleCaptureBolt.java
1,storm-core/src/jvm/backtype/storm/topology/BaseConfigurationDeclarer.java
1,storm-core/src/jvm/backtype/storm/topology/BasicBoltExecutor.java
1,storm-core/src/jvm/backtype/storm/topology/BasicOutputCollector.java
1,storm-core/src/jvm/backtype/storm/topology/BoltDeclarer.java
1,storm-core/src/jvm/backtype/storm/topology/ComponentConfigurationDeclarer.java
1,storm-core/src/jvm/backtype/storm/topology/FailedException.java
1,storm-core/src/jvm/backtype/storm/topology/IBasicBolt.java
1,storm-core/src/jvm/backtype/storm/topology/IBasicOutputCollector.java
1,storm-core/src/jvm/backtype/storm/topology/IComponent.java
1,storm-core/src/jvm/backtype/storm/topology/IRichBolt.java
1,storm-core/src/jvm/backtype/storm/topology/IRichSpout.java
1,storm-core/src/jvm/backtype/storm/topology/IRichStateSpout.java
1,storm-core/src/jvm/backtype/storm/topology/InputDeclarer.java
1,storm-core/src/jvm/backtype/storm/topology/OutputFieldsDeclarer.java
1,storm-core/src/jvm/backtype/storm/topology/OutputFieldsGetter.java
1,storm-core/src/jvm/backtype/storm/topology/ReportedFailedException.java
1,storm-core/src/jvm/backtype/storm/topology/SpoutDeclarer.java
1,storm-core/src/jvm/backtype/storm/topology/TopologyBuilder.java
1,storm-core/src/jvm/backtype/storm/topology/base/BaseBasicBolt.java
1,storm-core/src/jvm/backtype/storm/topology/base/BaseBatchBolt.java
1,storm-core/src/jvm/backtype/storm/topology/base/BaseComponent.java
1,storm-core/src/jvm/backtype/storm/topology/base/BaseOpaquePartitionedTransactionalSpout.java
1,storm-core/src/jvm/backtype/storm/topology/base/BasePartitionedTransactionalSpout.java
1,storm-core/src/jvm/backtype/storm/topology/base/BaseRichBolt.java
1,storm-core/src/jvm/backtype/storm/topology/base/BaseRichSpout.java
1,storm-core/src/jvm/backtype/storm/topology/base/BaseTransactionalBolt.java
1,storm-core/src/jvm/backtype/storm/topology/base/BaseTransactionalSpout.java
1,storm-core/src/jvm/backtype/storm/transactional/ICommitter.java
1,storm-core/src/jvm/backtype/storm/transactional/ICommitterTransactionalSpout.java
1,storm-core/src/jvm/backtype/storm/transactional/ITransactionalSpout.java
1,storm-core/src/jvm/backtype/storm/transactional/TransactionAttempt.java
1,storm-core/src/jvm/backtype/storm/transactional/TransactionalSpoutBatchExecutor.java
1,storm-core/src/jvm/backtype/storm/transactional/TransactionalSpoutCoordinator.java
1,storm-core/src/jvm/backtype/storm/transactional/TransactionalTopologyBuilder.java
1,storm-core/src/jvm/backtype/storm/transactional/partitioned/IOpaquePartitionedTransactionalSpout.java
1,storm-core/src/jvm/backtype/storm/transactional/partitioned/IPartitionedTransactionalSpout.java
1,storm-core/src/jvm/backtype/storm/transactional/partitioned/OpaquePartitionedTransactionalSpoutExecutor.java
1,storm-core/src/jvm/backtype/storm/transactional/partitioned/PartitionedTransactionalSpoutExecutor.java
1,storm-core/src/jvm/backtype/storm/transactional/state/RotatingTransactionalState.java
1,storm-core/src/jvm/backtype/storm/transactional/state/TransactionalState.java
1,storm-core/src/jvm/backtype/storm/tuple/Fields.java
1,storm-core/src/jvm/backtype/storm/tuple/MessageId.java
1,storm-core/src/jvm/backtype/storm/tuple/Tuple.java
1,storm-core/src/jvm/backtype/storm/tuple/TupleImpl.java
1,storm-core/src/jvm/backtype/storm/tuple/Values.java
1,storm-core/src/jvm/backtype/storm/utils/BufferFileInputStream.java
1,storm-core/src/jvm/backtype/storm/utils/CRC32OutputStream.java
1,storm-core/src/jvm/backtype/storm/utils/ClojureTimerTask.java
1,storm-core/src/jvm/backtype/storm/utils/Container.java
1,storm-core/src/jvm/backtype/storm/utils/DRPCClient.java
1,storm-core/src/jvm/backtype/storm/utils/DisruptorQueue.java
1,storm-core/src/jvm/backtype/storm/utils/IndifferentAccessMap.java
1,storm-core/src/jvm/backtype/storm/utils/InprocMessaging.java
1,storm-core/src/jvm/backtype/storm/utils/KeyedRoundRobinQueue.java
1,storm-core/src/jvm/backtype/storm/utils/ListDelegate.java
1,storm-core/src/jvm/backtype/storm/utils/LocalState.java
1,storm-core/src/jvm/backtype/storm/utils/MutableInt.java
1,storm-core/src/jvm/backtype/storm/utils/MutableLong.java
1,storm-core/src/jvm/backtype/storm/utils/MutableObject.java
1,storm-core/src/jvm/backtype/storm/utils/NimbusClient.java
1,storm-core/src/jvm/backtype/storm/utils/RegisteredGlobalState.java
1,storm-core/src/jvm/backtype/storm/utils/RotatingMap.java
1,storm-core/src/jvm/backtype/storm/utils/ServiceRegistry.java
1,storm-core/src/jvm/backtype/storm/utils/ShellProcess.java
1,storm-core/src/jvm/backtype/storm/utils/ThriftTopologyUtils.java
1,storm-core/src/jvm/backtype/storm/utils/Time.java
1,storm-core/src/jvm/backtype/storm/utils/TimeCacheMap.java
1,storm-core/src/jvm/backtype/storm/utils/Utils.java
1,storm-core/src/jvm/backtype/storm/utils/VersionedStore.java
1,storm-core/src/jvm/backtype/storm/utils/WindowedTimeThrottler.java
1,storm-core/src/jvm/backtype/storm/utils/WritableUtils.java
1,storm-core/src/jvm/backtype/storm/utils/ZookeeperAuthInfo.java
1,storm-core/src/jvm/storm/trident/JoinType.java
1,storm-core/src/jvm/storm/trident/Stream.java
1,storm-core/src/jvm/storm/trident/TridentState.java
1,storm-core/src/jvm/storm/trident/TridentTopology.java
1,storm-core/src/jvm/storm/trident/drpc/ReturnResultsReducer.java
1,storm-core/src/jvm/storm/trident/fluent/ChainedAggregatorDeclarer.java
1,storm-core/src/jvm/storm/trident/fluent/ChainedFullAggregatorDeclarer.java
1,storm-core/src/jvm/storm/trident/fluent/ChainedPartitionAggregatorDeclarer.java
1,storm-core/src/jvm/storm/trident/fluent/GlobalAggregationScheme.java
1,storm-core/src/jvm/storm/trident/fluent/GroupedStream.java
1,storm-core/src/jvm/storm/trident/fluent/IAggregatableStream.java
1,storm-core/src/jvm/storm/trident/fluent/IChainedAggregatorDeclarer.java
1,storm-core/src/jvm/storm/trident/fluent/UniqueIdGen.java
1,storm-core/src/jvm/storm/trident/graph/GraphGrouper.java
1,storm-core/src/jvm/storm/trident/graph/Group.java
1,storm-core/src/jvm/storm/trident/operation/Aggregator.java
1,storm-core/src/jvm/storm/trident/operation/Assembly.java
1,storm-core/src/jvm/storm/trident/operation/BaseAggregator.java
1,storm-core/src/jvm/storm/trident/operation/BaseFilter.java
1,storm-core/src/jvm/storm/trident/operation/BaseFunction.java
1,storm-core/src/jvm/storm/trident/operation/BaseMultiReducer.java
1,storm-core/src/jvm/storm/trident/operation/BaseOperation.java
1,storm-core/src/jvm/storm/trident/operation/CombinerAggregator.java
1,storm-core/src/jvm/storm/trident/operation/EachOperation.java
1,storm-core/src/jvm/storm/trident/operation/Filter.java
1,storm-core/src/jvm/storm/trident/operation/Function.java
1,storm-core/src/jvm/storm/trident/operation/GroupedMultiReducer.java
1,storm-core/src/jvm/storm/trident/operation/MultiReducer.java
1,storm-core/src/jvm/storm/trident/operation/Operation.java
1,storm-core/src/jvm/storm/trident/operation/ReducerAggregator.java
1,storm-core/src/jvm/storm/trident/operation/TridentCollector.java
1,storm-core/src/jvm/storm/trident/operation/TridentMultiReducerContext.java
1,storm-core/src/jvm/storm/trident/operation/TridentOperationContext.java
1,storm-core/src/jvm/storm/trident/operation/builtin/Count.java
1,storm-core/src/jvm/storm/trident/operation/builtin/Debug.java
1,storm-core/src/jvm/storm/trident/operation/builtin/Equals.java
1,storm-core/src/jvm/storm/trident/operation/builtin/FilterNull.java
1,storm-core/src/jvm/storm/trident/operation/builtin/FirstN.java
1,storm-core/src/jvm/storm/trident/operation/builtin/MapGet.java
1,storm-core/src/jvm/storm/trident/operation/builtin/Negate.java
1,storm-core/src/jvm/storm/trident/operation/builtin/SnapshotGet.java
1,storm-core/src/jvm/storm/trident/operation/builtin/Sum.java
1,storm-core/src/jvm/storm/trident/operation/builtin/TupleCollectionGet.java
1,storm-core/src/jvm/storm/trident/operation/impl/CaptureCollector.java
1,storm-core/src/jvm/storm/trident/operation/impl/ChainedAggregatorImpl.java
1,storm-core/src/jvm/storm/trident/operation/impl/ChainedResult.java
1,storm-core/src/jvm/storm/trident/operation/impl/CombinerAggStateUpdater.java
1,storm-core/src/jvm/storm/trident/operation/impl/CombinerAggregatorCombineImpl.java
1,storm-core/src/jvm/storm/trident/operation/impl/CombinerAggregatorInitImpl.java
1,storm-core/src/jvm/storm/trident/operation/impl/FilterExecutor.java
1,storm-core/src/jvm/storm/trident/operation/impl/GlobalBatchToPartition.java
1,storm-core/src/jvm/storm/trident/operation/impl/GroupCollector.java
1,storm-core/src/jvm/storm/trident/operation/impl/GroupedAggregator.java
1,storm-core/src/jvm/storm/trident/operation/impl/GroupedMultiReducerExecutor.java
1,storm-core/src/jvm/storm/trident/operation/impl/IdentityMultiReducer.java
1,storm-core/src/jvm/storm/trident/operation/impl/IndexHashBatchToPartition.java
1,storm-core/src/jvm/storm/trident/operation/impl/JoinerMultiReducer.java
1,storm-core/src/jvm/storm/trident/operation/impl/ReducerAggStateUpdater.java
1,storm-core/src/jvm/storm/trident/operation/impl/ReducerAggregatorImpl.java
1,storm-core/src/jvm/storm/trident/operation/impl/Result.java
1,storm-core/src/jvm/storm/trident/operation/impl/SingleEmitAggregator.java
1,storm-core/src/jvm/storm/trident/operation/impl/TrueFilter.java
1,storm-core/src/jvm/storm/trident/partition/GlobalGrouping.java
1,storm-core/src/jvm/storm/trident/partition/IdentityGrouping.java
1,storm-core/src/jvm/storm/trident/partition/IndexHashGrouping.java
1,storm-core/src/jvm/storm/trident/planner/BridgeReceiver.java
1,storm-core/src/jvm/storm/trident/planner/Node.java
1,storm-core/src/jvm/storm/trident/planner/NodeStateInfo.java
1,storm-core/src/jvm/storm/trident/planner/PartitionNode.java
1,storm-core/src/jvm/storm/trident/planner/ProcessorContext.java
1,storm-core/src/jvm/storm/trident/planner/ProcessorNode.java
1,storm-core/src/jvm/storm/trident/planner/SpoutNode.java
1,storm-core/src/jvm/storm/trident/planner/SubtopologyBolt.java
1,storm-core/src/jvm/storm/trident/planner/TridentProcessor.java
1,storm-core/src/jvm/storm/trident/planner/TupleReceiver.java
1,storm-core/src/jvm/storm/trident/planner/processor/AggregateProcessor.java
1,storm-core/src/jvm/storm/trident/planner/processor/AppendCollector.java
1,storm-core/src/jvm/storm/trident/planner/processor/EachProcessor.java
1,storm-core/src/jvm/storm/trident/planner/processor/FreshCollector.java
1,storm-core/src/jvm/storm/trident/planner/processor/MultiReducerProcessor.java
1,storm-core/src/jvm/storm/trident/planner/processor/PartitionPersistProcessor.java
1,storm-core/src/jvm/storm/trident/planner/processor/ProjectedProcessor.java
1,storm-core/src/jvm/storm/trident/planner/processor/StateQueryProcessor.java
1,storm-core/src/jvm/storm/trident/planner/processor/TridentContext.java
1,storm-core/src/jvm/storm/trident/spout/BatchSpoutExecutor.java
1,storm-core/src/jvm/storm/trident/spout/IBatchID.java
1,storm-core/src/jvm/storm/trident/spout/IBatchSpout.java
1,storm-core/src/jvm/storm/trident/spout/ICommitterTridentSpout.java
1,storm-core/src/jvm/storm/trident/spout/IOpaquePartitionedTridentSpout.java
1,storm-core/src/jvm/storm/trident/spout/IPartitionedTridentSpout.java
1,storm-core/src/jvm/storm/trident/spout/ISpoutPartition.java
1,storm-core/src/jvm/storm/trident/spout/ITridentSpout.java
1,storm-core/src/jvm/storm/trident/spout/OpaquePartitionedTridentSpoutExecutor.java
1,storm-core/src/jvm/storm/trident/spout/PartitionedTridentSpoutExecutor.java
1,storm-core/src/jvm/storm/trident/spout/RichSpoutBatchExecutor.java
1,storm-core/src/jvm/storm/trident/spout/RichSpoutBatchId.java
1,storm-core/src/jvm/storm/trident/spout/RichSpoutBatchIdSerializer.java
1,storm-core/src/jvm/storm/trident/spout/RichSpoutBatchTriggerer.java
1,storm-core/src/jvm/storm/trident/spout/TridentSpoutCoordinator.java
1,storm-core/src/jvm/storm/trident/spout/TridentSpoutExecutor.java
1,storm-core/src/jvm/storm/trident/state/BaseQueryFunction.java
1,storm-core/src/jvm/storm/trident/state/BaseStateUpdater.java
1,storm-core/src/jvm/storm/trident/state/CombinerValueUpdater.java
1,storm-core/src/jvm/storm/trident/state/ITupleCollection.java
1,storm-core/src/jvm/storm/trident/state/JSONNonTransactionalSerializer.java
1,storm-core/src/jvm/storm/trident/state/JSONOpaqueSerializer.java
1,storm-core/src/jvm/storm/trident/state/JSONTransactionalSerializer.java
1,storm-core/src/jvm/storm/trident/state/OpaqueValue.java
1,storm-core/src/jvm/storm/trident/state/QueryFunction.java
1,storm-core/src/jvm/storm/trident/state/ReadOnlyState.java
1,storm-core/src/jvm/storm/trident/state/ReducerValueUpdater.java
1,storm-core/src/jvm/storm/trident/state/Serializer.java
1,storm-core/src/jvm/storm/trident/state/State.java
1,storm-core/src/jvm/storm/trident/state/StateFactory.java
1,storm-core/src/jvm/storm/trident/state/StateSpec.java
1,storm-core/src/jvm/storm/trident/state/StateType.java
1,storm-core/src/jvm/storm/trident/state/StateUpdater.java
1,storm-core/src/jvm/storm/trident/state/TransactionalValue.java
1,storm-core/src/jvm/storm/trident/state/ValueUpdater.java
1,storm-core/src/jvm/storm/trident/state/map/CachedBatchReadsMap.java
1,storm-core/src/jvm/storm/trident/state/map/CachedMap.java
1,storm-core/src/jvm/storm/trident/state/map/IBackingMap.java
1,storm-core/src/jvm/storm/trident/state/map/MapCombinerAggStateUpdater.java
1,storm-core/src/jvm/storm/trident/state/map/MapReducerAggStateUpdater.java
1,storm-core/src/jvm/storm/trident/state/map/MapState.java
1,storm-core/src/jvm/storm/trident/state/map/MicroBatchIBackingMap.java
1,storm-core/src/jvm/storm/trident/state/map/NonTransactionalMap.java
1,storm-core/src/jvm/storm/trident/state/map/OpaqueMap.java
1,storm-core/src/jvm/storm/trident/state/map/ReadOnlyMapState.java
1,storm-core/src/jvm/storm/trident/state/map/SnapshottableMap.java
1,storm-core/src/jvm/storm/trident/state/map/TransactionalMap.java
1,storm-core/src/jvm/storm/trident/state/snapshot/ReadOnlySnapshottable.java
1,storm-core/src/jvm/storm/trident/state/snapshot/Snapshottable.java
1,storm-core/src/jvm/storm/trident/testing/CountAsAggregator.java
1,storm-core/src/jvm/storm/trident/testing/FeederBatchSpout.java
1,storm-core/src/jvm/storm/trident/testing/FeederCommitterBatchSpout.java
1,storm-core/src/jvm/storm/trident/testing/FixedBatchSpout.java
1,storm-core/src/jvm/storm/trident/testing/IFeeder.java
1,storm-core/src/jvm/storm/trident/testing/LRUMemoryMapState.java
1,storm-core/src/jvm/storm/trident/testing/MemoryBackingMap.java
1,storm-core/src/jvm/storm/trident/testing/MemoryMapState.java
1,storm-core/src/jvm/storm/trident/testing/MockTridentTuple.java
1,storm-core/src/jvm/storm/trident/testing/Split.java
1,storm-core/src/jvm/storm/trident/testing/StringLength.java
1,storm-core/src/jvm/storm/trident/testing/TrueFilter.java
1,storm-core/src/jvm/storm/trident/testing/TuplifyArgs.java
1,storm-core/src/jvm/storm/trident/topology/BatchInfo.java
1,storm-core/src/jvm/storm/trident/topology/ITridentBatchBolt.java
1,storm-core/src/jvm/storm/trident/topology/MasterBatchCoordinator.java
1,storm-core/src/jvm/storm/trident/topology/TransactionAttempt.java
1,storm-core/src/jvm/storm/trident/topology/TridentBoltExecutor.java
1,storm-core/src/jvm/storm/trident/topology/TridentTopologyBuilder.java
1,storm-core/src/jvm/storm/trident/topology/state/RotatingTransactionalState.java
1,storm-core/src/jvm/storm/trident/topology/state/TransactionalState.java
1,storm-core/src/jvm/storm/trident/tuple/ComboList.java
1,storm-core/src/jvm/storm/trident/tuple/ConsList.java
1,storm-core/src/jvm/storm/trident/tuple/TridentTuple.java
1,storm-core/src/jvm/storm/trident/tuple/TridentTupleView.java
1,storm-core/src/jvm/storm/trident/tuple/ValuePointer.java
1,storm-core/src/jvm/storm/trident/util/ErrorEdgeFactory.java
1,storm-core/src/jvm/storm/trident/util/IndexedEdge.java
1,storm-core/src/jvm/storm/trident/util/LRUMap.java
1,storm-core/src/jvm/storm/trident/util/TridentUtils.java
1,storm-netty/src/jvm/backtype/storm/messaging/netty/Client.java
1,storm-netty/src/jvm/backtype/storm/messaging/netty/Context.java
1,storm-netty/src/jvm/backtype/storm/messaging/netty/ControlMessage.java
1,storm-netty/src/jvm/backtype/storm/messaging/netty/MessageBatch.java
1,storm-netty/src/jvm/backtype/storm/messaging/netty/MessageDecoder.java
1,storm-netty/src/jvm/backtype/storm/messaging/netty/MessageEncoder.java
1,storm-netty/src/jvm/backtype/storm/messaging/netty/Server.java
1,storm-netty/src/jvm/backtype/storm/messaging/netty/StormClientHandler.java
1,storm-netty/src/jvm/backtype/storm/messaging/netty/StormClientPipelineFactory.java
1,storm-netty/src/jvm/backtype/storm/messaging/netty/StormServerHandler.java
1,storm-netty/src/jvm/backtype/storm/messaging/netty/StormServerPipelineFactory.java
2,storm-core/src/jvm/backtype/storm/Config.java
2,storm-core/src/jvm/backtype/storm/ConfigValidation.java
2,storm-core/src/jvm/backtype/storm/Constants.java
2,storm-core/src/jvm/backtype/storm/ILocalCluster.java
2,storm-core/src/jvm/backtype/storm/ILocalDRPC.java
2,storm-core/src/jvm/backtype/storm/StormSubmitter.java
2,storm-core/src/jvm/backtype/storm/clojure/ClojureBolt.java
2,storm-core/src/jvm/backtype/storm/clojure/ClojureSpout.java
2,storm-core/src/jvm/backtype/storm/clojure/RichShellBolt.java
2,storm-core/src/jvm/backtype/storm/clojure/RichShellSpout.java
2,storm-core/src/jvm/backtype/storm/coordination/BatchBoltExecutor.java
2,storm-core/src/jvm/backtype/storm/coordination/BatchOutputCollector.java
2,storm-core/src/jvm/backtype/storm/coordination/BatchOutputCollectorImpl.java
2,storm-core/src/jvm/backtype/storm/coordination/BatchSubtopologyBuilder.java
2,storm-core/src/jvm/backtype/storm/coordination/CoordinatedBolt.java
2,storm-core/src/jvm/backtype/storm/coordination/IBatchBolt.java
2,storm-core/src/jvm/backtype/storm/daemon/Shutdownable.java
2,storm-core/src/jvm/backtype/storm/drpc/DRPCInvocationsClient.java
2,storm-core/src/jvm/backtype/storm/drpc/DRPCSpout.java
2,storm-core/src/jvm/backtype/storm/drpc/JoinResult.java
2,storm-core/src/jvm/backtype/storm/drpc/KeyedFairBolt.java
2,storm-core/src/jvm/backtype/storm/drpc/LinearDRPCInputDeclarer.java
2,storm-core/src/jvm/backtype/storm/drpc/LinearDRPCTopologyBuilder.java
2,storm-core/src/jvm/backtype/storm/drpc/PrepareRequest.java
2,storm-core/src/jvm/backtype/storm/drpc/ReturnResults.java
2,storm-core/src/jvm/backtype/storm/grouping/CustomStreamGrouping.java
2,storm-core/src/jvm/backtype/storm/hooks/BaseTaskHook.java
2,storm-core/src/jvm/backtype/storm/hooks/ITaskHook.java
2,storm-core/src/jvm/backtype/storm/hooks/info/BoltAckInfo.java
2,storm-core/src/jvm/backtype/storm/hooks/info/BoltExecuteInfo.java
2,storm-core/src/jvm/backtype/storm/hooks/info/BoltFailInfo.java
2,storm-core/src/jvm/backtype/storm/hooks/info/EmitInfo.java
2,storm-core/src/jvm/backtype/storm/hooks/info/SpoutAckInfo.java
2,storm-core/src/jvm/backtype/storm/hooks/info/SpoutFailInfo.java
2,storm-core/src/jvm/backtype/storm/messaging/IConnection.java
2,storm-core/src/jvm/backtype/storm/messaging/IContext.java
2,storm-core/src/jvm/backtype/storm/messaging/TaskMessage.java
2,storm-core/src/jvm/backtype/storm/messaging/TransportFactory.java
2,storm-core/src/jvm/backtype/storm/messaging/netty/Client.java
2,storm-core/src/jvm/backtype/storm/messaging/netty/Context.java
2,storm-core/src/jvm/backtype/storm/messaging/netty/ControlMessage.java
2,storm-core/src/jvm/backtype/storm/messaging/netty/MessageBatch.java
2,storm-core/src/jvm/backtype/storm/messaging/netty/MessageDecoder.java
2,storm-core/src/jvm/backtype/storm/messaging/netty/MessageEncoder.java
2,storm-core/src/jvm/backtype/storm/messaging/netty/Server.java
2,storm-core/src/jvm/backtype/storm/messaging/netty/StormClientHandler.java
2,storm-core/src/jvm/backtype/storm/messaging/netty/StormClientPipelineFactory.java
2,storm-core/src/jvm/backtype/storm/messaging/netty/StormServerHandler.java
2,storm-core/src/jvm/backtype/storm/messaging/netty/StormServerPipelineFactory.java
2,storm-core/src/jvm/backtype/storm/metric/LoggingMetricsConsumer.java
2,storm-core/src/jvm/backtype/storm/metric/MetricsConsumerBolt.java
2,storm-core/src/jvm/backtype/storm/metric/SystemBolt.java
2,storm-core/src/jvm/backtype/storm/metric/api/AssignableMetric.java
2,storm-core/src/jvm/backtype/storm/metric/api/CombinedMetric.java
2,storm-core/src/jvm/backtype/storm/metric/api/CountMetric.java
2,storm-core/src/jvm/backtype/storm/metric/api/ICombiner.java
2,storm-core/src/jvm/backtype/storm/metric/api/IMetric.java
2,storm-core/src/jvm/backtype/storm/metric/api/IMetricsConsumer.java
2,storm-core/src/jvm/backtype/storm/metric/api/IReducer.java
2,storm-core/src/jvm/backtype/storm/metric/api/IStatefulObject.java
2,storm-core/src/jvm/backtype/storm/metric/api/MeanReducer.java
2,storm-core/src/jvm/backtype/storm/metric/api/MultiCountMetric.java
2,storm-core/src/jvm/backtype/storm/metric/api/MultiReducedMetric.java
2,storm-core/src/jvm/backtype/storm/metric/api/ReducedMetric.java
2,storm-core/src/jvm/backtype/storm/metric/api/StateMetric.java
2,storm-core/src/jvm/backtype/storm/nimbus/DefaultTopologyValidator.java
2,storm-core/src/jvm/backtype/storm/nimbus/ITopologyValidator.java
2,storm-core/src/jvm/backtype/storm/planner/CompoundSpout.java
2,storm-core/src/jvm/backtype/storm/planner/CompoundTask.java
2,storm-core/src/jvm/backtype/storm/planner/TaskBundle.java
2,storm-core/src/jvm/backtype/storm/scheduler/Cluster.java
2,storm-core/src/jvm/backtype/storm/scheduler/ExecutorDetails.java
2,storm-core/src/jvm/backtype/storm/scheduler/INimbus.java
2,storm-core/src/jvm/backtype/storm/scheduler/IScheduler.java
2,storm-core/src/jvm/backtype/storm/scheduler/ISupervisor.java
2,storm-core/src/jvm/backtype/storm/scheduler/SchedulerAssignment.java
2,storm-core/src/jvm/backtype/storm/scheduler/SchedulerAssignmentImpl.java
2,storm-core/src/jvm/backtype/storm/scheduler/SupervisorDetails.java
2,storm-core/src/jvm/backtype/storm/scheduler/Topologies.java
2,storm-core/src/jvm/backtype/storm/scheduler/TopologyDetails.java
2,storm-core/src/jvm/backtype/storm/scheduler/WorkerSlot.java
2,storm-core/src/jvm/backtype/storm/security/auth/AuthUtils.java
2,storm-core/src/jvm/backtype/storm/security/auth/IAuthorizer.java
2,storm-core/src/jvm/backtype/storm/security/auth/ITransportPlugin.java
2,storm-core/src/jvm/backtype/storm/security/auth/ReqContext.java
2,storm-core/src/jvm/backtype/storm/security/auth/SaslTransportPlugin.java
2,storm-core/src/jvm/backtype/storm/security/auth/SimpleTransportPlugin.java
2,storm-core/src/jvm/backtype/storm/security/auth/ThriftClient.java
2,storm-core/src/jvm/backtype/storm/security/auth/ThriftServer.java
2,storm-core/src/jvm/backtype/storm/security/auth/authorizer/DenyAuthorizer.java
2,storm-core/src/jvm/backtype/storm/security/auth/authorizer/NoopAuthorizer.java
2,storm-core/src/jvm/backtype/storm/security/auth/digest/ClientCallbackHandler.java
2,storm-core/src/jvm/backtype/storm/security/auth/digest/DigestSaslTransportPlugin.java
2,storm-core/src/jvm/backtype/storm/security/auth/digest/ServerCallbackHandler.java
2,storm-core/src/jvm/backtype/storm/security/serialization/BlowfishTupleSerializer.java
2,storm-core/src/jvm/backtype/storm/serialization/DefaultKryoFactory.java
2,storm-core/src/jvm/backtype/storm/serialization/IKryoDecorator.java
2,storm-core/src/jvm/backtype/storm/serialization/IKryoFactory.java
2,storm-core/src/jvm/backtype/storm/serialization/ITupleDeserializer.java
2,storm-core/src/jvm/backtype/storm/serialization/ITupleSerializer.java
2,storm-core/src/jvm/backtype/storm/serialization/KryoTupleDeserializer.java
2,storm-core/src/jvm/backtype/storm/serialization/KryoTupleSerializer.java
2,storm-core/src/jvm/backtype/storm/serialization/KryoValuesDeserializer.java
2,storm-core/src/jvm/backtype/storm/serialization/KryoValuesSerializer.java
2,storm-core/src/jvm/backtype/storm/serialization/SerializableSerializer.java
2,storm-core/src/jvm/backtype/storm/serialization/SerializationFactory.java
2,storm-core/src/jvm/backtype/storm/serialization/types/ArrayListSerializer.java
2,storm-core/src/jvm/backtype/storm/serialization/types/HashMapSerializer.java
2,storm-core/src/jvm/backtype/storm/serialization/types/HashSetSerializer.java
2,storm-core/src/jvm/backtype/storm/serialization/types/ListDelegateSerializer.java
2,storm-core/src/jvm/backtype/storm/spout/IMultiSchemableSpout.java
2,storm-core/src/jvm/backtype/storm/spout/ISchemableSpout.java
2,storm-core/src/jvm/backtype/storm/spout/ISpout.java
2,storm-core/src/jvm/backtype/storm/spout/ISpoutOutputCollector.java
2,storm-core/src/jvm/backtype/storm/spout/ISpoutWaitStrategy.java
2,storm-core/src/jvm/backtype/storm/spout/MultiScheme.java
2,storm-core/src/jvm/backtype/storm/spout/NothingEmptyEmitStrategy.java
2,storm-core/src/jvm/backtype/storm/spout/RawMultiScheme.java
2,storm-core/src/jvm/backtype/storm/spout/RawScheme.java
2,storm-core/src/jvm/backtype/storm/spout/Scheme.java
2,storm-core/src/jvm/backtype/storm/spout/SchemeAsMultiScheme.java
2,storm-core/src/jvm/backtype/storm/spout/ShellSpout.java
2,storm-core/src/jvm/backtype/storm/spout/SleepSpoutWaitStrategy.java
2,storm-core/src/jvm/backtype/storm/spout/SpoutOutputCollector.java
2,storm-core/src/jvm/backtype/storm/state/IStateSpout.java
2,storm-core/src/jvm/backtype/storm/state/IStateSpoutOutputCollector.java
2,storm-core/src/jvm/backtype/storm/state/ISubscribedState.java
2,storm-core/src/jvm/backtype/storm/state/ISynchronizeOutputCollector.java
2,storm-core/src/jvm/backtype/storm/state/StateSpoutOutputCollector.java
2,storm-core/src/jvm/backtype/storm/state/SynchronizeOutputCollector.java
2,storm-core/src/jvm/backtype/storm/task/GeneralTopologyContext.java
2,storm-core/src/jvm/backtype/storm/task/IBolt.java
2,storm-core/src/jvm/backtype/storm/task/IErrorReporter.java
2,storm-core/src/jvm/backtype/storm/task/IMetricsContext.java
2,storm-core/src/jvm/backtype/storm/task/IOutputCollector.java
2,storm-core/src/jvm/backtype/storm/task/OutputCollector.java
2,storm-core/src/jvm/backtype/storm/task/ShellBolt.java
2,storm-core/src/jvm/backtype/storm/task/TopologyContext.java
2,storm-core/src/jvm/backtype/storm/task/WorkerTopologyContext.java
2,storm-core/src/jvm/backtype/storm/testing/AckFailDelegate.java
2,storm-core/src/jvm/backtype/storm/testing/AckFailMapTracker.java
2,storm-core/src/jvm/backtype/storm/testing/AckTracker.java
2,storm-core/src/jvm/backtype/storm/testing/BatchNumberList.java
2,storm-core/src/jvm/backtype/storm/testing/BatchProcessWord.java
2,storm-core/src/jvm/backtype/storm/testing/BatchRepeatA.java
2,storm-core/src/jvm/backtype/storm/testing/BoltTracker.java
2,storm-core/src/jvm/backtype/storm/testing/CompleteTopologyParam.java
2,storm-core/src/jvm/backtype/storm/testing/CountingBatchBolt.java
2,storm-core/src/jvm/backtype/storm/testing/CountingCommitBolt.java
2,storm-core/src/jvm/backtype/storm/testing/FeederSpout.java
2,storm-core/src/jvm/backtype/storm/testing/FixedTuple.java
2,storm-core/src/jvm/backtype/storm/testing/FixedTupleSpout.java
2,storm-core/src/jvm/backtype/storm/testing/IdentityBolt.java
2,storm-core/src/jvm/backtype/storm/testing/KeyedCountingBatchBolt.java
2,storm-core/src/jvm/backtype/storm/testing/KeyedCountingCommitterBolt.java
2,storm-core/src/jvm/backtype/storm/testing/KeyedSummingBatchBolt.java
2,storm-core/src/jvm/backtype/storm/testing/MemoryTransactionalSpout.java
2,storm-core/src/jvm/backtype/storm/testing/MemoryTransactionalSpoutMeta.java
2,storm-core/src/jvm/backtype/storm/testing/MkClusterParam.java
2,storm-core/src/jvm/backtype/storm/testing/MkTupleParam.java
2,storm-core/src/jvm/backtype/storm/testing/MockedSources.java
2,storm-core/src/jvm/backtype/storm/testing/NGrouping.java
2,storm-core/src/jvm/backtype/storm/testing/NonRichBoltTracker.java
2,storm-core/src/jvm/backtype/storm/testing/OpaqueMemoryTransactionalSpout.java
2,storm-core/src/jvm/backtype/storm/testing/PrepareBatchBolt.java
2,storm-core/src/jvm/backtype/storm/testing/SpoutTracker.java
2,storm-core/src/jvm/backtype/storm/testing/TestAggregatesCounter.java
2,storm-core/src/jvm/backtype/storm/testing/TestConfBolt.java
2,storm-core/src/jvm/backtype/storm/testing/TestGlobalCount.java
2,storm-core/src/jvm/backtype/storm/testing/TestJob.java
2,storm-core/src/jvm/backtype/storm/testing/TestKryoDecorator.java
2,storm-core/src/jvm/backtype/storm/testing/TestPlannerBolt.java
2,storm-core/src/jvm/backtype/storm/testing/TestPlannerSpout.java
2,storm-core/src/jvm/backtype/storm/testing/TestSerObject.java
2,storm-core/src/jvm/backtype/storm/testing/TestWordCounter.java
2,storm-core/src/jvm/backtype/storm/testing/TestWordSpout.java
2,storm-core/src/jvm/backtype/storm/testing/TrackedTopology.java
2,storm-core/src/jvm/backtype/storm/testing/TupleCaptureBolt.java
2,storm-core/src/jvm/backtype/storm/topology/BaseConfigurationDeclarer.java
2,storm-core/src/jvm/backtype/storm/topology/BasicBoltExecutor.java
2,storm-core/src/jvm/backtype/storm/topology/BasicOutputCollector.java
2,storm-core/src/jvm/backtype/storm/topology/BoltDeclarer.java
2,storm-core/src/jvm/backtype/storm/topology/ComponentConfigurationDeclarer.java
2,storm-core/src/jvm/backtype/storm/topology/FailedException.java
2,storm-core/src/jvm/backtype/storm/topology/IBasicBolt.java
2,storm-core/src/jvm/backtype/storm/topology/IBasicOutputCollector.java
2,storm-core/src/jvm/backtype/storm/topology/IComponent.java
2,storm-core/src/jvm/backtype/storm/topology/IRichBolt.java
2,storm-core/src/jvm/backtype/storm/topology/IRichSpout.java
2,storm-core/src/jvm/backtype/storm/topology/IRichStateSpout.java
2,storm-core/src/jvm/backtype/storm/topology/InputDeclarer.java
2,storm-core/src/jvm/backtype/storm/topology/OutputFieldsDeclarer.java
2,storm-core/src/jvm/backtype/storm/topology/OutputFieldsGetter.java
2,storm-core/src/jvm/backtype/storm/topology/ReportedFailedException.java
2,storm-core/src/jvm/backtype/storm/topology/SpoutDeclarer.java
2,storm-core/src/jvm/backtype/storm/topology/TopologyBuilder.java
2,storm-core/src/jvm/backtype/storm/topology/base/BaseBasicBolt.java
2,storm-core/src/jvm/backtype/storm/topology/base/BaseBatchBolt.java
2,storm-core/src/jvm/backtype/storm/topology/base/BaseComponent.java
2,storm-core/src/jvm/backtype/storm/topology/base/BaseOpaquePartitionedTransactionalSpout.java
2,storm-core/src/jvm/backtype/storm/topology/base/BasePartitionedTransactionalSpout.java
2,storm-core/src/jvm/backtype/storm/topology/base/BaseRichBolt.java
2,storm-core/src/jvm/backtype/storm/topology/base/BaseRichSpout.java
2,storm-core/src/jvm/backtype/storm/topology/base/BaseTransactionalBolt.java
2,storm-core/src/jvm/backtype/storm/topology/base/BaseTransactionalSpout.java
2,storm-core/src/jvm/backtype/storm/transactional/ICommitter.java
2,storm-core/src/jvm/backtype/storm/transactional/ICommitterTransactionalSpout.java
2,storm-core/src/jvm/backtype/storm/transactional/ITransactionalSpout.java
2,storm-core/src/jvm/backtype/storm/transactional/TransactionAttempt.java
2,storm-core/src/jvm/backtype/storm/transactional/TransactionalSpoutBatchExecutor.java
2,storm-core/src/jvm/backtype/storm/transactional/TransactionalSpoutCoordinator.java
2,storm-core/src/jvm/backtype/storm/transactional/TransactionalTopologyBuilder.java
2,storm-core/src/jvm/backtype/storm/transactional/partitioned/IOpaquePartitionedTransactionalSpout.java
2,storm-core/src/jvm/backtype/storm/transactional/partitioned/IPartitionedTransactionalSpout.java
2,storm-core/src/jvm/backtype/storm/transactional/partitioned/OpaquePartitionedTransactionalSpoutExecutor.java
2,storm-core/src/jvm/backtype/storm/transactional/partitioned/PartitionedTransactionalSpoutExecutor.java
2,storm-core/src/jvm/backtype/storm/transactional/state/RotatingTransactionalState.java
2,storm-core/src/jvm/backtype/storm/transactional/state/TransactionalState.java
2,storm-core/src/jvm/backtype/storm/tuple/Fields.java
2,storm-core/src/jvm/backtype/storm/tuple/MessageId.java
2,storm-core/src/jvm/backtype/storm/tuple/Tuple.java
2,storm-core/src/jvm/backtype/storm/tuple/TupleImpl.java
2,storm-core/src/jvm/backtype/storm/tuple/Values.java
2,storm-core/src/jvm/backtype/storm/utils/BufferFileInputStream.java
2,storm-core/src/jvm/backtype/storm/utils/CRC32OutputStream.java
2,storm-core/src/jvm/backtype/storm/utils/ClojureTimerTask.java
2,storm-core/src/jvm/backtype/storm/utils/Container.java
2,storm-core/src/jvm/backtype/storm/utils/DRPCClient.java
2,storm-core/src/jvm/backtype/storm/utils/DisruptorQueue.java
2,storm-core/src/jvm/backtype/storm/utils/IndifferentAccessMap.java
2,storm-core/src/jvm/backtype/storm/utils/InprocMessaging.java
2,storm-core/src/jvm/backtype/storm/utils/KeyedRoundRobinQueue.java
2,storm-core/src/jvm/backtype/storm/utils/ListDelegate.java
2,storm-core/src/jvm/backtype/storm/utils/LocalState.java
2,storm-core/src/jvm/backtype/storm/utils/MutableInt.java
2,storm-core/src/jvm/backtype/storm/utils/MutableLong.java
2,storm-core/src/jvm/backtype/storm/utils/MutableObject.java
2,storm-core/src/jvm/backtype/storm/utils/NimbusClient.java
2,storm-core/src/jvm/backtype/storm/utils/RegisteredGlobalState.java
2,storm-core/src/jvm/backtype/storm/utils/RotatingMap.java
2,storm-core/src/jvm/backtype/storm/utils/ServiceRegistry.java
2,storm-core/src/jvm/backtype/storm/utils/ShellProcess.java
2,storm-core/src/jvm/backtype/storm/utils/ThriftTopologyUtils.java
2,storm-core/src/jvm/backtype/storm/utils/Time.java
2,storm-core/src/jvm/backtype/storm/utils/TimeCacheMap.java
2,storm-core/src/jvm/backtype/storm/utils/Utils.java
2,storm-core/src/jvm/backtype/storm/utils/VersionedStore.java
2,storm-core/src/jvm/backtype/storm/utils/WindowedTimeThrottler.java
2,storm-core/src/jvm/backtype/storm/utils/WritableUtils.java
2,storm-core/src/jvm/backtype/storm/utils/ZookeeperAuthInfo.java
2,storm-core/src/jvm/storm/trident/JoinType.java
2,storm-core/src/jvm/storm/trident/Stream.java
2,storm-core/src/jvm/storm/trident/TridentState.java
2,storm-core/src/jvm/storm/trident/TridentTopology.java
2,storm-core/src/jvm/storm/trident/drpc/ReturnResultsReducer.java
2,storm-core/src/jvm/storm/trident/fluent/ChainedAggregatorDeclarer.java
2,storm-core/src/jvm/storm/trident/fluent/ChainedFullAggregatorDeclarer.java
2,storm-core/src/jvm/storm/trident/fluent/ChainedPartitionAggregatorDeclarer.java
2,storm-core/src/jvm/storm/trident/fluent/GlobalAggregationScheme.java
2,storm-core/src/jvm/storm/trident/fluent/GroupedStream.java
2,storm-core/src/jvm/storm/trident/fluent/IAggregatableStream.java
2,storm-core/src/jvm/storm/trident/fluent/IChainedAggregatorDeclarer.java
2,storm-core/src/jvm/storm/trident/fluent/UniqueIdGen.java
2,storm-core/src/jvm/storm/trident/graph/GraphGrouper.java
2,storm-core/src/jvm/storm/trident/graph/Group.java
2,storm-core/src/jvm/storm/trident/operation/Aggregator.java
2,storm-core/src/jvm/storm/trident/operation/Assembly.java
2,storm-core/src/jvm/storm/trident/operation/BaseAggregator.java
2,storm-core/src/jvm/storm/trident/operation/BaseFilter.java
2,storm-core/src/jvm/storm/trident/operation/BaseFunction.java
2,storm-core/src/jvm/storm/trident/operation/BaseMultiReducer.java
2,storm-core/src/jvm/storm/trident/operation/BaseOperation.java
2,storm-core/src/jvm/storm/trident/operation/CombinerAggregator.java
2,storm-core/src/jvm/storm/trident/operation/EachOperation.java
2,storm-core/src/jvm/storm/trident/operation/Filter.java
2,storm-core/src/jvm/storm/trident/operation/Function.java
2,storm-core/src/jvm/storm/trident/operation/GroupedMultiReducer.java
2,storm-core/src/jvm/storm/trident/operation/MultiReducer.java
2,storm-core/src/jvm/storm/trident/operation/Operation.java
2,storm-core/src/jvm/storm/trident/operation/ReducerAggregator.java
2,storm-core/src/jvm/storm/trident/operation/TridentCollector.java
2,storm-core/src/jvm/storm/trident/operation/TridentMultiReducerContext.java
2,storm-core/src/jvm/storm/trident/operation/TridentOperationContext.java
2,storm-core/src/jvm/storm/trident/operation/builtin/Count.java
2,storm-core/src/jvm/storm/trident/operation/builtin/Debug.java
2,storm-core/src/jvm/storm/trident/operation/builtin/Equals.java
2,storm-core/src/jvm/storm/trident/operation/builtin/FilterNull.java
2,storm-core/src/jvm/storm/trident/operation/builtin/FirstN.java
2,storm-core/src/jvm/storm/trident/operation/builtin/MapGet.java
2,storm-core/src/jvm/storm/trident/operation/builtin/Negate.java
2,storm-core/src/jvm/storm/trident/operation/builtin/SnapshotGet.java
2,storm-core/src/jvm/storm/trident/operation/builtin/Sum.java
2,storm-core/src/jvm/storm/trident/operation/builtin/TupleCollectionGet.java
2,storm-core/src/jvm/storm/trident/operation/impl/CaptureCollector.java
2,storm-core/src/jvm/storm/trident/operation/impl/ChainedAggregatorImpl.java
2,storm-core/src/jvm/storm/trident/operation/impl/ChainedResult.java
2,storm-core/src/jvm/storm/trident/operation/impl/CombinerAggStateUpdater.java
2,storm-core/src/jvm/storm/trident/operation/impl/CombinerAggregatorCombineImpl.java
2,storm-core/src/jvm/storm/trident/operation/impl/CombinerAggregatorInitImpl.java
2,storm-core/src/jvm/storm/trident/operation/impl/FilterExecutor.java
2,storm-core/src/jvm/storm/trident/operation/impl/GlobalBatchToPartition.java
2,storm-core/src/jvm/storm/trident/operation/impl/GroupCollector.java
2,storm-core/src/jvm/storm/trident/operation/impl/GroupedAggregator.java
2,storm-core/src/jvm/storm/trident/operation/impl/GroupedMultiReducerExecutor.java
2,storm-core/src/jvm/storm/trident/operation/impl/IdentityMultiReducer.java
2,storm-core/src/jvm/storm/trident/operation/impl/IndexHashBatchToPartition.java
2,storm-core/src/jvm/storm/trident/operation/impl/JoinerMultiReducer.java
2,storm-core/src/jvm/storm/trident/operation/impl/ReducerAggStateUpdater.java
2,storm-core/src/jvm/storm/trident/operation/impl/ReducerAggregatorImpl.java
2,storm-core/src/jvm/storm/trident/operation/impl/Result.java
2,storm-core/src/jvm/storm/trident/operation/impl/SingleEmitAggregator.java
2,storm-core/src/jvm/storm/trident/operation/impl/TrueFilter.java
2,storm-core/src/jvm/storm/trident/partition/GlobalGrouping.java
2,storm-core/src/jvm/storm/trident/partition/IdentityGrouping.java
2,storm-core/src/jvm/storm/trident/partition/IndexHashGrouping.java
2,storm-core/src/jvm/storm/trident/planner/BridgeReceiver.java
2,storm-core/src/jvm/storm/trident/planner/Node.java
2,storm-core/src/jvm/storm/trident/planner/NodeStateInfo.java
2,storm-core/src/jvm/storm/trident/planner/PartitionNode.java
2,storm-core/src/jvm/storm/trident/planner/ProcessorContext.java
2,storm-core/src/jvm/storm/trident/planner/ProcessorNode.java
2,storm-core/src/jvm/storm/trident/planner/SpoutNode.java
2,storm-core/src/jvm/storm/trident/planner/SubtopologyBolt.java
2,storm-core/src/jvm/storm/trident/planner/TridentProcessor.java
2,storm-core/src/jvm/storm/trident/planner/TupleReceiver.java
2,storm-core/src/jvm/storm/trident/planner/processor/AggregateProcessor.java
2,storm-core/src/jvm/storm/trident/planner/processor/AppendCollector.java
2,storm-core/src/jvm/storm/trident/planner/processor/EachProcessor.java
2,storm-core/src/jvm/storm/trident/planner/processor/FreshCollector.java
2,storm-core/src/jvm/storm/trident/planner/processor/MultiReducerProcessor.java
2,storm-core/src/jvm/storm/trident/planner/processor/PartitionPersistProcessor.java
2,storm-core/src/jvm/storm/trident/planner/processor/ProjectedProcessor.java
2,storm-core/src/jvm/storm/trident/planner/processor/StateQueryProcessor.java
2,storm-core/src/jvm/storm/trident/planner/processor/TridentContext.java
2,storm-core/src/jvm/storm/trident/spout/BatchSpoutExecutor.java
2,storm-core/src/jvm/storm/trident/spout/IBatchID.java
2,storm-core/src/jvm/storm/trident/spout/IBatchSpout.java
2,storm-core/src/jvm/storm/trident/spout/ICommitterTridentSpout.java
2,storm-core/src/jvm/storm/trident/spout/IOpaquePartitionedTridentSpout.java
2,storm-core/src/jvm/storm/trident/spout/IPartitionedTridentSpout.java
2,storm-core/src/jvm/storm/trident/spout/ISpoutPartition.java
2,storm-core/src/jvm/storm/trident/spout/ITridentSpout.java
2,storm-core/src/jvm/storm/trident/spout/OpaquePartitionedTridentSpoutExecutor.java
2,storm-core/src/jvm/storm/trident/spout/PartitionedTridentSpoutExecutor.java
2,storm-core/src/jvm/storm/trident/spout/RichSpoutBatchExecutor.java
2,storm-core/src/jvm/storm/trident/spout/RichSpoutBatchId.java
2,storm-core/src/jvm/storm/trident/spout/RichSpoutBatchIdSerializer.java
2,storm-core/src/jvm/storm/trident/spout/RichSpoutBatchTriggerer.java
2,storm-core/src/jvm/storm/trident/spout/TridentSpoutCoordinator.java
2,storm-core/src/jvm/storm/trident/spout/TridentSpoutExecutor.java
2,storm-core/src/jvm/storm/trident/state/BaseQueryFunction.java
2,storm-core/src/jvm/storm/trident/state/BaseStateUpdater.java
2,storm-core/src/jvm/storm/trident/state/CombinerValueUpdater.java
2,storm-core/src/jvm/storm/trident/state/ITupleCollection.java
2,storm-core/src/jvm/storm/trident/state/JSONNonTransactionalSerializer.java
2,storm-core/src/jvm/storm/trident/state/JSONOpaqueSerializer.java
2,storm-core/src/jvm/storm/trident/state/JSONTransactionalSerializer.java
2,storm-core/src/jvm/storm/trident/state/OpaqueValue.java
2,storm-core/src/jvm/storm/trident/state/QueryFunction.java
2,storm-core/src/jvm/storm/trident/state/ReadOnlyState.java
2,storm-core/src/jvm/storm/trident/state/ReducerValueUpdater.java
2,storm-core/src/jvm/storm/trident/state/Serializer.java
2,storm-core/src/jvm/storm/trident/state/State.java
2,storm-core/src/jvm/storm/trident/state/StateFactory.java
2,storm-core/src/jvm/storm/trident/state/StateSpec.java
2,storm-core/src/jvm/storm/trident/state/StateType.java
2,storm-core/src/jvm/storm/trident/state/StateUpdater.java
2,storm-core/src/jvm/storm/trident/state/TransactionalValue.java
2,storm-core/src/jvm/storm/trident/state/ValueUpdater.java
2,storm-core/src/jvm/storm/trident/state/map/CachedBatchReadsMap.java
2,storm-core/src/jvm/storm/trident/state/map/CachedMap.java
2,storm-core/src/jvm/storm/trident/state/map/IBackingMap.java
2,storm-core/src/jvm/storm/trident/state/map/MapCombinerAggStateUpdater.java
2,storm-core/src/jvm/storm/trident/state/map/MapReducerAggStateUpdater.java
2,storm-core/src/jvm/storm/trident/state/map/MapState.java
2,storm-core/src/jvm/storm/trident/state/map/MicroBatchIBackingMap.java
2,storm-core/src/jvm/storm/trident/state/map/NonTransactionalMap.java
2,storm-core/src/jvm/storm/trident/state/map/OpaqueMap.java
2,storm-core/src/jvm/storm/trident/state/map/ReadOnlyMapState.java
2,storm-core/src/jvm/storm/trident/state/map/SnapshottableMap.java
2,storm-core/src/jvm/storm/trident/state/map/TransactionalMap.java
2,storm-core/src/jvm/storm/trident/state/snapshot/ReadOnlySnapshottable.java
2,storm-core/src/jvm/storm/trident/state/snapshot/Snapshottable.java
2,storm-core/src/jvm/storm/trident/testing/CountAsAggregator.java
2,storm-core/src/jvm/storm/trident/testing/FeederBatchSpout.java
2,storm-core/src/jvm/storm/trident/testing/FeederCommitterBatchSpout.java
2,storm-core/src/jvm/storm/trident/testing/FixedBatchSpout.java
2,storm-core/src/jvm/storm/trident/testing/IFeeder.java
2,storm-core/src/jvm/storm/trident/testing/LRUMemoryMapState.java
2,storm-core/src/jvm/storm/trident/testing/MemoryBackingMap.java
2,storm-core/src/jvm/storm/trident/testing/MemoryMapState.java
2,storm-core/src/jvm/storm/trident/testing/MockTridentTuple.java
2,storm-core/src/jvm/storm/trident/testing/Split.java
2,storm-core/src/jvm/storm/trident/testing/StringLength.java
2,storm-core/src/jvm/storm/trident/testing/TrueFilter.java
2,storm-core/src/jvm/storm/trident/testing/TuplifyArgs.java
2,storm-core/src/jvm/storm/trident/topology/BatchInfo.java
2,storm-core/src/jvm/storm/trident/topology/ITridentBatchBolt.java
2,storm-core/src/jvm/storm/trident/topology/MasterBatchCoordinator.java
2,storm-core/src/jvm/storm/trident/topology/TransactionAttempt.java
2,storm-core/src/jvm/storm/trident/topology/TridentBoltExecutor.java
2,storm-core/src/jvm/storm/trident/topology/TridentTopologyBuilder.java
2,storm-core/src/jvm/storm/trident/topology/state/RotatingTransactionalState.java
2,storm-core/src/jvm/storm/trident/topology/state/TransactionalState.java
2,storm-core/src/jvm/storm/trident/tuple/ComboList.java
2,storm-core/src/jvm/storm/trident/tuple/ConsList.java
2,storm-core/src/jvm/storm/trident/tuple/TridentTuple.java
2,storm-core/src/jvm/storm/trident/tuple/TridentTupleView.java
2,storm-core/src/jvm/storm/trident/tuple/ValuePointer.java
2,storm-core/src/jvm/storm/trident/util/ErrorEdgeFactory.java
2,storm-core/src/jvm/storm/trident/util/IndexedEdge.java
2,storm-core/src/jvm/storm/trident/util/LRUMap.java
2,storm-core/src/jvm/storm/trident/util/TridentUtils.java
3,external/storm-kafka/src/jvm/storm/kafka/Broker.java
3,external/storm-kafka/src/jvm/storm/kafka/BrokerHosts.java
3,external/storm-kafka/src/jvm/storm/kafka/DynamicBrokersReader.java
3,external/storm-kafka/src/jvm/storm/kafka/DynamicPartitionConnections.java
3,external/storm-kafka/src/jvm/storm/kafka/FailedFetchException.java
3,external/storm-kafka/src/jvm/storm/kafka/KafkaConfig.java
3,external/storm-kafka/src/jvm/storm/kafka/KafkaError.java
3,external/storm-kafka/src/jvm/storm/kafka/KafkaSpout.java
3,external/storm-kafka/src/jvm/storm/kafka/KafkaUtils.java
3,external/storm-kafka/src/jvm/storm/kafka/KeyValueScheme.java
3,external/storm-kafka/src/jvm/storm/kafka/KeyValueSchemeAsMultiScheme.java
3,external/storm-kafka/src/jvm/storm/kafka/Partition.java
3,external/storm-kafka/src/jvm/storm/kafka/PartitionCoordinator.java
3,external/storm-kafka/src/jvm/storm/kafka/PartitionManager.java
3,external/storm-kafka/src/jvm/storm/kafka/SpoutConfig.java
3,external/storm-kafka/src/jvm/storm/kafka/StaticCoordinator.java
3,external/storm-kafka/src/jvm/storm/kafka/StaticHosts.java
3,external/storm-kafka/src/jvm/storm/kafka/StaticPartitionConnections.java
3,external/storm-kafka/src/jvm/storm/kafka/StringKeyValueScheme.java
3,external/storm-kafka/src/jvm/storm/kafka/StringScheme.java
3,external/storm-kafka/src/jvm/storm/kafka/ZkCoordinator.java
3,external/storm-kafka/src/jvm/storm/kafka/ZkHosts.java
3,external/storm-kafka/src/jvm/storm/kafka/ZkState.java
3,external/storm-kafka/src/jvm/storm/kafka/bolt/KafkaBolt.java
3,external/storm-kafka/src/jvm/storm/kafka/trident/Coordinator.java
3,external/storm-kafka/src/jvm/storm/kafka/trident/DefaultCoordinator.java
3,external/storm-kafka/src/jvm/storm/kafka/trident/GlobalPartitionInformation.java
3,external/storm-kafka/src/jvm/storm/kafka/trident/IBatchCoordinator.java
3,external/storm-kafka/src/jvm/storm/kafka/trident/IBrokerReader.java
3,external/storm-kafka/src/jvm/storm/kafka/trident/MaxMetric.java
3,external/storm-kafka/src/jvm/storm/kafka/trident/OpaqueTridentKafkaSpout.java
3,external/storm-kafka/src/jvm/storm/kafka/trident/StaticBrokerReader.java
3,external/storm-kafka/src/jvm/storm/kafka/trident/TransactionalTridentKafkaSpout.java
3,external/storm-kafka/src/jvm/storm/kafka/trident/TridentKafkaConfig.java
3,external/storm-kafka/src/jvm/storm/kafka/trident/TridentKafkaEmitter.java
3,external/storm-kafka/src/jvm/storm/kafka/trident/ZkBrokerReader.java
3,storm-core/src/jvm/backtype/storm/Config.java
3,storm-core/src/jvm/backtype/storm/ConfigValidation.java
3,storm-core/src/jvm/backtype/storm/Constants.java
3,storm-core/src/jvm/backtype/storm/ILocalCluster.java
3,storm-core/src/jvm/backtype/storm/ILocalDRPC.java
3,storm-core/src/jvm/backtype/storm/StormSubmitter.java
3,storm-core/src/jvm/backtype/storm/clojure/ClojureBolt.java
3,storm-core/src/jvm/backtype/storm/clojure/ClojureSpout.java
3,storm-core/src/jvm/backtype/storm/clojure/RichShellBolt.java
3,storm-core/src/jvm/backtype/storm/clojure/RichShellSpout.java
3,storm-core/src/jvm/backtype/storm/coordination/BatchBoltExecutor.java
3,storm-core/src/jvm/backtype/storm/coordination/BatchOutputCollector.java
3,storm-core/src/jvm/backtype/storm/coordination/BatchOutputCollectorImpl.java
3,storm-core/src/jvm/backtype/storm/coordination/BatchSubtopologyBuilder.java
3,storm-core/src/jvm/backtype/storm/coordination/CoordinatedBolt.java
3,storm-core/src/jvm/backtype/storm/coordination/IBatchBolt.java
3,storm-core/src/jvm/backtype/storm/daemon/Shutdownable.java
3,storm-core/src/jvm/backtype/storm/drpc/DRPCInvocationsClient.java
3,storm-core/src/jvm/backtype/storm/drpc/DRPCSpout.java
3,storm-core/src/jvm/backtype/storm/drpc/JoinResult.java
3,storm-core/src/jvm/backtype/storm/drpc/KeyedFairBolt.java
3,storm-core/src/jvm/backtype/storm/drpc/LinearDRPCInputDeclarer.java
3,storm-core/src/jvm/backtype/storm/drpc/LinearDRPCTopologyBuilder.java
3,storm-core/src/jvm/backtype/storm/drpc/PrepareRequest.java
3,storm-core/src/jvm/backtype/storm/drpc/ReturnResults.java
3,storm-core/src/jvm/backtype/storm/grouping/CustomStreamGrouping.java
3,storm-core/src/jvm/backtype/storm/hooks/BaseTaskHook.java
3,storm-core/src/jvm/backtype/storm/hooks/ITaskHook.java
3,storm-core/src/jvm/backtype/storm/hooks/info/BoltAckInfo.java
3,storm-core/src/jvm/backtype/storm/hooks/info/BoltExecuteInfo.java
3,storm-core/src/jvm/backtype/storm/hooks/info/BoltFailInfo.java
3,storm-core/src/jvm/backtype/storm/hooks/info/EmitInfo.java
3,storm-core/src/jvm/backtype/storm/hooks/info/SpoutAckInfo.java
3,storm-core/src/jvm/backtype/storm/hooks/info/SpoutFailInfo.java
3,storm-core/src/jvm/backtype/storm/messaging/IConnection.java
3,storm-core/src/jvm/backtype/storm/messaging/IContext.java
3,storm-core/src/jvm/backtype/storm/messaging/TaskMessage.java
3,storm-core/src/jvm/backtype/storm/messaging/TransportFactory.java
3,storm-core/src/jvm/backtype/storm/messaging/netty/Client.java
3,storm-core/src/jvm/backtype/storm/messaging/netty/Context.java
3,storm-core/src/jvm/backtype/storm/messaging/netty/ControlMessage.java
3,storm-core/src/jvm/backtype/storm/messaging/netty/MessageBatch.java
3,storm-core/src/jvm/backtype/storm/messaging/netty/MessageDecoder.java
3,storm-core/src/jvm/backtype/storm/messaging/netty/MessageEncoder.java
3,storm-core/src/jvm/backtype/storm/messaging/netty/NettyRenameThreadFactory.java
3,storm-core/src/jvm/backtype/storm/messaging/netty/Server.java
3,storm-core/src/jvm/backtype/storm/messaging/netty/StormClientErrorHandler.java
3,storm-core/src/jvm/backtype/storm/messaging/netty/StormClientPipelineFactory.java
3,storm-core/src/jvm/backtype/storm/messaging/netty/StormServerHandler.java
3,storm-core/src/jvm/backtype/storm/messaging/netty/StormServerPipelineFactory.java
3,storm-core/src/jvm/backtype/storm/metric/LoggingMetricsConsumer.java
3,storm-core/src/jvm/backtype/storm/metric/MetricsConsumerBolt.java
3,storm-core/src/jvm/backtype/storm/metric/SystemBolt.java
3,storm-core/src/jvm/backtype/storm/metric/api/AssignableMetric.java
3,storm-core/src/jvm/backtype/storm/metric/api/CombinedMetric.java
3,storm-core/src/jvm/backtype/storm/metric/api/CountMetric.java
3,storm-core/src/jvm/backtype/storm/metric/api/ICombiner.java
3,storm-core/src/jvm/backtype/storm/metric/api/IMetric.java
3,storm-core/src/jvm/backtype/storm/metric/api/IMetricsConsumer.java
3,storm-core/src/jvm/backtype/storm/metric/api/IReducer.java
3,storm-core/src/jvm/backtype/storm/metric/api/IStatefulObject.java
3,storm-core/src/jvm/backtype/storm/metric/api/MeanReducer.java
3,storm-core/src/jvm/backtype/storm/metric/api/MultiCountMetric.java
3,storm-core/src/jvm/backtype/storm/metric/api/MultiReducedMetric.java
3,storm-core/src/jvm/backtype/storm/metric/api/ReducedMetric.java
3,storm-core/src/jvm/backtype/storm/metric/api/StateMetric.java
3,storm-core/src/jvm/backtype/storm/multilang/BoltMsg.java
3,storm-core/src/jvm/backtype/storm/multilang/ISerializer.java
3,storm-core/src/jvm/backtype/storm/multilang/JsonSerializer.java
3,storm-core/src/jvm/backtype/storm/multilang/NoOutputException.java
3,storm-core/src/jvm/backtype/storm/multilang/ShellMsg.java
3,storm-core/src/jvm/backtype/storm/multilang/SpoutMsg.java
3,storm-core/src/jvm/backtype/storm/nimbus/DefaultTopologyValidator.java
3,storm-core/src/jvm/backtype/storm/nimbus/ITopologyValidator.java
3,storm-core/src/jvm/backtype/storm/planner/CompoundSpout.java
3,storm-core/src/jvm/backtype/storm/planner/CompoundTask.java
3,storm-core/src/jvm/backtype/storm/planner/TaskBundle.java
3,storm-core/src/jvm/backtype/storm/scheduler/Cluster.java
3,storm-core/src/jvm/backtype/storm/scheduler/ExecutorDetails.java
3,storm-core/src/jvm/backtype/storm/scheduler/INimbus.java
3,storm-core/src/jvm/backtype/storm/scheduler/IScheduler.java
3,storm-core/src/jvm/backtype/storm/scheduler/ISupervisor.java
3,storm-core/src/jvm/backtype/storm/scheduler/SchedulerAssignment.java
3,storm-core/src/jvm/backtype/storm/scheduler/SchedulerAssignmentImpl.java
3,storm-core/src/jvm/backtype/storm/scheduler/SupervisorDetails.java
3,storm-core/src/jvm/backtype/storm/scheduler/Topologies.java
3,storm-core/src/jvm/backtype/storm/scheduler/TopologyDetails.java
3,storm-core/src/jvm/backtype/storm/scheduler/WorkerSlot.java
3,storm-core/src/jvm/backtype/storm/security/auth/AuthUtils.java
3,storm-core/src/jvm/backtype/storm/security/auth/IAuthorizer.java
3,storm-core/src/jvm/backtype/storm/security/auth/ITransportPlugin.java
3,storm-core/src/jvm/backtype/storm/security/auth/ReqContext.java
3,storm-core/src/jvm/backtype/storm/security/auth/SaslTransportPlugin.java
3,storm-core/src/jvm/backtype/storm/security/auth/SimpleTransportPlugin.java
3,storm-core/src/jvm/backtype/storm/security/auth/ThriftClient.java
3,storm-core/src/jvm/backtype/storm/security/auth/ThriftServer.java
3,storm-core/src/jvm/backtype/storm/security/auth/authorizer/DenyAuthorizer.java
3,storm-core/src/jvm/backtype/storm/security/auth/authorizer/NoopAuthorizer.java
3,storm-core/src/jvm/backtype/storm/security/auth/digest/ClientCallbackHandler.java
3,storm-core/src/jvm/backtype/storm/security/auth/digest/DigestSaslTransportPlugin.java
3,storm-core/src/jvm/backtype/storm/security/auth/digest/ServerCallbackHandler.java
3,storm-core/src/jvm/backtype/storm/security/serialization/BlowfishTupleSerializer.java
3,storm-core/src/jvm/backtype/storm/serialization/DefaultKryoFactory.java
3,storm-core/src/jvm/backtype/storm/serialization/IKryoDecorator.java
3,storm-core/src/jvm/backtype/storm/serialization/IKryoFactory.java
3,storm-core/src/jvm/backtype/storm/serialization/ITupleDeserializer.java
3,storm-core/src/jvm/backtype/storm/serialization/ITupleSerializer.java
3,storm-core/src/jvm/backtype/storm/serialization/KryoTupleDeserializer.java
3,storm-core/src/jvm/backtype/storm/serialization/KryoTupleSerializer.java
3,storm-core/src/jvm/backtype/storm/serialization/KryoValuesDeserializer.java
3,storm-core/src/jvm/backtype/storm/serialization/KryoValuesSerializer.java
3,storm-core/src/jvm/backtype/storm/serialization/SerializableSerializer.java
3,storm-core/src/jvm/backtype/storm/serialization/SerializationFactory.java
3,storm-core/src/jvm/backtype/storm/serialization/types/ArrayListSerializer.java
3,storm-core/src/jvm/backtype/storm/serialization/types/HashMapSerializer.java
3,storm-core/src/jvm/backtype/storm/serialization/types/HashSetSerializer.java
3,storm-core/src/jvm/backtype/storm/serialization/types/ListDelegateSerializer.java
3,storm-core/src/jvm/backtype/storm/spout/IMultiSchemableSpout.java
3,storm-core/src/jvm/backtype/storm/spout/ISchemableSpout.java
3,storm-core/src/jvm/backtype/storm/spout/ISpout.java
3,storm-core/src/jvm/backtype/storm/spout/ISpoutOutputCollector.java
3,storm-core/src/jvm/backtype/storm/spout/ISpoutWaitStrategy.java
3,storm-core/src/jvm/backtype/storm/spout/MultiScheme.java
3,storm-core/src/jvm/backtype/storm/spout/NothingEmptyEmitStrategy.java
3,storm-core/src/jvm/backtype/storm/spout/RawMultiScheme.java
3,storm-core/src/jvm/backtype/storm/spout/RawScheme.java
3,storm-core/src/jvm/backtype/storm/spout/Scheme.java
3,storm-core/src/jvm/backtype/storm/spout/SchemeAsMultiScheme.java
3,storm-core/src/jvm/backtype/storm/spout/ShellSpout.java
3,storm-core/src/jvm/backtype/storm/spout/SleepSpoutWaitStrategy.java
3,storm-core/src/jvm/backtype/storm/spout/SpoutOutputCollector.java
3,storm-core/src/jvm/backtype/storm/state/IStateSpout.java
3,storm-core/src/jvm/backtype/storm/state/IStateSpoutOutputCollector.java
3,storm-core/src/jvm/backtype/storm/state/ISubscribedState.java
3,storm-core/src/jvm/backtype/storm/state/ISynchronizeOutputCollector.java
3,storm-core/src/jvm/backtype/storm/state/StateSpoutOutputCollector.java
3,storm-core/src/jvm/backtype/storm/state/SynchronizeOutputCollector.java
3,storm-core/src/jvm/backtype/storm/task/GeneralTopologyContext.java
3,storm-core/src/jvm/backtype/storm/task/IBolt.java
3,storm-core/src/jvm/backtype/storm/task/IErrorReporter.java
3,storm-core/src/jvm/backtype/storm/task/IMetricsContext.java
3,storm-core/src/jvm/backtype/storm/task/IOutputCollector.java
3,storm-core/src/jvm/backtype/storm/task/OutputCollector.java
3,storm-core/src/jvm/backtype/storm/task/ShellBolt.java
3,storm-core/src/jvm/backtype/storm/task/TopologyContext.java
3,storm-core/src/jvm/backtype/storm/task/WorkerTopologyContext.java
3,storm-core/src/jvm/backtype/storm/testing/AckFailDelegate.java
3,storm-core/src/jvm/backtype/storm/testing/AckFailMapTracker.java
3,storm-core/src/jvm/backtype/storm/testing/AckTracker.java
3,storm-core/src/jvm/backtype/storm/testing/BatchNumberList.java
3,storm-core/src/jvm/backtype/storm/testing/BatchProcessWord.java
3,storm-core/src/jvm/backtype/storm/testing/BatchRepeatA.java
3,storm-core/src/jvm/backtype/storm/testing/BoltTracker.java
3,storm-core/src/jvm/backtype/storm/testing/CompleteTopologyParam.java
3,storm-core/src/jvm/backtype/storm/testing/CountingBatchBolt.java
3,storm-core/src/jvm/backtype/storm/testing/CountingCommitBolt.java
3,storm-core/src/jvm/backtype/storm/testing/FeederSpout.java
3,storm-core/src/jvm/backtype/storm/testing/FixedTuple.java
3,storm-core/src/jvm/backtype/storm/testing/FixedTupleSpout.java
3,storm-core/src/jvm/backtype/storm/testing/IdentityBolt.java
3,storm-core/src/jvm/backtype/storm/testing/KeyedCountingBatchBolt.java
3,storm-core/src/jvm/backtype/storm/testing/KeyedCountingCommitterBolt.java
3,storm-core/src/jvm/backtype/storm/testing/KeyedSummingBatchBolt.java
3,storm-core/src/jvm/backtype/storm/testing/MemoryTransactionalSpout.java
3,storm-core/src/jvm/backtype/storm/testing/MemoryTransactionalSpoutMeta.java
3,storm-core/src/jvm/backtype/storm/testing/MkClusterParam.java
3,storm-core/src/jvm/backtype/storm/testing/MkTupleParam.java
3,storm-core/src/jvm/backtype/storm/testing/MockedSources.java
3,storm-core/src/jvm/backtype/storm/testing/NGrouping.java
3,storm-core/src/jvm/backtype/storm/testing/NonRichBoltTracker.java
3,storm-core/src/jvm/backtype/storm/testing/OpaqueMemoryTransactionalSpout.java
3,storm-core/src/jvm/backtype/storm/testing/PrepareBatchBolt.java
3,storm-core/src/jvm/backtype/storm/testing/SpoutTracker.java
3,storm-core/src/jvm/backtype/storm/testing/TestAggregatesCounter.java
3,storm-core/src/jvm/backtype/storm/testing/TestConfBolt.java
3,storm-core/src/jvm/backtype/storm/testing/TestEventLogSpout.java
3,storm-core/src/jvm/backtype/storm/testing/TestEventOrderCheckBolt.java
3,storm-core/src/jvm/backtype/storm/testing/TestGlobalCount.java
3,storm-core/src/jvm/backtype/storm/testing/TestJob.java
3,storm-core/src/jvm/backtype/storm/testing/TestKryoDecorator.java
3,storm-core/src/jvm/backtype/storm/testing/TestPlannerBolt.java
3,storm-core/src/jvm/backtype/storm/testing/TestPlannerSpout.java
3,storm-core/src/jvm/backtype/storm/testing/TestSerObject.java
3,storm-core/src/jvm/backtype/storm/testing/TestWordCounter.java
3,storm-core/src/jvm/backtype/storm/testing/TestWordSpout.java
3,storm-core/src/jvm/backtype/storm/testing/TrackedTopology.java
3,storm-core/src/jvm/backtype/storm/testing/TupleCaptureBolt.java
3,storm-core/src/jvm/backtype/storm/topology/BaseConfigurationDeclarer.java
3,storm-core/src/jvm/backtype/storm/topology/BasicBoltExecutor.java
3,storm-core/src/jvm/backtype/storm/topology/BasicOutputCollector.java
3,storm-core/src/jvm/backtype/storm/topology/BoltDeclarer.java
3,storm-core/src/jvm/backtype/storm/topology/ComponentConfigurationDeclarer.java
3,storm-core/src/jvm/backtype/storm/topology/FailedException.java
3,storm-core/src/jvm/backtype/storm/topology/IBasicBolt.java
3,storm-core/src/jvm/backtype/storm/topology/IBasicOutputCollector.java
3,storm-core/src/jvm/backtype/storm/topology/IComponent.java
3,storm-core/src/jvm/backtype/storm/topology/IRichBolt.java
3,storm-core/src/jvm/backtype/storm/topology/IRichSpout.java
3,storm-core/src/jvm/backtype/storm/topology/IRichStateSpout.java
3,storm-core/src/jvm/backtype/storm/topology/InputDeclarer.java
3,storm-core/src/jvm/backtype/storm/topology/OutputFieldsDeclarer.java
3,storm-core/src/jvm/backtype/storm/topology/OutputFieldsGetter.java
3,storm-core/src/jvm/backtype/storm/topology/ReportedFailedException.java
3,storm-core/src/jvm/backtype/storm/topology/SpoutDeclarer.java
3,storm-core/src/jvm/backtype/storm/topology/TopologyBuilder.java
3,storm-core/src/jvm/backtype/storm/topology/base/BaseBasicBolt.java
3,storm-core/src/jvm/backtype/storm/topology/base/BaseBatchBolt.java
3,storm-core/src/jvm/backtype/storm/topology/base/BaseComponent.java
3,storm-core/src/jvm/backtype/storm/topology/base/BaseOpaquePartitionedTransactionalSpout.java
3,storm-core/src/jvm/backtype/storm/topology/base/BasePartitionedTransactionalSpout.java
3,storm-core/src/jvm/backtype/storm/topology/base/BaseRichBolt.java
3,storm-core/src/jvm/backtype/storm/topology/base/BaseRichSpout.java
3,storm-core/src/jvm/backtype/storm/topology/base/BaseTransactionalBolt.java
3,storm-core/src/jvm/backtype/storm/topology/base/BaseTransactionalSpout.java
3,storm-core/src/jvm/backtype/storm/transactional/ICommitter.java
3,storm-core/src/jvm/backtype/storm/transactional/ICommitterTransactionalSpout.java
3,storm-core/src/jvm/backtype/storm/transactional/ITransactionalSpout.java
3,storm-core/src/jvm/backtype/storm/transactional/TransactionAttempt.java
3,storm-core/src/jvm/backtype/storm/transactional/TransactionalSpoutBatchExecutor.java
3,storm-core/src/jvm/backtype/storm/transactional/TransactionalSpoutCoordinator.java
3,storm-core/src/jvm/backtype/storm/transactional/TransactionalTopologyBuilder.java
3,storm-core/src/jvm/backtype/storm/transactional/partitioned/IOpaquePartitionedTransactionalSpout.java
3,storm-core/src/jvm/backtype/storm/transactional/partitioned/IPartitionedTransactionalSpout.java
3,storm-core/src/jvm/backtype/storm/transactional/partitioned/OpaquePartitionedTransactionalSpoutExecutor.java
3,storm-core/src/jvm/backtype/storm/transactional/partitioned/PartitionedTransactionalSpoutExecutor.java
3,storm-core/src/jvm/backtype/storm/transactional/state/RotatingTransactionalState.java
3,storm-core/src/jvm/backtype/storm/transactional/state/TransactionalState.java
3,storm-core/src/jvm/backtype/storm/tuple/Fields.java
3,storm-core/src/jvm/backtype/storm/tuple/MessageId.java
3,storm-core/src/jvm/backtype/storm/tuple/Tuple.java
3,storm-core/src/jvm/backtype/storm/tuple/TupleImpl.java
3,storm-core/src/jvm/backtype/storm/tuple/Values.java
3,storm-core/src/jvm/backtype/storm/utils/BufferFileInputStream.java
3,storm-core/src/jvm/backtype/storm/utils/CRC32OutputStream.java
3,storm-core/src/jvm/backtype/storm/utils/ClojureTimerTask.java
3,storm-core/src/jvm/backtype/storm/utils/Container.java
3,storm-core/src/jvm/backtype/storm/utils/DRPCClient.java
3,storm-core/src/jvm/backtype/storm/utils/DisruptorQueue.java
3,storm-core/src/jvm/backtype/storm/utils/IndifferentAccessMap.java
3,storm-core/src/jvm/backtype/storm/utils/InprocMessaging.java
3,storm-core/src/jvm/backtype/storm/utils/KeyedRoundRobinQueue.java
3,storm-core/src/jvm/backtype/storm/utils/ListDelegate.java
3,storm-core/src/jvm/backtype/storm/utils/LocalState.java
3,storm-core/src/jvm/backtype/storm/utils/MutableInt.java
3,storm-core/src/jvm/backtype/storm/utils/MutableLong.java
3,storm-core/src/jvm/backtype/storm/utils/MutableObject.java
3,storm-core/src/jvm/backtype/storm/utils/NimbusClient.java
3,storm-core/src/jvm/backtype/storm/utils/RegisteredGlobalState.java
3,storm-core/src/jvm/backtype/storm/utils/RotatingMap.java
3,storm-core/src/jvm/backtype/storm/utils/ServiceRegistry.java
3,storm-core/src/jvm/backtype/storm/utils/ShellProcess.java
3,storm-core/src/jvm/backtype/storm/utils/ThriftTopologyUtils.java
3,storm-core/src/jvm/backtype/storm/utils/Time.java
3,storm-core/src/jvm/backtype/storm/utils/TimeCacheMap.java
3,storm-core/src/jvm/backtype/storm/utils/TransferDrainer.java
3,storm-core/src/jvm/backtype/storm/utils/Utils.java
3,storm-core/src/jvm/backtype/storm/utils/VersionedStore.java
3,storm-core/src/jvm/backtype/storm/utils/WindowedTimeThrottler.java
3,storm-core/src/jvm/backtype/storm/utils/WritableUtils.java
3,storm-core/src/jvm/backtype/storm/utils/ZookeeperAuthInfo.java
3,storm-core/src/jvm/storm/trident/JoinType.java
3,storm-core/src/jvm/storm/trident/Stream.java
3,storm-core/src/jvm/storm/trident/TridentState.java
3,storm-core/src/jvm/storm/trident/TridentTopology.java
3,storm-core/src/jvm/storm/trident/drpc/ReturnResultsReducer.java
3,storm-core/src/jvm/storm/trident/fluent/ChainedAggregatorDeclarer.java
3,storm-core/src/jvm/storm/trident/fluent/ChainedFullAggregatorDeclarer.java
3,storm-core/src/jvm/storm/trident/fluent/ChainedPartitionAggregatorDeclarer.java
3,storm-core/src/jvm/storm/trident/fluent/GlobalAggregationScheme.java
3,storm-core/src/jvm/storm/trident/fluent/GroupedStream.java
3,storm-core/src/jvm/storm/trident/fluent/IAggregatableStream.java
3,storm-core/src/jvm/storm/trident/fluent/IChainedAggregatorDeclarer.java
3,storm-core/src/jvm/storm/trident/fluent/UniqueIdGen.java
3,storm-core/src/jvm/storm/trident/graph/GraphGrouper.java
3,storm-core/src/jvm/storm/trident/graph/Group.java
3,storm-core/src/jvm/storm/trident/operation/Aggregator.java
3,storm-core/src/jvm/storm/trident/operation/Assembly.java
3,storm-core/src/jvm/storm/trident/operation/BaseAggregator.java
3,storm-core/src/jvm/storm/trident/operation/BaseFilter.java
3,storm-core/src/jvm/storm/trident/operation/BaseFunction.java
3,storm-core/src/jvm/storm/trident/operation/BaseMultiReducer.java
3,storm-core/src/jvm/storm/trident/operation/BaseOperation.java
3,storm-core/src/jvm/storm/trident/operation/CombinerAggregator.java
3,storm-core/src/jvm/storm/trident/operation/EachOperation.java
3,storm-core/src/jvm/storm/trident/operation/Filter.java
3,storm-core/src/jvm/storm/trident/operation/Function.java
3,storm-core/src/jvm/storm/trident/operation/GroupedMultiReducer.java
3,storm-core/src/jvm/storm/trident/operation/MultiReducer.java
3,storm-core/src/jvm/storm/trident/operation/Operation.java
3,storm-core/src/jvm/storm/trident/operation/ReducerAggregator.java
3,storm-core/src/jvm/storm/trident/operation/TridentCollector.java
3,storm-core/src/jvm/storm/trident/operation/TridentMultiReducerContext.java
3,storm-core/src/jvm/storm/trident/operation/TridentOperationContext.java
3,storm-core/src/jvm/storm/trident/operation/builtin/Count.java
3,storm-core/src/jvm/storm/trident/operation/builtin/Debug.java
3,storm-core/src/jvm/storm/trident/operation/builtin/Equals.java
3,storm-core/src/jvm/storm/trident/operation/builtin/FilterNull.java
3,storm-core/src/jvm/storm/trident/operation/builtin/FirstN.java
3,storm-core/src/jvm/storm/trident/operation/builtin/MapGet.java
3,storm-core/src/jvm/storm/trident/operation/builtin/Negate.java
3,storm-core/src/jvm/storm/trident/operation/builtin/SnapshotGet.java
3,storm-core/src/jvm/storm/trident/operation/builtin/Sum.java
3,storm-core/src/jvm/storm/trident/operation/builtin/TupleCollectionGet.java
3,storm-core/src/jvm/storm/trident/operation/impl/CaptureCollector.java
3,storm-core/src/jvm/storm/trident/operation/impl/ChainedAggregatorImpl.java
3,storm-core/src/jvm/storm/trident/operation/impl/ChainedResult.java
3,storm-core/src/jvm/storm/trident/operation/impl/CombinerAggStateUpdater.java
3,storm-core/src/jvm/storm/trident/operation/impl/CombinerAggregatorCombineImpl.java
3,storm-core/src/jvm/storm/trident/operation/impl/CombinerAggregatorInitImpl.java
3,storm-core/src/jvm/storm/trident/operation/impl/FilterExecutor.java
3,storm-core/src/jvm/storm/trident/operation/impl/GlobalBatchToPartition.java
3,storm-core/src/jvm/storm/trident/operation/impl/GroupCollector.java
3,storm-core/src/jvm/storm/trident/operation/impl/GroupedAggregator.java
3,storm-core/src/jvm/storm/trident/operation/impl/GroupedMultiReducerExecutor.java
3,storm-core/src/jvm/storm/trident/operation/impl/IdentityMultiReducer.java
3,storm-core/src/jvm/storm/trident/operation/impl/IndexHashBatchToPartition.java
3,storm-core/src/jvm/storm/trident/operation/impl/JoinerMultiReducer.java
3,storm-core/src/jvm/storm/trident/operation/impl/ReducerAggStateUpdater.java
3,storm-core/src/jvm/storm/trident/operation/impl/ReducerAggregatorImpl.java
3,storm-core/src/jvm/storm/trident/operation/impl/Result.java
3,storm-core/src/jvm/storm/trident/operation/impl/SingleEmitAggregator.java
3,storm-core/src/jvm/storm/trident/operation/impl/TrueFilter.java
3,storm-core/src/jvm/storm/trident/partition/GlobalGrouping.java
3,storm-core/src/jvm/storm/trident/partition/IdentityGrouping.java
3,storm-core/src/jvm/storm/trident/partition/IndexHashGrouping.java
3,storm-core/src/jvm/storm/trident/planner/BridgeReceiver.java
3,storm-core/src/jvm/storm/trident/planner/Node.java
3,storm-core/src/jvm/storm/trident/planner/NodeStateInfo.java
3,storm-core/src/jvm/storm/trident/planner/PartitionNode.java
3,storm-core/src/jvm/storm/trident/planner/ProcessorContext.java
3,storm-core/src/jvm/storm/trident/planner/ProcessorNode.java
3,storm-core/src/jvm/storm/trident/planner/SpoutNode.java
3,storm-core/src/jvm/storm/trident/planner/SubtopologyBolt.java
3,storm-core/src/jvm/storm/trident/planner/TridentProcessor.java
3,storm-core/src/jvm/storm/trident/planner/TupleReceiver.java
3,storm-core/src/jvm/storm/trident/planner/processor/AggregateProcessor.java
3,storm-core/src/jvm/storm/trident/planner/processor/AppendCollector.java
3,storm-core/src/jvm/storm/trident/planner/processor/EachProcessor.java
3,storm-core/src/jvm/storm/trident/planner/processor/FreshCollector.java
3,storm-core/src/jvm/storm/trident/planner/processor/MultiReducerProcessor.java
3,storm-core/src/jvm/storm/trident/planner/processor/PartitionPersistProcessor.java
3,storm-core/src/jvm/storm/trident/planner/processor/ProjectedProcessor.java
3,storm-core/src/jvm/storm/trident/planner/processor/StateQueryProcessor.java
3,storm-core/src/jvm/storm/trident/planner/processor/TridentContext.java
3,storm-core/src/jvm/storm/trident/spout/BatchSpoutExecutor.java
3,storm-core/src/jvm/storm/trident/spout/IBatchID.java
3,storm-core/src/jvm/storm/trident/spout/IBatchSpout.java
3,storm-core/src/jvm/storm/trident/spout/ICommitterTridentSpout.java
3,storm-core/src/jvm/storm/trident/spout/IOpaquePartitionedTridentSpout.java
3,storm-core/src/jvm/storm/trident/spout/IPartitionedTridentSpout.java
3,storm-core/src/jvm/storm/trident/spout/ISpoutPartition.java
3,storm-core/src/jvm/storm/trident/spout/ITridentSpout.java
3,storm-core/src/jvm/storm/trident/spout/OpaquePartitionedTridentSpoutExecutor.java
3,storm-core/src/jvm/storm/trident/spout/PartitionedTridentSpoutExecutor.java
3,storm-core/src/jvm/storm/trident/spout/RichSpoutBatchExecutor.java
3,storm-core/src/jvm/storm/trident/spout/RichSpoutBatchId.java
3,storm-core/src/jvm/storm/trident/spout/RichSpoutBatchIdSerializer.java
3,storm-core/src/jvm/storm/trident/spout/RichSpoutBatchTriggerer.java
3,storm-core/src/jvm/storm/trident/spout/TridentSpoutCoordinator.java
3,storm-core/src/jvm/storm/trident/spout/TridentSpoutExecutor.java
3,storm-core/src/jvm/storm/trident/state/BaseQueryFunction.java
3,storm-core/src/jvm/storm/trident/state/BaseStateUpdater.java
3,storm-core/src/jvm/storm/trident/state/CombinerValueUpdater.java
3,storm-core/src/jvm/storm/trident/state/ITupleCollection.java
3,storm-core/src/jvm/storm/trident/state/JSONNonTransactionalSerializer.java
3,storm-core/src/jvm/storm/trident/state/JSONOpaqueSerializer.java
3,storm-core/src/jvm/storm/trident/state/JSONTransactionalSerializer.java
3,storm-core/src/jvm/storm/trident/state/OpaqueValue.java
3,storm-core/src/jvm/storm/trident/state/QueryFunction.java
3,storm-core/src/jvm/storm/trident/state/ReadOnlyState.java
3,storm-core/src/jvm/storm/trident/state/ReducerValueUpdater.java
3,storm-core/src/jvm/storm/trident/state/Serializer.java
3,storm-core/src/jvm/storm/trident/state/State.java
3,storm-core/src/jvm/storm/trident/state/StateFactory.java
3,storm-core/src/jvm/storm/trident/state/StateSpec.java
3,storm-core/src/jvm/storm/trident/state/StateType.java
3,storm-core/src/jvm/storm/trident/state/StateUpdater.java
3,storm-core/src/jvm/storm/trident/state/TransactionalValue.java
3,storm-core/src/jvm/storm/trident/state/ValueUpdater.java
3,storm-core/src/jvm/storm/trident/state/map/CachedBatchReadsMap.java
3,storm-core/src/jvm/storm/trident/state/map/CachedMap.java
3,storm-core/src/jvm/storm/trident/state/map/IBackingMap.java
3,storm-core/src/jvm/storm/trident/state/map/MapCombinerAggStateUpdater.java
3,storm-core/src/jvm/storm/trident/state/map/MapReducerAggStateUpdater.java
3,storm-core/src/jvm/storm/trident/state/map/MapState.java
3,storm-core/src/jvm/storm/trident/state/map/MicroBatchIBackingMap.java
3,storm-core/src/jvm/storm/trident/state/map/NonTransactionalMap.java
3,storm-core/src/jvm/storm/trident/state/map/OpaqueMap.java
3,storm-core/src/jvm/storm/trident/state/map/ReadOnlyMapState.java
3,storm-core/src/jvm/storm/trident/state/map/RemovableMapState.java
3,storm-core/src/jvm/storm/trident/state/map/SnapshottableMap.java
3,storm-core/src/jvm/storm/trident/state/map/TransactionalMap.java
3,storm-core/src/jvm/storm/trident/state/snapshot/ReadOnlySnapshottable.java
3,storm-core/src/jvm/storm/trident/state/snapshot/Snapshottable.java
3,storm-core/src/jvm/storm/trident/testing/CountAsAggregator.java
3,storm-core/src/jvm/storm/trident/testing/FeederBatchSpout.java
3,storm-core/src/jvm/storm/trident/testing/FeederCommitterBatchSpout.java
3,storm-core/src/jvm/storm/trident/testing/FixedBatchSpout.java
3,storm-core/src/jvm/storm/trident/testing/IFeeder.java
3,storm-core/src/jvm/storm/trident/testing/LRUMemoryMapState.java
3,storm-core/src/jvm/storm/trident/testing/MemoryBackingMap.java
3,storm-core/src/jvm/storm/trident/testing/MemoryMapState.java
3,storm-core/src/jvm/storm/trident/testing/MockTridentTuple.java
3,storm-core/src/jvm/storm/trident/testing/Split.java
3,storm-core/src/jvm/storm/trident/testing/StringLength.java
3,storm-core/src/jvm/storm/trident/testing/TrueFilter.java
3,storm-core/src/jvm/storm/trident/testing/TuplifyArgs.java
3,storm-core/src/jvm/storm/trident/topology/BatchInfo.java
3,storm-core/src/jvm/storm/trident/topology/ITridentBatchBolt.java
3,storm-core/src/jvm/storm/trident/topology/MasterBatchCoordinator.java
3,storm-core/src/jvm/storm/trident/topology/TransactionAttempt.java
3,storm-core/src/jvm/storm/trident/topology/TridentBoltExecutor.java
3,storm-core/src/jvm/storm/trident/topology/TridentTopologyBuilder.java
3,storm-core/src/jvm/storm/trident/topology/state/RotatingTransactionalState.java
3,storm-core/src/jvm/storm/trident/topology/state/TransactionalState.java
3,storm-core/src/jvm/storm/trident/tuple/ComboList.java
3,storm-core/src/jvm/storm/trident/tuple/ConsList.java
3,storm-core/src/jvm/storm/trident/tuple/TridentTuple.java
3,storm-core/src/jvm/storm/trident/tuple/TridentTupleView.java
3,storm-core/src/jvm/storm/trident/tuple/ValuePointer.java
3,storm-core/src/jvm/storm/trident/util/ErrorEdgeFactory.java
3,storm-core/src/jvm/storm/trident/util/IndexedEdge.java
3,storm-core/src/jvm/storm/trident/util/LRUMap.java
3,storm-core/src/jvm/storm/trident/util/TridentUtils.java
4,external/storm-hbase/src/main/java/org/apache/storm/hbase/bolt/AbstractHBaseBolt.java
4,external/storm-hbase/src/main/java/org/apache/storm/hbase/bolt/HBaseBolt.java
4,external/storm-hbase/src/main/java/org/apache/storm/hbase/bolt/HBaseLookupBolt.java
4,external/storm-hbase/src/main/java/org/apache/storm/hbase/bolt/mapper/HBaseMapper.java
4,external/storm-hbase/src/main/java/org/apache/storm/hbase/bolt/mapper/HBaseProjectionCriteria.java
4,external/storm-hbase/src/main/java/org/apache/storm/hbase/bolt/mapper/HBaseValueMapper.java
4,external/storm-hbase/src/main/java/org/apache/storm/hbase/bolt/mapper/SimpleHBaseMapper.java
4,external/storm-hbase/src/main/java/org/apache/storm/hbase/common/ColumnList.java
4,external/storm-hbase/src/main/java/org/apache/storm/hbase/common/HBaseClient.java
4,external/storm-hbase/src/main/java/org/apache/storm/hbase/common/IColumn.java
4,external/storm-hbase/src/main/java/org/apache/storm/hbase/common/ICounter.java
4,external/storm-hbase/src/main/java/org/apache/storm/hbase/common/Utils.java
4,external/storm-hbase/src/main/java/org/apache/storm/hbase/security/HBaseSecurityUtil.java
4,external/storm-hbase/src/main/java/org/apache/storm/hbase/trident/mapper/SimpleTridentHBaseMapper.java
4,external/storm-hbase/src/main/java/org/apache/storm/hbase/trident/mapper/TridentHBaseMapper.java
4,external/storm-hbase/src/main/java/org/apache/storm/hbase/trident/state/HBaseMapState.java
4,external/storm-hbase/src/main/java/org/apache/storm/hbase/trident/state/HBaseQuery.java
4,external/storm-hbase/src/main/java/org/apache/storm/hbase/trident/state/HBaseState.java
4,external/storm-hbase/src/main/java/org/apache/storm/hbase/trident/state/HBaseStateFactory.java
4,external/storm-hbase/src/main/java/org/apache/storm/hbase/trident/state/HBaseUpdater.java
4,external/storm-hdfs/src/main/java/org/apache/storm/hdfs/bolt/AbstractHdfsBolt.java
4,external/storm-hdfs/src/main/java/org/apache/storm/hdfs/bolt/HdfsBolt.java
4,external/storm-hdfs/src/main/java/org/apache/storm/hdfs/bolt/SequenceFileBolt.java
4,external/storm-hdfs/src/main/java/org/apache/storm/hdfs/bolt/format/DefaultFileNameFormat.java
4,external/storm-hdfs/src/main/java/org/apache/storm/hdfs/bolt/format/DefaultSequenceFormat.java
4,external/storm-hdfs/src/main/java/org/apache/storm/hdfs/bolt/format/DelimitedRecordFormat.java
4,external/storm-hdfs/src/main/java/org/apache/storm/hdfs/bolt/format/FileNameFormat.java
4,external/storm-hdfs/src/main/java/org/apache/storm/hdfs/bolt/format/RecordFormat.java
4,external/storm-hdfs/src/main/java/org/apache/storm/hdfs/bolt/format/SequenceFormat.java
4,external/storm-hdfs/src/main/java/org/apache/storm/hdfs/bolt/rotation/FileRotationPolicy.java
4,external/storm-hdfs/src/main/java/org/apache/storm/hdfs/bolt/rotation/FileSizeRotationPolicy.java
4,external/storm-hdfs/src/main/java/org/apache/storm/hdfs/bolt/rotation/NoRotationPolicy.java
4,external/storm-hdfs/src/main/java/org/apache/storm/hdfs/bolt/rotation/TimedRotationPolicy.java
4,external/storm-hdfs/src/main/java/org/apache/storm/hdfs/bolt/sync/CountSyncPolicy.java
4,external/storm-hdfs/src/main/java/org/apache/storm/hdfs/bolt/sync/SyncPolicy.java
4,external/storm-hdfs/src/main/java/org/apache/storm/hdfs/common/rotation/MoveFileAction.java
4,external/storm-hdfs/src/main/java/org/apache/storm/hdfs/common/rotation/RotationAction.java
4,external/storm-hdfs/src/main/java/org/apache/storm/hdfs/common/security/HdfsSecurityUtil.java
4,external/storm-hdfs/src/main/java/org/apache/storm/hdfs/trident/HdfsState.java
4,external/storm-hdfs/src/main/java/org/apache/storm/hdfs/trident/HdfsStateFactory.java
4,external/storm-hdfs/src/main/java/org/apache/storm/hdfs/trident/HdfsUpdater.java
4,external/storm-hdfs/src/main/java/org/apache/storm/hdfs/trident/format/DefaultFileNameFormat.java
4,external/storm-hdfs/src/main/java/org/apache/storm/hdfs/trident/format/DefaultSequenceFormat.java
4,external/storm-hdfs/src/main/java/org/apache/storm/hdfs/trident/format/DelimitedRecordFormat.java
4,external/storm-hdfs/src/main/java/org/apache/storm/hdfs/trident/format/FileNameFormat.java
4,external/storm-hdfs/src/main/java/org/apache/storm/hdfs/trident/format/RecordFormat.java
4,external/storm-hdfs/src/main/java/org/apache/storm/hdfs/trident/format/SequenceFormat.java
4,external/storm-hdfs/src/main/java/org/apache/storm/hdfs/trident/rotation/FileRotationPolicy.java
4,external/storm-hdfs/src/main/java/org/apache/storm/hdfs/trident/rotation/FileSizeRotationPolicy.java
4,external/storm-hdfs/src/main/java/org/apache/storm/hdfs/trident/rotation/NoRotationPolicy.java
4,external/storm-hdfs/src/main/java/org/apache/storm/hdfs/trident/rotation/TimedRotationPolicy.java
4,external/storm-hdfs/src/main/java/org/apache/storm/hdfs/trident/sync/CountSyncPolicy.java
4,external/storm-hdfs/src/main/java/org/apache/storm/hdfs/trident/sync/SyncPolicy.java
4,external/storm-kafka/src/jvm/storm/kafka/Broker.java
4,external/storm-kafka/src/jvm/storm/kafka/BrokerHosts.java
4,external/storm-kafka/src/jvm/storm/kafka/DynamicBrokersReader.java
4,external/storm-kafka/src/jvm/storm/kafka/DynamicPartitionConnections.java
4,external/storm-kafka/src/jvm/storm/kafka/FailedFetchException.java
4,external/storm-kafka/src/jvm/storm/kafka/KafkaConfig.java
4,external/storm-kafka/src/jvm/storm/kafka/KafkaError.java
4,external/storm-kafka/src/jvm/storm/kafka/KafkaSpout.java
4,external/storm-kafka/src/jvm/storm/kafka/KafkaUtils.java
4,external/storm-kafka/src/jvm/storm/kafka/KeyValueScheme.java
4,external/storm-kafka/src/jvm/storm/kafka/KeyValueSchemeAsMultiScheme.java
4,external/storm-kafka/src/jvm/storm/kafka/Partition.java
4,external/storm-kafka/src/jvm/storm/kafka/PartitionCoordinator.java
4,external/storm-kafka/src/jvm/storm/kafka/PartitionManager.java
4,external/storm-kafka/src/jvm/storm/kafka/SpoutConfig.java
4,external/storm-kafka/src/jvm/storm/kafka/StaticCoordinator.java
4,external/storm-kafka/src/jvm/storm/kafka/StaticHosts.java
4,external/storm-kafka/src/jvm/storm/kafka/StaticPartitionConnections.java
4,external/storm-kafka/src/jvm/storm/kafka/StringKeyValueScheme.java
4,external/storm-kafka/src/jvm/storm/kafka/StringScheme.java
4,external/storm-kafka/src/jvm/storm/kafka/UpdateOffsetException.java
4,external/storm-kafka/src/jvm/storm/kafka/ZkCoordinator.java
4,external/storm-kafka/src/jvm/storm/kafka/ZkHosts.java
4,external/storm-kafka/src/jvm/storm/kafka/ZkState.java
4,external/storm-kafka/src/jvm/storm/kafka/bolt/KafkaBolt.java
4,external/storm-kafka/src/jvm/storm/kafka/bolt/mapper/FieldNameBasedTupleToKafkaMapper.java
4,external/storm-kafka/src/jvm/storm/kafka/bolt/mapper/TupleToKafkaMapper.java
4,external/storm-kafka/src/jvm/storm/kafka/bolt/selector/DefaultTopicSelector.java
4,external/storm-kafka/src/jvm/storm/kafka/bolt/selector/KafkaTopicSelector.java
4,external/storm-kafka/src/jvm/storm/kafka/trident/Coordinator.java
4,external/storm-kafka/src/jvm/storm/kafka/trident/DefaultCoordinator.java
4,external/storm-kafka/src/jvm/storm/kafka/trident/GlobalPartitionInformation.java
4,external/storm-kafka/src/jvm/storm/kafka/trident/IBatchCoordinator.java
4,external/storm-kafka/src/jvm/storm/kafka/trident/IBrokerReader.java
4,external/storm-kafka/src/jvm/storm/kafka/trident/MaxMetric.java
4,external/storm-kafka/src/jvm/storm/kafka/trident/OpaqueTridentKafkaSpout.java
4,external/storm-kafka/src/jvm/storm/kafka/trident/StaticBrokerReader.java
4,external/storm-kafka/src/jvm/storm/kafka/trident/TransactionalTridentKafkaSpout.java
4,external/storm-kafka/src/jvm/storm/kafka/trident/TridentKafkaConfig.java
4,external/storm-kafka/src/jvm/storm/kafka/trident/TridentKafkaEmitter.java
4,external/storm-kafka/src/jvm/storm/kafka/trident/TridentKafkaState.java
4,external/storm-kafka/src/jvm/storm/kafka/trident/TridentKafkaStateFactory.java
4,external/storm-kafka/src/jvm/storm/kafka/trident/TridentKafkaUpdater.java
4,external/storm-kafka/src/jvm/storm/kafka/trident/ZkBrokerReader.java
4,external/storm-kafka/src/jvm/storm/kafka/trident/mapper/FieldNameBasedTupleToKafkaMapper.java
4,external/storm-kafka/src/jvm/storm/kafka/trident/mapper/TridentTupleToKafkaMapper.java
4,external/storm-kafka/src/jvm/storm/kafka/trident/selector/DefaultTopicSelector.java
4,external/storm-kafka/src/jvm/storm/kafka/trident/selector/KafkaTopicSelector.java
4,storm-core/src/jvm/backtype/storm/Config.java
4,storm-core/src/jvm/backtype/storm/ConfigValidation.java
4,storm-core/src/jvm/backtype/storm/Constants.java
4,storm-core/src/jvm/backtype/storm/ILocalCluster.java
4,storm-core/src/jvm/backtype/storm/ILocalDRPC.java
4,storm-core/src/jvm/backtype/storm/StormSubmitter.java
4,storm-core/src/jvm/backtype/storm/clojure/ClojureBolt.java
4,storm-core/src/jvm/backtype/storm/clojure/ClojureSpout.java
4,storm-core/src/jvm/backtype/storm/clojure/RichShellBolt.java
4,storm-core/src/jvm/backtype/storm/clojure/RichShellSpout.java
4,storm-core/src/jvm/backtype/storm/coordination/BatchBoltExecutor.java
4,storm-core/src/jvm/backtype/storm/coordination/BatchOutputCollector.java
4,storm-core/src/jvm/backtype/storm/coordination/BatchOutputCollectorImpl.java
4,storm-core/src/jvm/backtype/storm/coordination/BatchSubtopologyBuilder.java
4,storm-core/src/jvm/backtype/storm/coordination/CoordinatedBolt.java
4,storm-core/src/jvm/backtype/storm/coordination/IBatchBolt.java
4,storm-core/src/jvm/backtype/storm/daemon/Shutdownable.java
4,storm-core/src/jvm/backtype/storm/drpc/DRPCInvocationsClient.java
4,storm-core/src/jvm/backtype/storm/drpc/DRPCSpout.java
4,storm-core/src/jvm/backtype/storm/drpc/JoinResult.java
4,storm-core/src/jvm/backtype/storm/drpc/KeyedFairBolt.java
4,storm-core/src/jvm/backtype/storm/drpc/LinearDRPCInputDeclarer.java
4,storm-core/src/jvm/backtype/storm/drpc/LinearDRPCTopologyBuilder.java
4,storm-core/src/jvm/backtype/storm/drpc/PrepareRequest.java
4,storm-core/src/jvm/backtype/storm/drpc/ReturnResults.java
4,storm-core/src/jvm/backtype/storm/grouping/CustomStreamGrouping.java
4,storm-core/src/jvm/backtype/storm/hooks/BaseTaskHook.java
4,storm-core/src/jvm/backtype/storm/hooks/ITaskHook.java
4,storm-core/src/jvm/backtype/storm/hooks/info/BoltAckInfo.java
4,storm-core/src/jvm/backtype/storm/hooks/info/BoltExecuteInfo.java
4,storm-core/src/jvm/backtype/storm/hooks/info/BoltFailInfo.java
4,storm-core/src/jvm/backtype/storm/hooks/info/EmitInfo.java
4,storm-core/src/jvm/backtype/storm/hooks/info/SpoutAckInfo.java
4,storm-core/src/jvm/backtype/storm/hooks/info/SpoutFailInfo.java
4,storm-core/src/jvm/backtype/storm/messaging/IConnection.java
4,storm-core/src/jvm/backtype/storm/messaging/IContext.java
4,storm-core/src/jvm/backtype/storm/messaging/TaskMessage.java
4,storm-core/src/jvm/backtype/storm/messaging/TransportFactory.java
4,storm-core/src/jvm/backtype/storm/messaging/netty/Client.java
4,storm-core/src/jvm/backtype/storm/messaging/netty/Context.java
4,storm-core/src/jvm/backtype/storm/messaging/netty/ControlMessage.java
4,storm-core/src/jvm/backtype/storm/messaging/netty/MessageBatch.java
4,storm-core/src/jvm/backtype/storm/messaging/netty/MessageDecoder.java
4,storm-core/src/jvm/backtype/storm/messaging/netty/MessageEncoder.java
4,storm-core/src/jvm/backtype/storm/messaging/netty/NettyRenameThreadFactory.java
4,storm-core/src/jvm/backtype/storm/messaging/netty/Server.java
4,storm-core/src/jvm/backtype/storm/messaging/netty/StormClientErrorHandler.java
4,storm-core/src/jvm/backtype/storm/messaging/netty/StormClientPipelineFactory.java
4,storm-core/src/jvm/backtype/storm/messaging/netty/StormServerHandler.java
4,storm-core/src/jvm/backtype/storm/messaging/netty/StormServerPipelineFactory.java
4,storm-core/src/jvm/backtype/storm/metric/LoggingMetricsConsumer.java
4,storm-core/src/jvm/backtype/storm/metric/MetricsConsumerBolt.java
4,storm-core/src/jvm/backtype/storm/metric/SystemBolt.java
4,storm-core/src/jvm/backtype/storm/metric/api/AssignableMetric.java
4,storm-core/src/jvm/backtype/storm/metric/api/CombinedMetric.java
4,storm-core/src/jvm/backtype/storm/metric/api/CountMetric.java
4,storm-core/src/jvm/backtype/storm/metric/api/ICombiner.java
4,storm-core/src/jvm/backtype/storm/metric/api/IMetric.java
4,storm-core/src/jvm/backtype/storm/metric/api/IMetricsConsumer.java
4,storm-core/src/jvm/backtype/storm/metric/api/IReducer.java
4,storm-core/src/jvm/backtype/storm/metric/api/IStatefulObject.java
4,storm-core/src/jvm/backtype/storm/metric/api/MeanReducer.java
4,storm-core/src/jvm/backtype/storm/metric/api/MultiCountMetric.java
4,storm-core/src/jvm/backtype/storm/metric/api/MultiReducedMetric.java
4,storm-core/src/jvm/backtype/storm/metric/api/ReducedMetric.java
4,storm-core/src/jvm/backtype/storm/metric/api/StateMetric.java
4,storm-core/src/jvm/backtype/storm/metric/api/rpc/AssignableShellMetric.java
4,storm-core/src/jvm/backtype/storm/metric/api/rpc/CombinedShellMetric.java
4,storm-core/src/jvm/backtype/storm/metric/api/rpc/CountShellMetric.java
4,storm-core/src/jvm/backtype/storm/metric/api/rpc/IShellMetric.java
4,storm-core/src/jvm/backtype/storm/metric/api/rpc/ReducedShellMetric.java
4,storm-core/src/jvm/backtype/storm/multilang/BoltMsg.java
4,storm-core/src/jvm/backtype/storm/multilang/ISerializer.java
4,storm-core/src/jvm/backtype/storm/multilang/JsonSerializer.java
4,storm-core/src/jvm/backtype/storm/multilang/NoOutputException.java
4,storm-core/src/jvm/backtype/storm/multilang/ShellMsg.java
4,storm-core/src/jvm/backtype/storm/multilang/SpoutMsg.java
4,storm-core/src/jvm/backtype/storm/nimbus/DefaultTopologyValidator.java
4,storm-core/src/jvm/backtype/storm/nimbus/ITopologyValidator.java
4,storm-core/src/jvm/backtype/storm/planner/CompoundSpout.java
4,storm-core/src/jvm/backtype/storm/planner/CompoundTask.java
4,storm-core/src/jvm/backtype/storm/planner/TaskBundle.java
4,storm-core/src/jvm/backtype/storm/scheduler/Cluster.java
4,storm-core/src/jvm/backtype/storm/scheduler/ExecutorDetails.java
4,storm-core/src/jvm/backtype/storm/scheduler/INimbus.java
4,storm-core/src/jvm/backtype/storm/scheduler/IScheduler.java
4,storm-core/src/jvm/backtype/storm/scheduler/ISupervisor.java
4,storm-core/src/jvm/backtype/storm/scheduler/SchedulerAssignment.java
4,storm-core/src/jvm/backtype/storm/scheduler/SchedulerAssignmentImpl.java
4,storm-core/src/jvm/backtype/storm/scheduler/SupervisorDetails.java
4,storm-core/src/jvm/backtype/storm/scheduler/Topologies.java
4,storm-core/src/jvm/backtype/storm/scheduler/TopologyDetails.java
4,storm-core/src/jvm/backtype/storm/scheduler/WorkerSlot.java
4,storm-core/src/jvm/backtype/storm/security/auth/AuthUtils.java
4,storm-core/src/jvm/backtype/storm/security/auth/IAuthorizer.java
4,storm-core/src/jvm/backtype/storm/security/auth/ITransportPlugin.java
4,storm-core/src/jvm/backtype/storm/security/auth/ReqContext.java
4,storm-core/src/jvm/backtype/storm/security/auth/SaslTransportPlugin.java
4,storm-core/src/jvm/backtype/storm/security/auth/SimpleTransportPlugin.java
4,storm-core/src/jvm/backtype/storm/security/auth/ThriftClient.java
4,storm-core/src/jvm/backtype/storm/security/auth/ThriftServer.java
4,storm-core/src/jvm/backtype/storm/security/auth/authorizer/DenyAuthorizer.java
4,storm-core/src/jvm/backtype/storm/security/auth/authorizer/NoopAuthorizer.java
4,storm-core/src/jvm/backtype/storm/security/auth/digest/ClientCallbackHandler.java
4,storm-core/src/jvm/backtype/storm/security/auth/digest/DigestSaslTransportPlugin.java
4,storm-core/src/jvm/backtype/storm/security/auth/digest/ServerCallbackHandler.java
4,storm-core/src/jvm/backtype/storm/security/serialization/BlowfishTupleSerializer.java
4,storm-core/src/jvm/backtype/storm/serialization/DefaultKryoFactory.java
4,storm-core/src/jvm/backtype/storm/serialization/DefaultSerializationDelegate.java
4,storm-core/src/jvm/backtype/storm/serialization/GzipBridgeSerializationDelegate.java
4,storm-core/src/jvm/backtype/storm/serialization/GzipSerializationDelegate.java
4,storm-core/src/jvm/backtype/storm/serialization/IKryoDecorator.java
4,storm-core/src/jvm/backtype/storm/serialization/IKryoFactory.java
4,storm-core/src/jvm/backtype/storm/serialization/ITupleDeserializer.java
4,storm-core/src/jvm/backtype/storm/serialization/ITupleSerializer.java
4,storm-core/src/jvm/backtype/storm/serialization/KryoTupleDeserializer.java
4,storm-core/src/jvm/backtype/storm/serialization/KryoTupleSerializer.java
4,storm-core/src/jvm/backtype/storm/serialization/KryoValuesDeserializer.java
4,storm-core/src/jvm/backtype/storm/serialization/KryoValuesSerializer.java
4,storm-core/src/jvm/backtype/storm/serialization/SerializableSerializer.java
4,storm-core/src/jvm/backtype/storm/serialization/SerializationDelegate.java
4,storm-core/src/jvm/backtype/storm/serialization/SerializationFactory.java
4,storm-core/src/jvm/backtype/storm/serialization/types/ArrayListSerializer.java
4,storm-core/src/jvm/backtype/storm/serialization/types/HashMapSerializer.java
4,storm-core/src/jvm/backtype/storm/serialization/types/HashSetSerializer.java
4,storm-core/src/jvm/backtype/storm/serialization/types/ListDelegateSerializer.java
4,storm-core/src/jvm/backtype/storm/spout/IMultiSchemableSpout.java
4,storm-core/src/jvm/backtype/storm/spout/ISchemableSpout.java
4,storm-core/src/jvm/backtype/storm/spout/ISpout.java
4,storm-core/src/jvm/backtype/storm/spout/ISpoutOutputCollector.java
4,storm-core/src/jvm/backtype/storm/spout/ISpoutWaitStrategy.java
4,storm-core/src/jvm/backtype/storm/spout/MultiScheme.java
4,storm-core/src/jvm/backtype/storm/spout/NothingEmptyEmitStrategy.java
4,storm-core/src/jvm/backtype/storm/spout/RawMultiScheme.java
4,storm-core/src/jvm/backtype/storm/spout/RawScheme.java
4,storm-core/src/jvm/backtype/storm/spout/Scheme.java
4,storm-core/src/jvm/backtype/storm/spout/SchemeAsMultiScheme.java
4,storm-core/src/jvm/backtype/storm/spout/ShellSpout.java
4,storm-core/src/jvm/backtype/storm/spout/SleepSpoutWaitStrategy.java
4,storm-core/src/jvm/backtype/storm/spout/SpoutOutputCollector.java
4,storm-core/src/jvm/backtype/storm/state/IStateSpout.java
4,storm-core/src/jvm/backtype/storm/state/IStateSpoutOutputCollector.java
4,storm-core/src/jvm/backtype/storm/state/ISubscribedState.java
4,storm-core/src/jvm/backtype/storm/state/ISynchronizeOutputCollector.java
4,storm-core/src/jvm/backtype/storm/state/StateSpoutOutputCollector.java
4,storm-core/src/jvm/backtype/storm/state/SynchronizeOutputCollector.java
4,storm-core/src/jvm/backtype/storm/task/GeneralTopologyContext.java
4,storm-core/src/jvm/backtype/storm/task/IBolt.java
4,storm-core/src/jvm/backtype/storm/task/IErrorReporter.java
4,storm-core/src/jvm/backtype/storm/task/IMetricsContext.java
4,storm-core/src/jvm/backtype/storm/task/IOutputCollector.java
4,storm-core/src/jvm/backtype/storm/task/OutputCollector.java
4,storm-core/src/jvm/backtype/storm/task/ShellBolt.java
4,storm-core/src/jvm/backtype/storm/task/TopologyContext.java
4,storm-core/src/jvm/backtype/storm/task/WorkerTopologyContext.java
4,storm-core/src/jvm/backtype/storm/testing/AckFailDelegate.java
4,storm-core/src/jvm/backtype/storm/testing/AckFailMapTracker.java
4,storm-core/src/jvm/backtype/storm/testing/AckTracker.java
4,storm-core/src/jvm/backtype/storm/testing/BatchNumberList.java
4,storm-core/src/jvm/backtype/storm/testing/BatchProcessWord.java
4,storm-core/src/jvm/backtype/storm/testing/BatchRepeatA.java
4,storm-core/src/jvm/backtype/storm/testing/BoltTracker.java
4,storm-core/src/jvm/backtype/storm/testing/CompleteTopologyParam.java
4,storm-core/src/jvm/backtype/storm/testing/CountingBatchBolt.java
4,storm-core/src/jvm/backtype/storm/testing/CountingCommitBolt.java
4,storm-core/src/jvm/backtype/storm/testing/FeederSpout.java
4,storm-core/src/jvm/backtype/storm/testing/FixedTuple.java
4,storm-core/src/jvm/backtype/storm/testing/FixedTupleSpout.java
4,storm-core/src/jvm/backtype/storm/testing/IdentityBolt.java
4,storm-core/src/jvm/backtype/storm/testing/KeyedCountingBatchBolt.java
4,storm-core/src/jvm/backtype/storm/testing/KeyedCountingCommitterBolt.java
4,storm-core/src/jvm/backtype/storm/testing/KeyedSummingBatchBolt.java
4,storm-core/src/jvm/backtype/storm/testing/MemoryTransactionalSpout.java
4,storm-core/src/jvm/backtype/storm/testing/MemoryTransactionalSpoutMeta.java
4,storm-core/src/jvm/backtype/storm/testing/MkClusterParam.java
4,storm-core/src/jvm/backtype/storm/testing/MkTupleParam.java
4,storm-core/src/jvm/backtype/storm/testing/MockedSources.java
4,storm-core/src/jvm/backtype/storm/testing/NGrouping.java
4,storm-core/src/jvm/backtype/storm/testing/NonRichBoltTracker.java
4,storm-core/src/jvm/backtype/storm/testing/OpaqueMemoryTransactionalSpout.java
4,storm-core/src/jvm/backtype/storm/testing/PrepareBatchBolt.java
4,storm-core/src/jvm/backtype/storm/testing/PythonShellMetricsBolt.java
4,storm-core/src/jvm/backtype/storm/testing/PythonShellMetricsSpout.java
4,storm-core/src/jvm/backtype/storm/testing/SpoutTracker.java
4,storm-core/src/jvm/backtype/storm/testing/TestAggregatesCounter.java
4,storm-core/src/jvm/backtype/storm/testing/TestConfBolt.java
4,storm-core/src/jvm/backtype/storm/testing/TestEventLogSpout.java
4,storm-core/src/jvm/backtype/storm/testing/TestEventOrderCheckBolt.java
4,storm-core/src/jvm/backtype/storm/testing/TestGlobalCount.java
4,storm-core/src/jvm/backtype/storm/testing/TestJob.java
4,storm-core/src/jvm/backtype/storm/testing/TestKryoDecorator.java
4,storm-core/src/jvm/backtype/storm/testing/TestPlannerBolt.java
4,storm-core/src/jvm/backtype/storm/testing/TestPlannerSpout.java
4,storm-core/src/jvm/backtype/storm/testing/TestSerObject.java
4,storm-core/src/jvm/backtype/storm/testing/TestWordCounter.java
4,storm-core/src/jvm/backtype/storm/testing/TestWordSpout.java
4,storm-core/src/jvm/backtype/storm/testing/TrackedTopology.java
4,storm-core/src/jvm/backtype/storm/testing/TupleCaptureBolt.java
4,storm-core/src/jvm/backtype/storm/topology/BaseConfigurationDeclarer.java
4,storm-core/src/jvm/backtype/storm/topology/BasicBoltExecutor.java
4,storm-core/src/jvm/backtype/storm/topology/BasicOutputCollector.java
4,storm-core/src/jvm/backtype/storm/topology/BoltDeclarer.java
4,storm-core/src/jvm/backtype/storm/topology/ComponentConfigurationDeclarer.java
4,storm-core/src/jvm/backtype/storm/topology/FailedException.java
4,storm-core/src/jvm/backtype/storm/topology/IBasicBolt.java
4,storm-core/src/jvm/backtype/storm/topology/IBasicOutputCollector.java
4,storm-core/src/jvm/backtype/storm/topology/IComponent.java
4,storm-core/src/jvm/backtype/storm/topology/IRichBolt.java
4,storm-core/src/jvm/backtype/storm/topology/IRichSpout.java
4,storm-core/src/jvm/backtype/storm/topology/IRichStateSpout.java
4,storm-core/src/jvm/backtype/storm/topology/InputDeclarer.java
4,storm-core/src/jvm/backtype/storm/topology/OutputFieldsDeclarer.java
4,storm-core/src/jvm/backtype/storm/topology/OutputFieldsGetter.java
4,storm-core/src/jvm/backtype/storm/topology/ReportedFailedException.java
4,storm-core/src/jvm/backtype/storm/topology/SpoutDeclarer.java
4,storm-core/src/jvm/backtype/storm/topology/TopologyBuilder.java
4,storm-core/src/jvm/backtype/storm/topology/base/BaseBasicBolt.java
4,storm-core/src/jvm/backtype/storm/topology/base/BaseBatchBolt.java
4,storm-core/src/jvm/backtype/storm/topology/base/BaseComponent.java
4,storm-core/src/jvm/backtype/storm/topology/base/BaseOpaquePartitionedTransactionalSpout.java
4,storm-core/src/jvm/backtype/storm/topology/base/BasePartitionedTransactionalSpout.java
4,storm-core/src/jvm/backtype/storm/topology/base/BaseRichBolt.java
4,storm-core/src/jvm/backtype/storm/topology/base/BaseRichSpout.java
4,storm-core/src/jvm/backtype/storm/topology/base/BaseTransactionalBolt.java
4,storm-core/src/jvm/backtype/storm/topology/base/BaseTransactionalSpout.java
4,storm-core/src/jvm/backtype/storm/transactional/ICommitter.java
4,storm-core/src/jvm/backtype/storm/transactional/ICommitterTransactionalSpout.java
4,storm-core/src/jvm/backtype/storm/transactional/ITransactionalSpout.java
4,storm-core/src/jvm/backtype/storm/transactional/TransactionAttempt.java
4,storm-core/src/jvm/backtype/storm/transactional/TransactionalSpoutBatchExecutor.java
4,storm-core/src/jvm/backtype/storm/transactional/TransactionalSpoutCoordinator.java
4,storm-core/src/jvm/backtype/storm/transactional/TransactionalTopologyBuilder.java
4,storm-core/src/jvm/backtype/storm/transactional/partitioned/IOpaquePartitionedTransactionalSpout.java
4,storm-core/src/jvm/backtype/storm/transactional/partitioned/IPartitionedTransactionalSpout.java
4,storm-core/src/jvm/backtype/storm/transactional/partitioned/OpaquePartitionedTransactionalSpoutExecutor.java
4,storm-core/src/jvm/backtype/storm/transactional/partitioned/PartitionedTransactionalSpoutExecutor.java
4,storm-core/src/jvm/backtype/storm/transactional/state/RotatingTransactionalState.java
4,storm-core/src/jvm/backtype/storm/transactional/state/TransactionalState.java
4,storm-core/src/jvm/backtype/storm/tuple/Fields.java
4,storm-core/src/jvm/backtype/storm/tuple/ITuple.java
4,storm-core/src/jvm/backtype/storm/tuple/MessageId.java
4,storm-core/src/jvm/backtype/storm/tuple/Tuple.java
4,storm-core/src/jvm/backtype/storm/tuple/TupleImpl.java
4,storm-core/src/jvm/backtype/storm/tuple/Values.java
4,storm-core/src/jvm/backtype/storm/ui/InvalidRequestException.java
4,storm-core/src/jvm/backtype/storm/utils/BufferFileInputStream.java
4,storm-core/src/jvm/backtype/storm/utils/CRC32OutputStream.java
4,storm-core/src/jvm/backtype/storm/utils/ClojureTimerTask.java
4,storm-core/src/jvm/backtype/storm/utils/Container.java
4,storm-core/src/jvm/backtype/storm/utils/DRPCClient.java
4,storm-core/src/jvm/backtype/storm/utils/DisruptorQueue.java
4,storm-core/src/jvm/backtype/storm/utils/IndifferentAccessMap.java
4,storm-core/src/jvm/backtype/storm/utils/InprocMessaging.java
4,storm-core/src/jvm/backtype/storm/utils/KeyedRoundRobinQueue.java
4,storm-core/src/jvm/backtype/storm/utils/ListDelegate.java
4,storm-core/src/jvm/backtype/storm/utils/LocalState.java
4,storm-core/src/jvm/backtype/storm/utils/Monitor.java
4,storm-core/src/jvm/backtype/storm/utils/MutableInt.java
4,storm-core/src/jvm/backtype/storm/utils/MutableLong.java
4,storm-core/src/jvm/backtype/storm/utils/MutableObject.java
4,storm-core/src/jvm/backtype/storm/utils/NimbusClient.java
4,storm-core/src/jvm/backtype/storm/utils/RegisteredGlobalState.java
4,storm-core/src/jvm/backtype/storm/utils/RotatingMap.java
4,storm-core/src/jvm/backtype/storm/utils/ServiceRegistry.java
4,storm-core/src/jvm/backtype/storm/utils/ShellProcess.java
4,storm-core/src/jvm/backtype/storm/utils/StormBoundedExponentialBackoffRetry.java
4,storm-core/src/jvm/backtype/storm/utils/ThriftTopologyUtils.java
4,storm-core/src/jvm/backtype/storm/utils/Time.java
4,storm-core/src/jvm/backtype/storm/utils/TimeCacheMap.java
4,storm-core/src/jvm/backtype/storm/utils/TransferDrainer.java
4,storm-core/src/jvm/backtype/storm/utils/Utils.java
4,storm-core/src/jvm/backtype/storm/utils/VersionedStore.java
4,storm-core/src/jvm/backtype/storm/utils/WindowedTimeThrottler.java
4,storm-core/src/jvm/backtype/storm/utils/WritableUtils.java
4,storm-core/src/jvm/backtype/storm/utils/ZookeeperAuthInfo.java
4,storm-core/src/jvm/storm/trident/JoinType.java
4,storm-core/src/jvm/storm/trident/Stream.java
4,storm-core/src/jvm/storm/trident/TridentState.java
4,storm-core/src/jvm/storm/trident/TridentTopology.java
4,storm-core/src/jvm/storm/trident/drpc/ReturnResultsReducer.java
4,storm-core/src/jvm/storm/trident/fluent/ChainedAggregatorDeclarer.java
4,storm-core/src/jvm/storm/trident/fluent/ChainedFullAggregatorDeclarer.java
4,storm-core/src/jvm/storm/trident/fluent/ChainedPartitionAggregatorDeclarer.java
4,storm-core/src/jvm/storm/trident/fluent/GlobalAggregationScheme.java
4,storm-core/src/jvm/storm/trident/fluent/GroupedStream.java
4,storm-core/src/jvm/storm/trident/fluent/IAggregatableStream.java
4,storm-core/src/jvm/storm/trident/fluent/IChainedAggregatorDeclarer.java
4,storm-core/src/jvm/storm/trident/fluent/UniqueIdGen.java
4,storm-core/src/jvm/storm/trident/graph/GraphGrouper.java
4,storm-core/src/jvm/storm/trident/graph/Group.java
4,storm-core/src/jvm/storm/trident/operation/Aggregator.java
4,storm-core/src/jvm/storm/trident/operation/Assembly.java
4,storm-core/src/jvm/storm/trident/operation/BaseAggregator.java
4,storm-core/src/jvm/storm/trident/operation/BaseFilter.java
4,storm-core/src/jvm/storm/trident/operation/BaseFunction.java
4,storm-core/src/jvm/storm/trident/operation/BaseMultiReducer.java
4,storm-core/src/jvm/storm/trident/operation/BaseOperation.java
4,storm-core/src/jvm/storm/trident/operation/CombinerAggregator.java
4,storm-core/src/jvm/storm/trident/operation/EachOperation.java
4,storm-core/src/jvm/storm/trident/operation/Filter.java
4,storm-core/src/jvm/storm/trident/operation/Function.java
4,storm-core/src/jvm/storm/trident/operation/GroupedMultiReducer.java
4,storm-core/src/jvm/storm/trident/operation/MultiReducer.java
4,storm-core/src/jvm/storm/trident/operation/Operation.java
4,storm-core/src/jvm/storm/trident/operation/ReducerAggregator.java
4,storm-core/src/jvm/storm/trident/operation/TridentCollector.java
4,storm-core/src/jvm/storm/trident/operation/TridentMultiReducerContext.java
4,storm-core/src/jvm/storm/trident/operation/TridentOperationContext.java
4,storm-core/src/jvm/storm/trident/operation/builtin/Count.java
4,storm-core/src/jvm/storm/trident/operation/builtin/Debug.java
4,storm-core/src/jvm/storm/trident/operation/builtin/Equals.java
4,storm-core/src/jvm/storm/trident/operation/builtin/FilterNull.java
4,storm-core/src/jvm/storm/trident/operation/builtin/FirstN.java
4,storm-core/src/jvm/storm/trident/operation/builtin/MapGet.java
4,storm-core/src/jvm/storm/trident/operation/builtin/Negate.java
4,storm-core/src/jvm/storm/trident/operation/builtin/SnapshotGet.java
4,storm-core/src/jvm/storm/trident/operation/builtin/Sum.java
4,storm-core/src/jvm/storm/trident/operation/builtin/TupleCollectionGet.java
4,storm-core/src/jvm/storm/trident/operation/impl/CaptureCollector.java
4,storm-core/src/jvm/storm/trident/operation/impl/ChainedAggregatorImpl.java
4,storm-core/src/jvm/storm/trident/operation/impl/ChainedResult.java
4,storm-core/src/jvm/storm/trident/operation/impl/CombinerAggStateUpdater.java
4,storm-core/src/jvm/storm/trident/operation/impl/CombinerAggregatorCombineImpl.java
4,storm-core/src/jvm/storm/trident/operation/impl/CombinerAggregatorInitImpl.java
4,storm-core/src/jvm/storm/trident/operation/impl/FilterExecutor.java
4,storm-core/src/jvm/storm/trident/operation/impl/GlobalBatchToPartition.java
4,storm-core/src/jvm/storm/trident/operation/impl/GroupCollector.java
4,storm-core/src/jvm/storm/trident/operation/impl/GroupedAggregator.java
4,storm-core/src/jvm/storm/trident/operation/impl/GroupedMultiReducerExecutor.java
4,storm-core/src/jvm/storm/trident/operation/impl/IdentityMultiReducer.java
4,storm-core/src/jvm/storm/trident/operation/impl/IndexHashBatchToPartition.java
4,storm-core/src/jvm/storm/trident/operation/impl/JoinerMultiReducer.java
4,storm-core/src/jvm/storm/trident/operation/impl/ReducerAggStateUpdater.java
4,storm-core/src/jvm/storm/trident/operation/impl/ReducerAggregatorImpl.java
4,storm-core/src/jvm/storm/trident/operation/impl/Result.java
4,storm-core/src/jvm/storm/trident/operation/impl/SingleEmitAggregator.java
4,storm-core/src/jvm/storm/trident/operation/impl/TrueFilter.java
4,storm-core/src/jvm/storm/trident/partition/GlobalGrouping.java
4,storm-core/src/jvm/storm/trident/partition/IdentityGrouping.java
4,storm-core/src/jvm/storm/trident/partition/IndexHashGrouping.java
4,storm-core/src/jvm/storm/trident/planner/BridgeReceiver.java
4,storm-core/src/jvm/storm/trident/planner/Node.java
4,storm-core/src/jvm/storm/trident/planner/NodeStateInfo.java
4,storm-core/src/jvm/storm/trident/planner/PartitionNode.java
4,storm-core/src/jvm/storm/trident/planner/ProcessorContext.java
4,storm-core/src/jvm/storm/trident/planner/ProcessorNode.java
4,storm-core/src/jvm/storm/trident/planner/SpoutNode.java
4,storm-core/src/jvm/storm/trident/planner/SubtopologyBolt.java
4,storm-core/src/jvm/storm/trident/planner/TridentProcessor.java
4,storm-core/src/jvm/storm/trident/planner/TupleReceiver.java
4,storm-core/src/jvm/storm/trident/planner/processor/AggregateProcessor.java
4,storm-core/src/jvm/storm/trident/planner/processor/AppendCollector.java
4,storm-core/src/jvm/storm/trident/planner/processor/EachProcessor.java
4,storm-core/src/jvm/storm/trident/planner/processor/FreshCollector.java
4,storm-core/src/jvm/storm/trident/planner/processor/MultiReducerProcessor.java
4,storm-core/src/jvm/storm/trident/planner/processor/PartitionPersistProcessor.java
4,storm-core/src/jvm/storm/trident/planner/processor/ProjectedProcessor.java
4,storm-core/src/jvm/storm/trident/planner/processor/StateQueryProcessor.java
4,storm-core/src/jvm/storm/trident/planner/processor/TridentContext.java
4,storm-core/src/jvm/storm/trident/spout/BatchSpoutExecutor.java
4,storm-core/src/jvm/storm/trident/spout/IBatchID.java
4,storm-core/src/jvm/storm/trident/spout/IBatchSpout.java
4,storm-core/src/jvm/storm/trident/spout/ICommitterTridentSpout.java
4,storm-core/src/jvm/storm/trident/spout/IOpaquePartitionedTridentSpout.java
4,storm-core/src/jvm/storm/trident/spout/IPartitionedTridentSpout.java
4,storm-core/src/jvm/storm/trident/spout/ISpoutPartition.java
4,storm-core/src/jvm/storm/trident/spout/ITridentSpout.java
4,storm-core/src/jvm/storm/trident/spout/OpaquePartitionedTridentSpoutExecutor.java
4,storm-core/src/jvm/storm/trident/spout/PartitionedTridentSpoutExecutor.java
4,storm-core/src/jvm/storm/trident/spout/RichSpoutBatchExecutor.java
4,storm-core/src/jvm/storm/trident/spout/RichSpoutBatchId.java
4,storm-core/src/jvm/storm/trident/spout/RichSpoutBatchIdSerializer.java
4,storm-core/src/jvm/storm/trident/spout/RichSpoutBatchTriggerer.java
4,storm-core/src/jvm/storm/trident/spout/TridentSpoutCoordinator.java
4,storm-core/src/jvm/storm/trident/spout/TridentSpoutExecutor.java
4,storm-core/src/jvm/storm/trident/state/BaseQueryFunction.java
4,storm-core/src/jvm/storm/trident/state/BaseStateUpdater.java
4,storm-core/src/jvm/storm/trident/state/CombinerValueUpdater.java
4,storm-core/src/jvm/storm/trident/state/ITupleCollection.java
4,storm-core/src/jvm/storm/trident/state/JSONNonTransactionalSerializer.java
4,storm-core/src/jvm/storm/trident/state/JSONOpaqueSerializer.java
4,storm-core/src/jvm/storm/trident/state/JSONTransactionalSerializer.java
4,storm-core/src/jvm/storm/trident/state/OpaqueValue.java
4,storm-core/src/jvm/storm/trident/state/QueryFunction.java
4,storm-core/src/jvm/storm/trident/state/ReadOnlyState.java
4,storm-core/src/jvm/storm/trident/state/ReducerValueUpdater.java
4,storm-core/src/jvm/storm/trident/state/Serializer.java
4,storm-core/src/jvm/storm/trident/state/State.java
4,storm-core/src/jvm/storm/trident/state/StateFactory.java
4,storm-core/src/jvm/storm/trident/state/StateSpec.java
4,storm-core/src/jvm/storm/trident/state/StateType.java
4,storm-core/src/jvm/storm/trident/state/StateUpdater.java
4,storm-core/src/jvm/storm/trident/state/TransactionalValue.java
4,storm-core/src/jvm/storm/trident/state/ValueUpdater.java
4,storm-core/src/jvm/storm/trident/state/map/CachedBatchReadsMap.java
4,storm-core/src/jvm/storm/trident/state/map/CachedMap.java
4,storm-core/src/jvm/storm/trident/state/map/IBackingMap.java
4,storm-core/src/jvm/storm/trident/state/map/MapCombinerAggStateUpdater.java
4,storm-core/src/jvm/storm/trident/state/map/MapReducerAggStateUpdater.java
4,storm-core/src/jvm/storm/trident/state/map/MapState.java
4,storm-core/src/jvm/storm/trident/state/map/MicroBatchIBackingMap.java
4,storm-core/src/jvm/storm/trident/state/map/NonTransactionalMap.java
4,storm-core/src/jvm/storm/trident/state/map/OpaqueMap.java
4,storm-core/src/jvm/storm/trident/state/map/ReadOnlyMapState.java
4,storm-core/src/jvm/storm/trident/state/map/RemovableMapState.java
4,storm-core/src/jvm/storm/trident/state/map/SnapshottableMap.java
4,storm-core/src/jvm/storm/trident/state/map/TransactionalMap.java
4,storm-core/src/jvm/storm/trident/state/snapshot/ReadOnlySnapshottable.java
4,storm-core/src/jvm/storm/trident/state/snapshot/Snapshottable.java
4,storm-core/src/jvm/storm/trident/testing/CountAsAggregator.java
4,storm-core/src/jvm/storm/trident/testing/FeederBatchSpout.java
4,storm-core/src/jvm/storm/trident/testing/FeederCommitterBatchSpout.java
4,storm-core/src/jvm/storm/trident/testing/FixedBatchSpout.java
4,storm-core/src/jvm/storm/trident/testing/IFeeder.java
4,storm-core/src/jvm/storm/trident/testing/LRUMemoryMapState.java
4,storm-core/src/jvm/storm/trident/testing/MemoryBackingMap.java
4,storm-core/src/jvm/storm/trident/testing/MemoryMapState.java
4,storm-core/src/jvm/storm/trident/testing/Split.java
4,storm-core/src/jvm/storm/trident/testing/StringLength.java
4,storm-core/src/jvm/storm/trident/testing/TrueFilter.java
4,storm-core/src/jvm/storm/trident/testing/TuplifyArgs.java
4,storm-core/src/jvm/storm/trident/topology/BatchInfo.java
4,storm-core/src/jvm/storm/trident/topology/ITridentBatchBolt.java
4,storm-core/src/jvm/storm/trident/topology/MasterBatchCoordinator.java
4,storm-core/src/jvm/storm/trident/topology/TransactionAttempt.java
4,storm-core/src/jvm/storm/trident/topology/TridentBoltExecutor.java
4,storm-core/src/jvm/storm/trident/topology/TridentTopologyBuilder.java
4,storm-core/src/jvm/storm/trident/topology/state/RotatingTransactionalState.java
4,storm-core/src/jvm/storm/trident/topology/state/TransactionalState.java
4,storm-core/src/jvm/storm/trident/tuple/ComboList.java
4,storm-core/src/jvm/storm/trident/tuple/ConsList.java
4,storm-core/src/jvm/storm/trident/tuple/TridentTuple.java
4,storm-core/src/jvm/storm/trident/tuple/TridentTupleView.java
4,storm-core/src/jvm/storm/trident/tuple/ValuePointer.java
4,storm-core/src/jvm/storm/trident/util/ErrorEdgeFactory.java
4,storm-core/src/jvm/storm/trident/util/IndexedEdge.java
4,storm-core/src/jvm/storm/trident/util/LRUMap.java
4,storm-core/src/jvm/storm/trident/util/TridentUtils.java
5,external/storm-hbase/src/main/java/org/apache/storm/hbase/bolt/AbstractHBaseBolt.java
5,external/storm-hbase/src/main/java/org/apache/storm/hbase/bolt/HBaseBolt.java
5,external/storm-hbase/src/main/java/org/apache/storm/hbase/bolt/HBaseLookupBolt.java
5,external/storm-hbase/src/main/java/org/apache/storm/hbase/bolt/mapper/HBaseMapper.java
5,external/storm-hbase/src/main/java/org/apache/storm/hbase/bolt/mapper/HBaseProjectionCriteria.java
5,external/storm-hbase/src/main/java/org/apache/storm/hbase/bolt/mapper/HBaseValueMapper.java
5,external/storm-hbase/src/main/java/org/apache/storm/hbase/bolt/mapper/SimpleHBaseMapper.java
5,external/storm-hbase/src/main/java/org/apache/storm/hbase/common/ColumnList.java
5,external/storm-hbase/src/main/java/org/apache/storm/hbase/common/HBaseClient.java
5,external/storm-hbase/src/main/java/org/apache/storm/hbase/common/IColumn.java
5,external/storm-hbase/src/main/java/org/apache/storm/hbase/common/ICounter.java
5,external/storm-hbase/src/main/java/org/apache/storm/hbase/common/Utils.java
5,external/storm-hbase/src/main/java/org/apache/storm/hbase/security/HBaseSecurityUtil.java
5,external/storm-hbase/src/main/java/org/apache/storm/hbase/trident/mapper/SimpleTridentHBaseMapper.java
5,external/storm-hbase/src/main/java/org/apache/storm/hbase/trident/mapper/TridentHBaseMapper.java
5,external/storm-hbase/src/main/java/org/apache/storm/hbase/trident/state/HBaseMapState.java
5,external/storm-hbase/src/main/java/org/apache/storm/hbase/trident/state/HBaseQuery.java
5,external/storm-hbase/src/main/java/org/apache/storm/hbase/trident/state/HBaseState.java
5,external/storm-hbase/src/main/java/org/apache/storm/hbase/trident/state/HBaseStateFactory.java
5,external/storm-hbase/src/main/java/org/apache/storm/hbase/trident/state/HBaseUpdater.java
5,external/storm-hdfs/src/main/java/org/apache/storm/hdfs/bolt/AbstractHdfsBolt.java
5,external/storm-hdfs/src/main/java/org/apache/storm/hdfs/bolt/HdfsBolt.java
5,external/storm-hdfs/src/main/java/org/apache/storm/hdfs/bolt/SequenceFileBolt.java
5,external/storm-hdfs/src/main/java/org/apache/storm/hdfs/bolt/format/DefaultFileNameFormat.java
5,external/storm-hdfs/src/main/java/org/apache/storm/hdfs/bolt/format/DefaultSequenceFormat.java
5,external/storm-hdfs/src/main/java/org/apache/storm/hdfs/bolt/format/DelimitedRecordFormat.java
5,external/storm-hdfs/src/main/java/org/apache/storm/hdfs/bolt/format/FileNameFormat.java
5,external/storm-hdfs/src/main/java/org/apache/storm/hdfs/bolt/format/RecordFormat.java
5,external/storm-hdfs/src/main/java/org/apache/storm/hdfs/bolt/format/SequenceFormat.java
5,external/storm-hdfs/src/main/java/org/apache/storm/hdfs/bolt/rotation/FileRotationPolicy.java
5,external/storm-hdfs/src/main/java/org/apache/storm/hdfs/bolt/rotation/FileSizeRotationPolicy.java
5,external/storm-hdfs/src/main/java/org/apache/storm/hdfs/bolt/rotation/NoRotationPolicy.java
5,external/storm-hdfs/src/main/java/org/apache/storm/hdfs/bolt/rotation/TimedRotationPolicy.java
5,external/storm-hdfs/src/main/java/org/apache/storm/hdfs/bolt/sync/CountSyncPolicy.java
5,external/storm-hdfs/src/main/java/org/apache/storm/hdfs/bolt/sync/SyncPolicy.java
5,external/storm-hdfs/src/main/java/org/apache/storm/hdfs/common/rotation/MoveFileAction.java
5,external/storm-hdfs/src/main/java/org/apache/storm/hdfs/common/rotation/RotationAction.java
5,external/storm-hdfs/src/main/java/org/apache/storm/hdfs/common/security/HdfsSecurityUtil.java
5,external/storm-hdfs/src/main/java/org/apache/storm/hdfs/trident/HdfsState.java
5,external/storm-hdfs/src/main/java/org/apache/storm/hdfs/trident/HdfsStateFactory.java
5,external/storm-hdfs/src/main/java/org/apache/storm/hdfs/trident/HdfsUpdater.java
5,external/storm-hdfs/src/main/java/org/apache/storm/hdfs/trident/format/DefaultFileNameFormat.java
5,external/storm-hdfs/src/main/java/org/apache/storm/hdfs/trident/format/DefaultSequenceFormat.java
5,external/storm-hdfs/src/main/java/org/apache/storm/hdfs/trident/format/DelimitedRecordFormat.java
5,external/storm-hdfs/src/main/java/org/apache/storm/hdfs/trident/format/FileNameFormat.java
5,external/storm-hdfs/src/main/java/org/apache/storm/hdfs/trident/format/RecordFormat.java
5,external/storm-hdfs/src/main/java/org/apache/storm/hdfs/trident/format/SequenceFormat.java
5,external/storm-hdfs/src/main/java/org/apache/storm/hdfs/trident/rotation/FileRotationPolicy.java
5,external/storm-hdfs/src/main/java/org/apache/storm/hdfs/trident/rotation/FileSizeRotationPolicy.java
5,external/storm-hdfs/src/main/java/org/apache/storm/hdfs/trident/rotation/NoRotationPolicy.java
5,external/storm-hdfs/src/main/java/org/apache/storm/hdfs/trident/rotation/TimedRotationPolicy.java
5,external/storm-hdfs/src/main/java/org/apache/storm/hdfs/trident/sync/CountSyncPolicy.java
5,external/storm-hdfs/src/main/java/org/apache/storm/hdfs/trident/sync/SyncPolicy.java
5,external/storm-kafka/src/jvm/storm/kafka/Broker.java
5,external/storm-kafka/src/jvm/storm/kafka/BrokerHosts.java
5,external/storm-kafka/src/jvm/storm/kafka/DynamicBrokersReader.java
5,external/storm-kafka/src/jvm/storm/kafka/DynamicPartitionConnections.java
5,external/storm-kafka/src/jvm/storm/kafka/FailedFetchException.java
5,external/storm-kafka/src/jvm/storm/kafka/KafkaConfig.java
5,external/storm-kafka/src/jvm/storm/kafka/KafkaError.java
5,external/storm-kafka/src/jvm/storm/kafka/KafkaSpout.java
5,external/storm-kafka/src/jvm/storm/kafka/KafkaUtils.java
5,external/storm-kafka/src/jvm/storm/kafka/KeyValueScheme.java
5,external/storm-kafka/src/jvm/storm/kafka/KeyValueSchemeAsMultiScheme.java
5,external/storm-kafka/src/jvm/storm/kafka/Partition.java
5,external/storm-kafka/src/jvm/storm/kafka/PartitionCoordinator.java
5,external/storm-kafka/src/jvm/storm/kafka/PartitionManager.java
5,external/storm-kafka/src/jvm/storm/kafka/SpoutConfig.java
5,external/storm-kafka/src/jvm/storm/kafka/StaticCoordinator.java
5,external/storm-kafka/src/jvm/storm/kafka/StaticHosts.java
5,external/storm-kafka/src/jvm/storm/kafka/StaticPartitionConnections.java
5,external/storm-kafka/src/jvm/storm/kafka/StringKeyValueScheme.java
5,external/storm-kafka/src/jvm/storm/kafka/StringScheme.java
5,external/storm-kafka/src/jvm/storm/kafka/UpdateOffsetException.java
5,external/storm-kafka/src/jvm/storm/kafka/ZkCoordinator.java
5,external/storm-kafka/src/jvm/storm/kafka/ZkHosts.java
5,external/storm-kafka/src/jvm/storm/kafka/ZkState.java
5,external/storm-kafka/src/jvm/storm/kafka/bolt/KafkaBolt.java
5,external/storm-kafka/src/jvm/storm/kafka/bolt/mapper/FieldNameBasedTupleToKafkaMapper.java
5,external/storm-kafka/src/jvm/storm/kafka/bolt/mapper/TupleToKafkaMapper.java
5,external/storm-kafka/src/jvm/storm/kafka/bolt/selector/DefaultTopicSelector.java
5,external/storm-kafka/src/jvm/storm/kafka/bolt/selector/KafkaTopicSelector.java
5,external/storm-kafka/src/jvm/storm/kafka/trident/Coordinator.java
5,external/storm-kafka/src/jvm/storm/kafka/trident/DefaultCoordinator.java
5,external/storm-kafka/src/jvm/storm/kafka/trident/GlobalPartitionInformation.java
5,external/storm-kafka/src/jvm/storm/kafka/trident/IBatchCoordinator.java
5,external/storm-kafka/src/jvm/storm/kafka/trident/IBrokerReader.java
5,external/storm-kafka/src/jvm/storm/kafka/trident/MaxMetric.java
5,external/storm-kafka/src/jvm/storm/kafka/trident/OpaqueTridentKafkaSpout.java
5,external/storm-kafka/src/jvm/storm/kafka/trident/StaticBrokerReader.java
5,external/storm-kafka/src/jvm/storm/kafka/trident/TransactionalTridentKafkaSpout.java
5,external/storm-kafka/src/jvm/storm/kafka/trident/TridentKafkaConfig.java
5,external/storm-kafka/src/jvm/storm/kafka/trident/TridentKafkaEmitter.java
5,external/storm-kafka/src/jvm/storm/kafka/trident/TridentKafkaState.java
5,external/storm-kafka/src/jvm/storm/kafka/trident/TridentKafkaStateFactory.java
5,external/storm-kafka/src/jvm/storm/kafka/trident/TridentKafkaUpdater.java
5,external/storm-kafka/src/jvm/storm/kafka/trident/ZkBrokerReader.java
5,external/storm-kafka/src/jvm/storm/kafka/trident/mapper/FieldNameBasedTupleToKafkaMapper.java
5,external/storm-kafka/src/jvm/storm/kafka/trident/mapper/TridentTupleToKafkaMapper.java
5,external/storm-kafka/src/jvm/storm/kafka/trident/selector/DefaultTopicSelector.java
5,external/storm-kafka/src/jvm/storm/kafka/trident/selector/KafkaTopicSelector.java
5,storm-core/src/jvm/backtype/storm/Config.java
5,storm-core/src/jvm/backtype/storm/ConfigValidation.java
5,storm-core/src/jvm/backtype/storm/Constants.java
5,storm-core/src/jvm/backtype/storm/ILocalCluster.java
5,storm-core/src/jvm/backtype/storm/ILocalDRPC.java
5,storm-core/src/jvm/backtype/storm/StormSubmitter.java
5,storm-core/src/jvm/backtype/storm/clojure/ClojureBolt.java
5,storm-core/src/jvm/backtype/storm/clojure/ClojureSpout.java
5,storm-core/src/jvm/backtype/storm/clojure/RichShellBolt.java
5,storm-core/src/jvm/backtype/storm/clojure/RichShellSpout.java
5,storm-core/src/jvm/backtype/storm/coordination/BatchBoltExecutor.java
5,storm-core/src/jvm/backtype/storm/coordination/BatchOutputCollector.java
5,storm-core/src/jvm/backtype/storm/coordination/BatchOutputCollectorImpl.java
5,storm-core/src/jvm/backtype/storm/coordination/BatchSubtopologyBuilder.java
5,storm-core/src/jvm/backtype/storm/coordination/CoordinatedBolt.java
5,storm-core/src/jvm/backtype/storm/coordination/IBatchBolt.java
5,storm-core/src/jvm/backtype/storm/daemon/Shutdownable.java
5,storm-core/src/jvm/backtype/storm/drpc/DRPCInvocationsClient.java
5,storm-core/src/jvm/backtype/storm/drpc/DRPCSpout.java
5,storm-core/src/jvm/backtype/storm/drpc/JoinResult.java
5,storm-core/src/jvm/backtype/storm/drpc/KeyedFairBolt.java
5,storm-core/src/jvm/backtype/storm/drpc/LinearDRPCInputDeclarer.java
5,storm-core/src/jvm/backtype/storm/drpc/LinearDRPCTopologyBuilder.java
5,storm-core/src/jvm/backtype/storm/drpc/PrepareRequest.java
5,storm-core/src/jvm/backtype/storm/drpc/ReturnResults.java
5,storm-core/src/jvm/backtype/storm/grouping/CustomStreamGrouping.java
5,storm-core/src/jvm/backtype/storm/hooks/BaseTaskHook.java
5,storm-core/src/jvm/backtype/storm/hooks/ITaskHook.java
5,storm-core/src/jvm/backtype/storm/hooks/info/BoltAckInfo.java
5,storm-core/src/jvm/backtype/storm/hooks/info/BoltExecuteInfo.java
5,storm-core/src/jvm/backtype/storm/hooks/info/BoltFailInfo.java
5,storm-core/src/jvm/backtype/storm/hooks/info/EmitInfo.java
5,storm-core/src/jvm/backtype/storm/hooks/info/SpoutAckInfo.java
5,storm-core/src/jvm/backtype/storm/hooks/info/SpoutFailInfo.java
5,storm-core/src/jvm/backtype/storm/messaging/ConnectionWithStatus.java
5,storm-core/src/jvm/backtype/storm/messaging/IConnection.java
5,storm-core/src/jvm/backtype/storm/messaging/IContext.java
5,storm-core/src/jvm/backtype/storm/messaging/TaskMessage.java
5,storm-core/src/jvm/backtype/storm/messaging/TransportFactory.java
5,storm-core/src/jvm/backtype/storm/messaging/netty/Client.java
5,storm-core/src/jvm/backtype/storm/messaging/netty/Context.java
5,storm-core/src/jvm/backtype/storm/messaging/netty/ControlMessage.java
5,storm-core/src/jvm/backtype/storm/messaging/netty/MessageBatch.java
5,storm-core/src/jvm/backtype/storm/messaging/netty/MessageDecoder.java
5,storm-core/src/jvm/backtype/storm/messaging/netty/MessageEncoder.java
5,storm-core/src/jvm/backtype/storm/messaging/netty/NettyRenameThreadFactory.java
5,storm-core/src/jvm/backtype/storm/messaging/netty/Server.java
5,storm-core/src/jvm/backtype/storm/messaging/netty/StormClientErrorHandler.java
5,storm-core/src/jvm/backtype/storm/messaging/netty/StormClientPipelineFactory.java
5,storm-core/src/jvm/backtype/storm/messaging/netty/StormServerHandler.java
5,storm-core/src/jvm/backtype/storm/messaging/netty/StormServerPipelineFactory.java
5,storm-core/src/jvm/backtype/storm/metric/LoggingMetricsConsumer.java
5,storm-core/src/jvm/backtype/storm/metric/MetricsConsumerBolt.java
5,storm-core/src/jvm/backtype/storm/metric/SystemBolt.java
5,storm-core/src/jvm/backtype/storm/metric/api/AssignableMetric.java
5,storm-core/src/jvm/backtype/storm/metric/api/CombinedMetric.java
5,storm-core/src/jvm/backtype/storm/metric/api/CountMetric.java
5,storm-core/src/jvm/backtype/storm/metric/api/ICombiner.java
5,storm-core/src/jvm/backtype/storm/metric/api/IMetric.java
5,storm-core/src/jvm/backtype/storm/metric/api/IMetricsConsumer.java
5,storm-core/src/jvm/backtype/storm/metric/api/IReducer.java
5,storm-core/src/jvm/backtype/storm/metric/api/IStatefulObject.java
5,storm-core/src/jvm/backtype/storm/metric/api/MeanReducer.java
5,storm-core/src/jvm/backtype/storm/metric/api/MultiCountMetric.java
5,storm-core/src/jvm/backtype/storm/metric/api/MultiReducedMetric.java
5,storm-core/src/jvm/backtype/storm/metric/api/ReducedMetric.java
5,storm-core/src/jvm/backtype/storm/metric/api/StateMetric.java
5,storm-core/src/jvm/backtype/storm/metric/api/rpc/AssignableShellMetric.java
5,storm-core/src/jvm/backtype/storm/metric/api/rpc/CombinedShellMetric.java
5,storm-core/src/jvm/backtype/storm/metric/api/rpc/CountShellMetric.java
5,storm-core/src/jvm/backtype/storm/metric/api/rpc/IShellMetric.java
5,storm-core/src/jvm/backtype/storm/metric/api/rpc/ReducedShellMetric.java
5,storm-core/src/jvm/backtype/storm/multilang/BoltMsg.java
5,storm-core/src/jvm/backtype/storm/multilang/ISerializer.java
5,storm-core/src/jvm/backtype/storm/multilang/JsonSerializer.java
5,storm-core/src/jvm/backtype/storm/multilang/NoOutputException.java
5,storm-core/src/jvm/backtype/storm/multilang/ShellMsg.java
5,storm-core/src/jvm/backtype/storm/multilang/SpoutMsg.java
5,storm-core/src/jvm/backtype/storm/nimbus/DefaultTopologyValidator.java
5,storm-core/src/jvm/backtype/storm/nimbus/ITopologyValidator.java
5,storm-core/src/jvm/backtype/storm/planner/CompoundSpout.java
5,storm-core/src/jvm/backtype/storm/planner/CompoundTask.java
5,storm-core/src/jvm/backtype/storm/planner/TaskBundle.java
5,storm-core/src/jvm/backtype/storm/scheduler/Cluster.java
5,storm-core/src/jvm/backtype/storm/scheduler/ExecutorDetails.java
5,storm-core/src/jvm/backtype/storm/scheduler/INimbus.java
5,storm-core/src/jvm/backtype/storm/scheduler/IScheduler.java
5,storm-core/src/jvm/backtype/storm/scheduler/ISupervisor.java
5,storm-core/src/jvm/backtype/storm/scheduler/SchedulerAssignment.java
5,storm-core/src/jvm/backtype/storm/scheduler/SchedulerAssignmentImpl.java
5,storm-core/src/jvm/backtype/storm/scheduler/SupervisorDetails.java
5,storm-core/src/jvm/backtype/storm/scheduler/Topologies.java
5,storm-core/src/jvm/backtype/storm/scheduler/TopologyDetails.java
5,storm-core/src/jvm/backtype/storm/scheduler/WorkerSlot.java
5,storm-core/src/jvm/backtype/storm/security/auth/AuthUtils.java
5,storm-core/src/jvm/backtype/storm/security/auth/IAuthorizer.java
5,storm-core/src/jvm/backtype/storm/security/auth/ITransportPlugin.java
5,storm-core/src/jvm/backtype/storm/security/auth/ReqContext.java
5,storm-core/src/jvm/backtype/storm/security/auth/SaslTransportPlugin.java
5,storm-core/src/jvm/backtype/storm/security/auth/SimpleTransportPlugin.java
5,storm-core/src/jvm/backtype/storm/security/auth/ThriftClient.java
5,storm-core/src/jvm/backtype/storm/security/auth/ThriftServer.java
5,storm-core/src/jvm/backtype/storm/security/auth/authorizer/DenyAuthorizer.java
5,storm-core/src/jvm/backtype/storm/security/auth/authorizer/NoopAuthorizer.java
5,storm-core/src/jvm/backtype/storm/security/auth/digest/ClientCallbackHandler.java
5,storm-core/src/jvm/backtype/storm/security/auth/digest/DigestSaslTransportPlugin.java
5,storm-core/src/jvm/backtype/storm/security/auth/digest/ServerCallbackHandler.java
5,storm-core/src/jvm/backtype/storm/security/serialization/BlowfishTupleSerializer.java
5,storm-core/src/jvm/backtype/storm/serialization/DefaultKryoFactory.java
5,storm-core/src/jvm/backtype/storm/serialization/DefaultSerializationDelegate.java
5,storm-core/src/jvm/backtype/storm/serialization/GzipBridgeSerializationDelegate.java
5,storm-core/src/jvm/backtype/storm/serialization/GzipSerializationDelegate.java
5,storm-core/src/jvm/backtype/storm/serialization/IKryoDecorator.java
5,storm-core/src/jvm/backtype/storm/serialization/IKryoFactory.java
5,storm-core/src/jvm/backtype/storm/serialization/ITupleDeserializer.java
5,storm-core/src/jvm/backtype/storm/serialization/ITupleSerializer.java
5,storm-core/src/jvm/backtype/storm/serialization/KryoTupleDeserializer.java
5,storm-core/src/jvm/backtype/storm/serialization/KryoTupleSerializer.java
5,storm-core/src/jvm/backtype/storm/serialization/KryoValuesDeserializer.java
5,storm-core/src/jvm/backtype/storm/serialization/KryoValuesSerializer.java
5,storm-core/src/jvm/backtype/storm/serialization/SerializableSerializer.java
5,storm-core/src/jvm/backtype/storm/serialization/SerializationDelegate.java
5,storm-core/src/jvm/backtype/storm/serialization/SerializationFactory.java
5,storm-core/src/jvm/backtype/storm/serialization/types/ArrayListSerializer.java
5,storm-core/src/jvm/backtype/storm/serialization/types/HashMapSerializer.java
5,storm-core/src/jvm/backtype/storm/serialization/types/HashSetSerializer.java
5,storm-core/src/jvm/backtype/storm/serialization/types/ListDelegateSerializer.java
5,storm-core/src/jvm/backtype/storm/spout/IMultiSchemableSpout.java
5,storm-core/src/jvm/backtype/storm/spout/ISchemableSpout.java
5,storm-core/src/jvm/backtype/storm/spout/ISpout.java
5,storm-core/src/jvm/backtype/storm/spout/ISpoutOutputCollector.java
5,storm-core/src/jvm/backtype/storm/spout/ISpoutWaitStrategy.java
5,storm-core/src/jvm/backtype/storm/spout/MultiScheme.java
5,storm-core/src/jvm/backtype/storm/spout/NothingEmptyEmitStrategy.java
5,storm-core/src/jvm/backtype/storm/spout/RawMultiScheme.java
5,storm-core/src/jvm/backtype/storm/spout/RawScheme.java
5,storm-core/src/jvm/backtype/storm/spout/Scheme.java
5,storm-core/src/jvm/backtype/storm/spout/SchemeAsMultiScheme.java
5,storm-core/src/jvm/backtype/storm/spout/ShellSpout.java
5,storm-core/src/jvm/backtype/storm/spout/SleepSpoutWaitStrategy.java
5,storm-core/src/jvm/backtype/storm/spout/SpoutOutputCollector.java
5,storm-core/src/jvm/backtype/storm/state/IStateSpout.java
5,storm-core/src/jvm/backtype/storm/state/IStateSpoutOutputCollector.java
5,storm-core/src/jvm/backtype/storm/state/ISubscribedState.java
5,storm-core/src/jvm/backtype/storm/state/ISynchronizeOutputCollector.java
5,storm-core/src/jvm/backtype/storm/state/StateSpoutOutputCollector.java
5,storm-core/src/jvm/backtype/storm/state/SynchronizeOutputCollector.java
5,storm-core/src/jvm/backtype/storm/task/GeneralTopologyContext.java
5,storm-core/src/jvm/backtype/storm/task/IBolt.java
5,storm-core/src/jvm/backtype/storm/task/IErrorReporter.java
5,storm-core/src/jvm/backtype/storm/task/IMetricsContext.java
5,storm-core/src/jvm/backtype/storm/task/IOutputCollector.java
5,storm-core/src/jvm/backtype/storm/task/OutputCollector.java
5,storm-core/src/jvm/backtype/storm/task/ShellBolt.java
5,storm-core/src/jvm/backtype/storm/task/TopologyContext.java
5,storm-core/src/jvm/backtype/storm/task/WorkerTopologyContext.java
5,storm-core/src/jvm/backtype/storm/testing/AckFailDelegate.java
5,storm-core/src/jvm/backtype/storm/testing/AckFailMapTracker.java
5,storm-core/src/jvm/backtype/storm/testing/AckTracker.java
5,storm-core/src/jvm/backtype/storm/testing/BatchNumberList.java
5,storm-core/src/jvm/backtype/storm/testing/BatchProcessWord.java
5,storm-core/src/jvm/backtype/storm/testing/BatchRepeatA.java
5,storm-core/src/jvm/backtype/storm/testing/BoltTracker.java
5,storm-core/src/jvm/backtype/storm/testing/CompleteTopologyParam.java
5,storm-core/src/jvm/backtype/storm/testing/CountingBatchBolt.java
5,storm-core/src/jvm/backtype/storm/testing/CountingCommitBolt.java
5,storm-core/src/jvm/backtype/storm/testing/FeederSpout.java
5,storm-core/src/jvm/backtype/storm/testing/FixedTuple.java
5,storm-core/src/jvm/backtype/storm/testing/FixedTupleSpout.java
5,storm-core/src/jvm/backtype/storm/testing/IdentityBolt.java
5,storm-core/src/jvm/backtype/storm/testing/KeyedCountingBatchBolt.java
5,storm-core/src/jvm/backtype/storm/testing/KeyedCountingCommitterBolt.java
5,storm-core/src/jvm/backtype/storm/testing/KeyedSummingBatchBolt.java
5,storm-core/src/jvm/backtype/storm/testing/MemoryTransactionalSpout.java
5,storm-core/src/jvm/backtype/storm/testing/MemoryTransactionalSpoutMeta.java
5,storm-core/src/jvm/backtype/storm/testing/MkClusterParam.java
5,storm-core/src/jvm/backtype/storm/testing/MkTupleParam.java
5,storm-core/src/jvm/backtype/storm/testing/MockedSources.java
5,storm-core/src/jvm/backtype/storm/testing/NGrouping.java
5,storm-core/src/jvm/backtype/storm/testing/NonRichBoltTracker.java
5,storm-core/src/jvm/backtype/storm/testing/OpaqueMemoryTransactionalSpout.java
5,storm-core/src/jvm/backtype/storm/testing/PrepareBatchBolt.java
5,storm-core/src/jvm/backtype/storm/testing/PythonShellMetricsBolt.java
5,storm-core/src/jvm/backtype/storm/testing/PythonShellMetricsSpout.java
5,storm-core/src/jvm/backtype/storm/testing/SpoutTracker.java
5,storm-core/src/jvm/backtype/storm/testing/TestAggregatesCounter.java
5,storm-core/src/jvm/backtype/storm/testing/TestConfBolt.java
5,storm-core/src/jvm/backtype/storm/testing/TestEventLogSpout.java
5,storm-core/src/jvm/backtype/storm/testing/TestEventOrderCheckBolt.java
5,storm-core/src/jvm/backtype/storm/testing/TestGlobalCount.java
5,storm-core/src/jvm/backtype/storm/testing/TestJob.java
5,storm-core/src/jvm/backtype/storm/testing/TestKryoDecorator.java
5,storm-core/src/jvm/backtype/storm/testing/TestPlannerBolt.java
5,storm-core/src/jvm/backtype/storm/testing/TestPlannerSpout.java
5,storm-core/src/jvm/backtype/storm/testing/TestSerObject.java
5,storm-core/src/jvm/backtype/storm/testing/TestWordCounter.java
5,storm-core/src/jvm/backtype/storm/testing/TestWordSpout.java
5,storm-core/src/jvm/backtype/storm/testing/TrackedTopology.java
5,storm-core/src/jvm/backtype/storm/testing/TupleCaptureBolt.java
5,storm-core/src/jvm/backtype/storm/topology/BaseConfigurationDeclarer.java
5,storm-core/src/jvm/backtype/storm/topology/BasicBoltExecutor.java
5,storm-core/src/jvm/backtype/storm/topology/BasicOutputCollector.java
5,storm-core/src/jvm/backtype/storm/topology/BoltDeclarer.java
5,storm-core/src/jvm/backtype/storm/topology/ComponentConfigurationDeclarer.java
5,storm-core/src/jvm/backtype/storm/topology/FailedException.java
5,storm-core/src/jvm/backtype/storm/topology/IBasicBolt.java
5,storm-core/src/jvm/backtype/storm/topology/IBasicOutputCollector.java
5,storm-core/src/jvm/backtype/storm/topology/IComponent.java
5,storm-core/src/jvm/backtype/storm/topology/IRichBolt.java
5,storm-core/src/jvm/backtype/storm/topology/IRichSpout.java
5,storm-core/src/jvm/backtype/storm/topology/IRichStateSpout.java
5,storm-core/src/jvm/backtype/storm/topology/InputDeclarer.java
5,storm-core/src/jvm/backtype/storm/topology/OutputFieldsDeclarer.java
5,storm-core/src/jvm/backtype/storm/topology/OutputFieldsGetter.java
5,storm-core/src/jvm/backtype/storm/topology/ReportedFailedException.java
5,storm-core/src/jvm/backtype/storm/topology/SpoutDeclarer.java
5,storm-core/src/jvm/backtype/storm/topology/TopologyBuilder.java
5,storm-core/src/jvm/backtype/storm/topology/base/BaseBasicBolt.java
5,storm-core/src/jvm/backtype/storm/topology/base/BaseBatchBolt.java
5,storm-core/src/jvm/backtype/storm/topology/base/BaseComponent.java
5,storm-core/src/jvm/backtype/storm/topology/base/BaseOpaquePartitionedTransactionalSpout.java
5,storm-core/src/jvm/backtype/storm/topology/base/BasePartitionedTransactionalSpout.java
5,storm-core/src/jvm/backtype/storm/topology/base/BaseRichBolt.java
5,storm-core/src/jvm/backtype/storm/topology/base/BaseRichSpout.java
5,storm-core/src/jvm/backtype/storm/topology/base/BaseTransactionalBolt.java
5,storm-core/src/jvm/backtype/storm/topology/base/BaseTransactionalSpout.java
5,storm-core/src/jvm/backtype/storm/transactional/ICommitter.java
5,storm-core/src/jvm/backtype/storm/transactional/ICommitterTransactionalSpout.java
5,storm-core/src/jvm/backtype/storm/transactional/ITransactionalSpout.java
5,storm-core/src/jvm/backtype/storm/transactional/TransactionAttempt.java
5,storm-core/src/jvm/backtype/storm/transactional/TransactionalSpoutBatchExecutor.java
5,storm-core/src/jvm/backtype/storm/transactional/TransactionalSpoutCoordinator.java
5,storm-core/src/jvm/backtype/storm/transactional/TransactionalTopologyBuilder.java
5,storm-core/src/jvm/backtype/storm/transactional/partitioned/IOpaquePartitionedTransactionalSpout.java
5,storm-core/src/jvm/backtype/storm/transactional/partitioned/IPartitionedTransactionalSpout.java
5,storm-core/src/jvm/backtype/storm/transactional/partitioned/OpaquePartitionedTransactionalSpoutExecutor.java
5,storm-core/src/jvm/backtype/storm/transactional/partitioned/PartitionedTransactionalSpoutExecutor.java
5,storm-core/src/jvm/backtype/storm/transactional/state/RotatingTransactionalState.java
5,storm-core/src/jvm/backtype/storm/transactional/state/TransactionalState.java
5,storm-core/src/jvm/backtype/storm/tuple/Fields.java
5,storm-core/src/jvm/backtype/storm/tuple/ITuple.java
5,storm-core/src/jvm/backtype/storm/tuple/MessageId.java
5,storm-core/src/jvm/backtype/storm/tuple/Tuple.java
5,storm-core/src/jvm/backtype/storm/tuple/TupleImpl.java
5,storm-core/src/jvm/backtype/storm/tuple/Values.java
5,storm-core/src/jvm/backtype/storm/ui/InvalidRequestException.java
5,storm-core/src/jvm/backtype/storm/utils/BufferFileInputStream.java
5,storm-core/src/jvm/backtype/storm/utils/CRC32OutputStream.java
5,storm-core/src/jvm/backtype/storm/utils/ClojureTimerTask.java
5,storm-core/src/jvm/backtype/storm/utils/Container.java
5,storm-core/src/jvm/backtype/storm/utils/DRPCClient.java
5,storm-core/src/jvm/backtype/storm/utils/DisruptorQueue.java
5,storm-core/src/jvm/backtype/storm/utils/IndifferentAccessMap.java
5,storm-core/src/jvm/backtype/storm/utils/InprocMessaging.java
5,storm-core/src/jvm/backtype/storm/utils/KeyedRoundRobinQueue.java
5,storm-core/src/jvm/backtype/storm/utils/ListDelegate.java
5,storm-core/src/jvm/backtype/storm/utils/LocalState.java
5,storm-core/src/jvm/backtype/storm/utils/Monitor.java
5,storm-core/src/jvm/backtype/storm/utils/MutableInt.java
5,storm-core/src/jvm/backtype/storm/utils/MutableLong.java
5,storm-core/src/jvm/backtype/storm/utils/MutableObject.java
5,storm-core/src/jvm/backtype/storm/utils/NimbusClient.java
5,storm-core/src/jvm/backtype/storm/utils/RegisteredGlobalState.java
5,storm-core/src/jvm/backtype/storm/utils/RotatingMap.java
5,storm-core/src/jvm/backtype/storm/utils/ServiceRegistry.java
5,storm-core/src/jvm/backtype/storm/utils/ShellProcess.java
5,storm-core/src/jvm/backtype/storm/utils/StormBoundedExponentialBackoffRetry.java
5,storm-core/src/jvm/backtype/storm/utils/ThriftTopologyUtils.java
5,storm-core/src/jvm/backtype/storm/utils/Time.java
5,storm-core/src/jvm/backtype/storm/utils/TimeCacheMap.java
5,storm-core/src/jvm/backtype/storm/utils/TransferDrainer.java
5,storm-core/src/jvm/backtype/storm/utils/Utils.java
5,storm-core/src/jvm/backtype/storm/utils/VersionedStore.java
5,storm-core/src/jvm/backtype/storm/utils/WindowedTimeThrottler.java
5,storm-core/src/jvm/backtype/storm/utils/WritableUtils.java
5,storm-core/src/jvm/backtype/storm/utils/ZookeeperAuthInfo.java
5,storm-core/src/jvm/storm/trident/JoinType.java
5,storm-core/src/jvm/storm/trident/Stream.java
5,storm-core/src/jvm/storm/trident/TridentState.java
5,storm-core/src/jvm/storm/trident/TridentTopology.java
5,storm-core/src/jvm/storm/trident/drpc/ReturnResultsReducer.java
5,storm-core/src/jvm/storm/trident/fluent/ChainedAggregatorDeclarer.java
5,storm-core/src/jvm/storm/trident/fluent/ChainedFullAggregatorDeclarer.java
5,storm-core/src/jvm/storm/trident/fluent/ChainedPartitionAggregatorDeclarer.java
5,storm-core/src/jvm/storm/trident/fluent/GlobalAggregationScheme.java
5,storm-core/src/jvm/storm/trident/fluent/GroupedStream.java
5,storm-core/src/jvm/storm/trident/fluent/IAggregatableStream.java
5,storm-core/src/jvm/storm/trident/fluent/IChainedAggregatorDeclarer.java
5,storm-core/src/jvm/storm/trident/fluent/UniqueIdGen.java
5,storm-core/src/jvm/storm/trident/graph/GraphGrouper.java
5,storm-core/src/jvm/storm/trident/graph/Group.java
5,storm-core/src/jvm/storm/trident/operation/Aggregator.java
5,storm-core/src/jvm/storm/trident/operation/Assembly.java
5,storm-core/src/jvm/storm/trident/operation/BaseAggregator.java
5,storm-core/src/jvm/storm/trident/operation/BaseFilter.java
5,storm-core/src/jvm/storm/trident/operation/BaseFunction.java
5,storm-core/src/jvm/storm/trident/operation/BaseMultiReducer.java
5,storm-core/src/jvm/storm/trident/operation/BaseOperation.java
5,storm-core/src/jvm/storm/trident/operation/CombinerAggregator.java
5,storm-core/src/jvm/storm/trident/operation/EachOperation.java
5,storm-core/src/jvm/storm/trident/operation/Filter.java
5,storm-core/src/jvm/storm/trident/operation/Function.java
5,storm-core/src/jvm/storm/trident/operation/GroupedMultiReducer.java
5,storm-core/src/jvm/storm/trident/operation/MultiReducer.java
5,storm-core/src/jvm/storm/trident/operation/Operation.java
5,storm-core/src/jvm/storm/trident/operation/ReducerAggregator.java
5,storm-core/src/jvm/storm/trident/operation/TridentCollector.java
5,storm-core/src/jvm/storm/trident/operation/TridentMultiReducerContext.java
5,storm-core/src/jvm/storm/trident/operation/TridentOperationContext.java
5,storm-core/src/jvm/storm/trident/operation/builtin/Count.java
5,storm-core/src/jvm/storm/trident/operation/builtin/Debug.java
5,storm-core/src/jvm/storm/trident/operation/builtin/Equals.java
5,storm-core/src/jvm/storm/trident/operation/builtin/FilterNull.java
5,storm-core/src/jvm/storm/trident/operation/builtin/FirstN.java
5,storm-core/src/jvm/storm/trident/operation/builtin/MapGet.java
5,storm-core/src/jvm/storm/trident/operation/builtin/Negate.java
5,storm-core/src/jvm/storm/trident/operation/builtin/SnapshotGet.java
5,storm-core/src/jvm/storm/trident/operation/builtin/Sum.java
5,storm-core/src/jvm/storm/trident/operation/builtin/TupleCollectionGet.java
5,storm-core/src/jvm/storm/trident/operation/impl/CaptureCollector.java
5,storm-core/src/jvm/storm/trident/operation/impl/ChainedAggregatorImpl.java
5,storm-core/src/jvm/storm/trident/operation/impl/ChainedResult.java
5,storm-core/src/jvm/storm/trident/operation/impl/CombinerAggStateUpdater.java
5,storm-core/src/jvm/storm/trident/operation/impl/CombinerAggregatorCombineImpl.java
5,storm-core/src/jvm/storm/trident/operation/impl/CombinerAggregatorInitImpl.java
5,storm-core/src/jvm/storm/trident/operation/impl/FilterExecutor.java
5,storm-core/src/jvm/storm/trident/operation/impl/GlobalBatchToPartition.java
5,storm-core/src/jvm/storm/trident/operation/impl/GroupCollector.java
5,storm-core/src/jvm/storm/trident/operation/impl/GroupedAggregator.java
5,storm-core/src/jvm/storm/trident/operation/impl/GroupedMultiReducerExecutor.java
5,storm-core/src/jvm/storm/trident/operation/impl/IdentityMultiReducer.java
5,storm-core/src/jvm/storm/trident/operation/impl/IndexHashBatchToPartition.java
5,storm-core/src/jvm/storm/trident/operation/impl/JoinerMultiReducer.java
5,storm-core/src/jvm/storm/trident/operation/impl/ReducerAggStateUpdater.java
5,storm-core/src/jvm/storm/trident/operation/impl/ReducerAggregatorImpl.java
5,storm-core/src/jvm/storm/trident/operation/impl/Result.java
5,storm-core/src/jvm/storm/trident/operation/impl/SingleEmitAggregator.java
5,storm-core/src/jvm/storm/trident/operation/impl/TrueFilter.java
5,storm-core/src/jvm/storm/trident/partition/GlobalGrouping.java
5,storm-core/src/jvm/storm/trident/partition/IdentityGrouping.java
5,storm-core/src/jvm/storm/trident/partition/IndexHashGrouping.java
5,storm-core/src/jvm/storm/trident/planner/BridgeReceiver.java
5,storm-core/src/jvm/storm/trident/planner/Node.java
5,storm-core/src/jvm/storm/trident/planner/NodeStateInfo.java
5,storm-core/src/jvm/storm/trident/planner/PartitionNode.java
5,storm-core/src/jvm/storm/trident/planner/ProcessorContext.java
5,storm-core/src/jvm/storm/trident/planner/ProcessorNode.java
5,storm-core/src/jvm/storm/trident/planner/SpoutNode.java
5,storm-core/src/jvm/storm/trident/planner/SubtopologyBolt.java
5,storm-core/src/jvm/storm/trident/planner/TridentProcessor.java
5,storm-core/src/jvm/storm/trident/planner/TupleReceiver.java
5,storm-core/src/jvm/storm/trident/planner/processor/AggregateProcessor.java
5,storm-core/src/jvm/storm/trident/planner/processor/AppendCollector.java
5,storm-core/src/jvm/storm/trident/planner/processor/EachProcessor.java
5,storm-core/src/jvm/storm/trident/planner/processor/FreshCollector.java
5,storm-core/src/jvm/storm/trident/planner/processor/MultiReducerProcessor.java
5,storm-core/src/jvm/storm/trident/planner/processor/PartitionPersistProcessor.java
5,storm-core/src/jvm/storm/trident/planner/processor/ProjectedProcessor.java
5,storm-core/src/jvm/storm/trident/planner/processor/StateQueryProcessor.java
5,storm-core/src/jvm/storm/trident/planner/processor/TridentContext.java
5,storm-core/src/jvm/storm/trident/spout/BatchSpoutExecutor.java
5,storm-core/src/jvm/storm/trident/spout/IBatchID.java
5,storm-core/src/jvm/storm/trident/spout/IBatchSpout.java
5,storm-core/src/jvm/storm/trident/spout/ICommitterTridentSpout.java
5,storm-core/src/jvm/storm/trident/spout/IOpaquePartitionedTridentSpout.java
5,storm-core/src/jvm/storm/trident/spout/IPartitionedTridentSpout.java
5,storm-core/src/jvm/storm/trident/spout/ISpoutPartition.java
5,storm-core/src/jvm/storm/trident/spout/ITridentSpout.java
5,storm-core/src/jvm/storm/trident/spout/OpaquePartitionedTridentSpoutExecutor.java
5,storm-core/src/jvm/storm/trident/spout/PartitionedTridentSpoutExecutor.java
5,storm-core/src/jvm/storm/trident/spout/RichSpoutBatchExecutor.java
5,storm-core/src/jvm/storm/trident/spout/RichSpoutBatchId.java
5,storm-core/src/jvm/storm/trident/spout/RichSpoutBatchIdSerializer.java
5,storm-core/src/jvm/storm/trident/spout/RichSpoutBatchTriggerer.java
5,storm-core/src/jvm/storm/trident/spout/TridentSpoutCoordinator.java
5,storm-core/src/jvm/storm/trident/spout/TridentSpoutExecutor.java
5,storm-core/src/jvm/storm/trident/state/BaseQueryFunction.java
5,storm-core/src/jvm/storm/trident/state/BaseStateUpdater.java
5,storm-core/src/jvm/storm/trident/state/CombinerValueUpdater.java
5,storm-core/src/jvm/storm/trident/state/ITupleCollection.java
5,storm-core/src/jvm/storm/trident/state/JSONNonTransactionalSerializer.java
5,storm-core/src/jvm/storm/trident/state/JSONOpaqueSerializer.java
5,storm-core/src/jvm/storm/trident/state/JSONTransactionalSerializer.java
5,storm-core/src/jvm/storm/trident/state/OpaqueValue.java
5,storm-core/src/jvm/storm/trident/state/QueryFunction.java
5,storm-core/src/jvm/storm/trident/state/ReadOnlyState.java
5,storm-core/src/jvm/storm/trident/state/ReducerValueUpdater.java
5,storm-core/src/jvm/storm/trident/state/Serializer.java
5,storm-core/src/jvm/storm/trident/state/State.java
5,storm-core/src/jvm/storm/trident/state/StateFactory.java
5,storm-core/src/jvm/storm/trident/state/StateSpec.java
5,storm-core/src/jvm/storm/trident/state/StateType.java
5,storm-core/src/jvm/storm/trident/state/StateUpdater.java
5,storm-core/src/jvm/storm/trident/state/TransactionalValue.java
5,storm-core/src/jvm/storm/trident/state/ValueUpdater.java
5,storm-core/src/jvm/storm/trident/state/map/CachedBatchReadsMap.java
5,storm-core/src/jvm/storm/trident/state/map/CachedMap.java
5,storm-core/src/jvm/storm/trident/state/map/IBackingMap.java
5,storm-core/src/jvm/storm/trident/state/map/MapCombinerAggStateUpdater.java
5,storm-core/src/jvm/storm/trident/state/map/MapReducerAggStateUpdater.java
5,storm-core/src/jvm/storm/trident/state/map/MapState.java
5,storm-core/src/jvm/storm/trident/state/map/MicroBatchIBackingMap.java
5,storm-core/src/jvm/storm/trident/state/map/NonTransactionalMap.java
5,storm-core/src/jvm/storm/trident/state/map/OpaqueMap.java
5,storm-core/src/jvm/storm/trident/state/map/ReadOnlyMapState.java
5,storm-core/src/jvm/storm/trident/state/map/RemovableMapState.java
5,storm-core/src/jvm/storm/trident/state/map/SnapshottableMap.java
5,storm-core/src/jvm/storm/trident/state/map/TransactionalMap.java
5,storm-core/src/jvm/storm/trident/state/snapshot/ReadOnlySnapshottable.java
5,storm-core/src/jvm/storm/trident/state/snapshot/Snapshottable.java
5,storm-core/src/jvm/storm/trident/testing/CountAsAggregator.java
5,storm-core/src/jvm/storm/trident/testing/FeederBatchSpout.java
5,storm-core/src/jvm/storm/trident/testing/FeederCommitterBatchSpout.java
5,storm-core/src/jvm/storm/trident/testing/FixedBatchSpout.java
5,storm-core/src/jvm/storm/trident/testing/IFeeder.java
5,storm-core/src/jvm/storm/trident/testing/LRUMemoryMapState.java
5,storm-core/src/jvm/storm/trident/testing/MemoryBackingMap.java
5,storm-core/src/jvm/storm/trident/testing/MemoryMapState.java
5,storm-core/src/jvm/storm/trident/testing/Split.java
5,storm-core/src/jvm/storm/trident/testing/StringLength.java
5,storm-core/src/jvm/storm/trident/testing/TrueFilter.java
5,storm-core/src/jvm/storm/trident/testing/TuplifyArgs.java
5,storm-core/src/jvm/storm/trident/topology/BatchInfo.java
5,storm-core/src/jvm/storm/trident/topology/ITridentBatchBolt.java
5,storm-core/src/jvm/storm/trident/topology/MasterBatchCoordinator.java
5,storm-core/src/jvm/storm/trident/topology/TransactionAttempt.java
5,storm-core/src/jvm/storm/trident/topology/TridentBoltExecutor.java
5,storm-core/src/jvm/storm/trident/topology/TridentTopologyBuilder.java
5,storm-core/src/jvm/storm/trident/topology/state/RotatingTransactionalState.java
5,storm-core/src/jvm/storm/trident/topology/state/TransactionalState.java
5,storm-core/src/jvm/storm/trident/tuple/ComboList.java
5,storm-core/src/jvm/storm/trident/tuple/ConsList.java
5,storm-core/src/jvm/storm/trident/tuple/TridentTuple.java
5,storm-core/src/jvm/storm/trident/tuple/TridentTupleView.java
5,storm-core/src/jvm/storm/trident/tuple/ValuePointer.java
5,storm-core/src/jvm/storm/trident/util/ErrorEdgeFactory.java
5,storm-core/src/jvm/storm/trident/util/IndexedEdge.java
5,storm-core/src/jvm/storm/trident/util/LRUMap.java
5,storm-core/src/jvm/storm/trident/util/TridentUtils.java
6,external/storm-hbase/src/main/java/org/apache/storm/hbase/bolt/AbstractHBaseBolt.java
6,external/storm-hbase/src/main/java/org/apache/storm/hbase/bolt/HBaseBolt.java
6,external/storm-hbase/src/main/java/org/apache/storm/hbase/bolt/HBaseLookupBolt.java
6,external/storm-hbase/src/main/java/org/apache/storm/hbase/bolt/mapper/HBaseMapper.java
6,external/storm-hbase/src/main/java/org/apache/storm/hbase/bolt/mapper/HBaseProjectionCriteria.java
6,external/storm-hbase/src/main/java/org/apache/storm/hbase/bolt/mapper/HBaseValueMapper.java
6,external/storm-hbase/src/main/java/org/apache/storm/hbase/bolt/mapper/SimpleHBaseMapper.java
6,external/storm-hbase/src/main/java/org/apache/storm/hbase/common/ColumnList.java
6,external/storm-hbase/src/main/java/org/apache/storm/hbase/common/HBaseClient.java
6,external/storm-hbase/src/main/java/org/apache/storm/hbase/common/IColumn.java
6,external/storm-hbase/src/main/java/org/apache/storm/hbase/common/ICounter.java
6,external/storm-hbase/src/main/java/org/apache/storm/hbase/common/Utils.java
6,external/storm-hbase/src/main/java/org/apache/storm/hbase/security/HBaseSecurityUtil.java
6,external/storm-hbase/src/main/java/org/apache/storm/hbase/trident/mapper/SimpleTridentHBaseMapper.java
6,external/storm-hbase/src/main/java/org/apache/storm/hbase/trident/mapper/TridentHBaseMapper.java
6,external/storm-hbase/src/main/java/org/apache/storm/hbase/trident/state/HBaseMapState.java
6,external/storm-hbase/src/main/java/org/apache/storm/hbase/trident/state/HBaseQuery.java
6,external/storm-hbase/src/main/java/org/apache/storm/hbase/trident/state/HBaseState.java
6,external/storm-hbase/src/main/java/org/apache/storm/hbase/trident/state/HBaseStateFactory.java
6,external/storm-hbase/src/main/java/org/apache/storm/hbase/trident/state/HBaseUpdater.java
6,external/storm-hdfs/src/main/java/org/apache/storm/hdfs/bolt/AbstractHdfsBolt.java
6,external/storm-hdfs/src/main/java/org/apache/storm/hdfs/bolt/HdfsBolt.java
6,external/storm-hdfs/src/main/java/org/apache/storm/hdfs/bolt/SequenceFileBolt.java
6,external/storm-hdfs/src/main/java/org/apache/storm/hdfs/bolt/format/DefaultFileNameFormat.java
6,external/storm-hdfs/src/main/java/org/apache/storm/hdfs/bolt/format/DefaultSequenceFormat.java
6,external/storm-hdfs/src/main/java/org/apache/storm/hdfs/bolt/format/DelimitedRecordFormat.java
6,external/storm-hdfs/src/main/java/org/apache/storm/hdfs/bolt/format/FileNameFormat.java
6,external/storm-hdfs/src/main/java/org/apache/storm/hdfs/bolt/format/RecordFormat.java
6,external/storm-hdfs/src/main/java/org/apache/storm/hdfs/bolt/format/SequenceFormat.java
6,external/storm-hdfs/src/main/java/org/apache/storm/hdfs/bolt/rotation/FileRotationPolicy.java
6,external/storm-hdfs/src/main/java/org/apache/storm/hdfs/bolt/rotation/FileSizeRotationPolicy.java
6,external/storm-hdfs/src/main/java/org/apache/storm/hdfs/bolt/rotation/NoRotationPolicy.java
6,external/storm-hdfs/src/main/java/org/apache/storm/hdfs/bolt/rotation/TimedRotationPolicy.java
6,external/storm-hdfs/src/main/java/org/apache/storm/hdfs/bolt/sync/CountSyncPolicy.java
6,external/storm-hdfs/src/main/java/org/apache/storm/hdfs/bolt/sync/SyncPolicy.java
6,external/storm-hdfs/src/main/java/org/apache/storm/hdfs/common/rotation/MoveFileAction.java
6,external/storm-hdfs/src/main/java/org/apache/storm/hdfs/common/rotation/RotationAction.java
6,external/storm-hdfs/src/main/java/org/apache/storm/hdfs/common/security/HdfsSecurityUtil.java
6,external/storm-hdfs/src/main/java/org/apache/storm/hdfs/trident/HdfsState.java
6,external/storm-hdfs/src/main/java/org/apache/storm/hdfs/trident/HdfsStateFactory.java
6,external/storm-hdfs/src/main/java/org/apache/storm/hdfs/trident/HdfsUpdater.java
6,external/storm-hdfs/src/main/java/org/apache/storm/hdfs/trident/format/DefaultFileNameFormat.java
6,external/storm-hdfs/src/main/java/org/apache/storm/hdfs/trident/format/DefaultSequenceFormat.java
6,external/storm-hdfs/src/main/java/org/apache/storm/hdfs/trident/format/DelimitedRecordFormat.java
6,external/storm-hdfs/src/main/java/org/apache/storm/hdfs/trident/format/FileNameFormat.java
6,external/storm-hdfs/src/main/java/org/apache/storm/hdfs/trident/format/RecordFormat.java
6,external/storm-hdfs/src/main/java/org/apache/storm/hdfs/trident/format/SequenceFormat.java
6,external/storm-hdfs/src/main/java/org/apache/storm/hdfs/trident/rotation/FileRotationPolicy.java
6,external/storm-hdfs/src/main/java/org/apache/storm/hdfs/trident/rotation/FileSizeRotationPolicy.java
6,external/storm-hdfs/src/main/java/org/apache/storm/hdfs/trident/rotation/NoRotationPolicy.java
6,external/storm-hdfs/src/main/java/org/apache/storm/hdfs/trident/rotation/TimedRotationPolicy.java
6,external/storm-hdfs/src/main/java/org/apache/storm/hdfs/trident/sync/CountSyncPolicy.java
6,external/storm-hdfs/src/main/java/org/apache/storm/hdfs/trident/sync/SyncPolicy.java
6,external/storm-kafka/src/jvm/storm/kafka/Broker.java
6,external/storm-kafka/src/jvm/storm/kafka/BrokerHosts.java
6,external/storm-kafka/src/jvm/storm/kafka/DynamicBrokersReader.java
6,external/storm-kafka/src/jvm/storm/kafka/DynamicPartitionConnections.java
6,external/storm-kafka/src/jvm/storm/kafka/FailedFetchException.java
6,external/storm-kafka/src/jvm/storm/kafka/KafkaConfig.java
6,external/storm-kafka/src/jvm/storm/kafka/KafkaError.java
6,external/storm-kafka/src/jvm/storm/kafka/KafkaSpout.java
6,external/storm-kafka/src/jvm/storm/kafka/KafkaUtils.java
6,external/storm-kafka/src/jvm/storm/kafka/KeyValueScheme.java
6,external/storm-kafka/src/jvm/storm/kafka/KeyValueSchemeAsMultiScheme.java
6,external/storm-kafka/src/jvm/storm/kafka/Partition.java
6,external/storm-kafka/src/jvm/storm/kafka/PartitionCoordinator.java
6,external/storm-kafka/src/jvm/storm/kafka/PartitionManager.java
6,external/storm-kafka/src/jvm/storm/kafka/SpoutConfig.java
6,external/storm-kafka/src/jvm/storm/kafka/StaticCoordinator.java
6,external/storm-kafka/src/jvm/storm/kafka/StaticHosts.java
6,external/storm-kafka/src/jvm/storm/kafka/StaticPartitionConnections.java
6,external/storm-kafka/src/jvm/storm/kafka/StringKeyValueScheme.java
6,external/storm-kafka/src/jvm/storm/kafka/StringScheme.java
6,external/storm-kafka/src/jvm/storm/kafka/UpdateOffsetException.java
6,external/storm-kafka/src/jvm/storm/kafka/ZkCoordinator.java
6,external/storm-kafka/src/jvm/storm/kafka/ZkHosts.java
6,external/storm-kafka/src/jvm/storm/kafka/ZkState.java
6,external/storm-kafka/src/jvm/storm/kafka/bolt/KafkaBolt.java
6,external/storm-kafka/src/jvm/storm/kafka/bolt/mapper/FieldNameBasedTupleToKafkaMapper.java
6,external/storm-kafka/src/jvm/storm/kafka/bolt/mapper/TupleToKafkaMapper.java
6,external/storm-kafka/src/jvm/storm/kafka/bolt/selector/DefaultTopicSelector.java
6,external/storm-kafka/src/jvm/storm/kafka/bolt/selector/KafkaTopicSelector.java
6,external/storm-kafka/src/jvm/storm/kafka/trident/Coordinator.java
6,external/storm-kafka/src/jvm/storm/kafka/trident/DefaultCoordinator.java
6,external/storm-kafka/src/jvm/storm/kafka/trident/GlobalPartitionInformation.java
6,external/storm-kafka/src/jvm/storm/kafka/trident/IBatchCoordinator.java
6,external/storm-kafka/src/jvm/storm/kafka/trident/IBrokerReader.java
6,external/storm-kafka/src/jvm/storm/kafka/trident/MaxMetric.java
6,external/storm-kafka/src/jvm/storm/kafka/trident/OpaqueTridentKafkaSpout.java
6,external/storm-kafka/src/jvm/storm/kafka/trident/StaticBrokerReader.java
6,external/storm-kafka/src/jvm/storm/kafka/trident/TransactionalTridentKafkaSpout.java
6,external/storm-kafka/src/jvm/storm/kafka/trident/TridentKafkaConfig.java
6,external/storm-kafka/src/jvm/storm/kafka/trident/TridentKafkaEmitter.java
6,external/storm-kafka/src/jvm/storm/kafka/trident/TridentKafkaState.java
6,external/storm-kafka/src/jvm/storm/kafka/trident/TridentKafkaStateFactory.java
6,external/storm-kafka/src/jvm/storm/kafka/trident/TridentKafkaUpdater.java
6,external/storm-kafka/src/jvm/storm/kafka/trident/ZkBrokerReader.java
6,external/storm-kafka/src/jvm/storm/kafka/trident/mapper/FieldNameBasedTupleToKafkaMapper.java
6,external/storm-kafka/src/jvm/storm/kafka/trident/mapper/TridentTupleToKafkaMapper.java
6,external/storm-kafka/src/jvm/storm/kafka/trident/selector/DefaultTopicSelector.java
6,external/storm-kafka/src/jvm/storm/kafka/trident/selector/KafkaTopicSelector.java
6,storm-core/src/jvm/backtype/storm/Config.java
6,storm-core/src/jvm/backtype/storm/ConfigValidation.java
6,storm-core/src/jvm/backtype/storm/Constants.java
6,storm-core/src/jvm/backtype/storm/ILocalCluster.java
6,storm-core/src/jvm/backtype/storm/ILocalDRPC.java
6,storm-core/src/jvm/backtype/storm/StormSubmitter.java
6,storm-core/src/jvm/backtype/storm/clojure/ClojureBolt.java
6,storm-core/src/jvm/backtype/storm/clojure/ClojureSpout.java
6,storm-core/src/jvm/backtype/storm/clojure/RichShellBolt.java
6,storm-core/src/jvm/backtype/storm/clojure/RichShellSpout.java
6,storm-core/src/jvm/backtype/storm/coordination/BatchBoltExecutor.java
6,storm-core/src/jvm/backtype/storm/coordination/BatchOutputCollector.java
6,storm-core/src/jvm/backtype/storm/coordination/BatchOutputCollectorImpl.java
6,storm-core/src/jvm/backtype/storm/coordination/BatchSubtopologyBuilder.java
6,storm-core/src/jvm/backtype/storm/coordination/CoordinatedBolt.java
6,storm-core/src/jvm/backtype/storm/coordination/IBatchBolt.java
6,storm-core/src/jvm/backtype/storm/daemon/Shutdownable.java
6,storm-core/src/jvm/backtype/storm/drpc/DRPCInvocationsClient.java
6,storm-core/src/jvm/backtype/storm/drpc/DRPCSpout.java
6,storm-core/src/jvm/backtype/storm/drpc/JoinResult.java
6,storm-core/src/jvm/backtype/storm/drpc/KeyedFairBolt.java
6,storm-core/src/jvm/backtype/storm/drpc/LinearDRPCInputDeclarer.java
6,storm-core/src/jvm/backtype/storm/drpc/LinearDRPCTopologyBuilder.java
6,storm-core/src/jvm/backtype/storm/drpc/PrepareRequest.java
6,storm-core/src/jvm/backtype/storm/drpc/ReturnResults.java
6,storm-core/src/jvm/backtype/storm/grouping/CustomStreamGrouping.java
6,storm-core/src/jvm/backtype/storm/hooks/BaseTaskHook.java
6,storm-core/src/jvm/backtype/storm/hooks/ITaskHook.java
6,storm-core/src/jvm/backtype/storm/hooks/info/BoltAckInfo.java
6,storm-core/src/jvm/backtype/storm/hooks/info/BoltExecuteInfo.java
6,storm-core/src/jvm/backtype/storm/hooks/info/BoltFailInfo.java
6,storm-core/src/jvm/backtype/storm/hooks/info/EmitInfo.java
6,storm-core/src/jvm/backtype/storm/hooks/info/SpoutAckInfo.java
6,storm-core/src/jvm/backtype/storm/hooks/info/SpoutFailInfo.java
6,storm-core/src/jvm/backtype/storm/messaging/ConnectionWithStatus.java
6,storm-core/src/jvm/backtype/storm/messaging/IConnection.java
6,storm-core/src/jvm/backtype/storm/messaging/IContext.java
6,storm-core/src/jvm/backtype/storm/messaging/TaskMessage.java
6,storm-core/src/jvm/backtype/storm/messaging/TransportFactory.java
6,storm-core/src/jvm/backtype/storm/messaging/netty/Client.java
6,storm-core/src/jvm/backtype/storm/messaging/netty/Context.java
6,storm-core/src/jvm/backtype/storm/messaging/netty/ControlMessage.java
6,storm-core/src/jvm/backtype/storm/messaging/netty/MessageBatch.java
6,storm-core/src/jvm/backtype/storm/messaging/netty/MessageDecoder.java
6,storm-core/src/jvm/backtype/storm/messaging/netty/MessageEncoder.java
6,storm-core/src/jvm/backtype/storm/messaging/netty/NettyRenameThreadFactory.java
6,storm-core/src/jvm/backtype/storm/messaging/netty/Server.java
6,storm-core/src/jvm/backtype/storm/messaging/netty/StormClientErrorHandler.java
6,storm-core/src/jvm/backtype/storm/messaging/netty/StormClientPipelineFactory.java
6,storm-core/src/jvm/backtype/storm/messaging/netty/StormServerHandler.java
6,storm-core/src/jvm/backtype/storm/messaging/netty/StormServerPipelineFactory.java
6,storm-core/src/jvm/backtype/storm/metric/LoggingMetricsConsumer.java
6,storm-core/src/jvm/backtype/storm/metric/MetricsConsumerBolt.java
6,storm-core/src/jvm/backtype/storm/metric/SystemBolt.java
6,storm-core/src/jvm/backtype/storm/metric/api/AssignableMetric.java
6,storm-core/src/jvm/backtype/storm/metric/api/CombinedMetric.java
6,storm-core/src/jvm/backtype/storm/metric/api/CountMetric.java
6,storm-core/src/jvm/backtype/storm/metric/api/ICombiner.java
6,storm-core/src/jvm/backtype/storm/metric/api/IMetric.java
6,storm-core/src/jvm/backtype/storm/metric/api/IMetricsConsumer.java
6,storm-core/src/jvm/backtype/storm/metric/api/IReducer.java
6,storm-core/src/jvm/backtype/storm/metric/api/IStatefulObject.java
6,storm-core/src/jvm/backtype/storm/metric/api/MeanReducer.java
6,storm-core/src/jvm/backtype/storm/metric/api/MultiCountMetric.java
6,storm-core/src/jvm/backtype/storm/metric/api/MultiReducedMetric.java
6,storm-core/src/jvm/backtype/storm/metric/api/ReducedMetric.java
6,storm-core/src/jvm/backtype/storm/metric/api/StateMetric.java
6,storm-core/src/jvm/backtype/storm/metric/api/rpc/AssignableShellMetric.java
6,storm-core/src/jvm/backtype/storm/metric/api/rpc/CombinedShellMetric.java
6,storm-core/src/jvm/backtype/storm/metric/api/rpc/CountShellMetric.java
6,storm-core/src/jvm/backtype/storm/metric/api/rpc/IShellMetric.java
6,storm-core/src/jvm/backtype/storm/metric/api/rpc/ReducedShellMetric.java
6,storm-core/src/jvm/backtype/storm/multilang/BoltMsg.java
6,storm-core/src/jvm/backtype/storm/multilang/ISerializer.java
6,storm-core/src/jvm/backtype/storm/multilang/JsonSerializer.java
6,storm-core/src/jvm/backtype/storm/multilang/NoOutputException.java
6,storm-core/src/jvm/backtype/storm/multilang/ShellMsg.java
6,storm-core/src/jvm/backtype/storm/multilang/SpoutMsg.java
6,storm-core/src/jvm/backtype/storm/nimbus/DefaultTopologyValidator.java
6,storm-core/src/jvm/backtype/storm/nimbus/ITopologyValidator.java
6,storm-core/src/jvm/backtype/storm/planner/CompoundSpout.java
6,storm-core/src/jvm/backtype/storm/planner/CompoundTask.java
6,storm-core/src/jvm/backtype/storm/planner/TaskBundle.java
6,storm-core/src/jvm/backtype/storm/scheduler/Cluster.java
6,storm-core/src/jvm/backtype/storm/scheduler/ExecutorDetails.java
6,storm-core/src/jvm/backtype/storm/scheduler/INimbus.java
6,storm-core/src/jvm/backtype/storm/scheduler/IScheduler.java
6,storm-core/src/jvm/backtype/storm/scheduler/ISupervisor.java
6,storm-core/src/jvm/backtype/storm/scheduler/SchedulerAssignment.java
6,storm-core/src/jvm/backtype/storm/scheduler/SchedulerAssignmentImpl.java
6,storm-core/src/jvm/backtype/storm/scheduler/SupervisorDetails.java
6,storm-core/src/jvm/backtype/storm/scheduler/Topologies.java
6,storm-core/src/jvm/backtype/storm/scheduler/TopologyDetails.java
6,storm-core/src/jvm/backtype/storm/scheduler/WorkerSlot.java
6,storm-core/src/jvm/backtype/storm/security/auth/AuthUtils.java
6,storm-core/src/jvm/backtype/storm/security/auth/IAuthorizer.java
6,storm-core/src/jvm/backtype/storm/security/auth/ITransportPlugin.java
6,storm-core/src/jvm/backtype/storm/security/auth/ReqContext.java
6,storm-core/src/jvm/backtype/storm/security/auth/SaslTransportPlugin.java
6,storm-core/src/jvm/backtype/storm/security/auth/SimpleTransportPlugin.java
6,storm-core/src/jvm/backtype/storm/security/auth/ThriftClient.java
6,storm-core/src/jvm/backtype/storm/security/auth/ThriftServer.java
6,storm-core/src/jvm/backtype/storm/security/auth/authorizer/DenyAuthorizer.java
6,storm-core/src/jvm/backtype/storm/security/auth/authorizer/NoopAuthorizer.java
6,storm-core/src/jvm/backtype/storm/security/auth/digest/ClientCallbackHandler.java
6,storm-core/src/jvm/backtype/storm/security/auth/digest/DigestSaslTransportPlugin.java
6,storm-core/src/jvm/backtype/storm/security/auth/digest/ServerCallbackHandler.java
6,storm-core/src/jvm/backtype/storm/security/serialization/BlowfishTupleSerializer.java
6,storm-core/src/jvm/backtype/storm/serialization/DefaultKryoFactory.java
6,storm-core/src/jvm/backtype/storm/serialization/DefaultSerializationDelegate.java
6,storm-core/src/jvm/backtype/storm/serialization/GzipBridgeSerializationDelegate.java
6,storm-core/src/jvm/backtype/storm/serialization/GzipSerializationDelegate.java
6,storm-core/src/jvm/backtype/storm/serialization/IKryoDecorator.java
6,storm-core/src/jvm/backtype/storm/serialization/IKryoFactory.java
6,storm-core/src/jvm/backtype/storm/serialization/ITupleDeserializer.java
6,storm-core/src/jvm/backtype/storm/serialization/ITupleSerializer.java
6,storm-core/src/jvm/backtype/storm/serialization/KryoTupleDeserializer.java
6,storm-core/src/jvm/backtype/storm/serialization/KryoTupleSerializer.java
6,storm-core/src/jvm/backtype/storm/serialization/KryoValuesDeserializer.java
6,storm-core/src/jvm/backtype/storm/serialization/KryoValuesSerializer.java
6,storm-core/src/jvm/backtype/storm/serialization/SerializableSerializer.java
6,storm-core/src/jvm/backtype/storm/serialization/SerializationDelegate.java
6,storm-core/src/jvm/backtype/storm/serialization/SerializationFactory.java
6,storm-core/src/jvm/backtype/storm/serialization/types/ArrayListSerializer.java
6,storm-core/src/jvm/backtype/storm/serialization/types/HashMapSerializer.java
6,storm-core/src/jvm/backtype/storm/serialization/types/HashSetSerializer.java
6,storm-core/src/jvm/backtype/storm/serialization/types/ListDelegateSerializer.java
6,storm-core/src/jvm/backtype/storm/spout/IMultiSchemableSpout.java
6,storm-core/src/jvm/backtype/storm/spout/ISchemableSpout.java
6,storm-core/src/jvm/backtype/storm/spout/ISpout.java
6,storm-core/src/jvm/backtype/storm/spout/ISpoutOutputCollector.java
6,storm-core/src/jvm/backtype/storm/spout/ISpoutWaitStrategy.java
6,storm-core/src/jvm/backtype/storm/spout/MultiScheme.java
6,storm-core/src/jvm/backtype/storm/spout/NothingEmptyEmitStrategy.java
6,storm-core/src/jvm/backtype/storm/spout/RawMultiScheme.java
6,storm-core/src/jvm/backtype/storm/spout/RawScheme.java
6,storm-core/src/jvm/backtype/storm/spout/Scheme.java
6,storm-core/src/jvm/backtype/storm/spout/SchemeAsMultiScheme.java
6,storm-core/src/jvm/backtype/storm/spout/ShellSpout.java
6,storm-core/src/jvm/backtype/storm/spout/SleepSpoutWaitStrategy.java
6,storm-core/src/jvm/backtype/storm/spout/SpoutOutputCollector.java
6,storm-core/src/jvm/backtype/storm/state/IStateSpout.java
6,storm-core/src/jvm/backtype/storm/state/IStateSpoutOutputCollector.java
6,storm-core/src/jvm/backtype/storm/state/ISubscribedState.java
6,storm-core/src/jvm/backtype/storm/state/ISynchronizeOutputCollector.java
6,storm-core/src/jvm/backtype/storm/state/StateSpoutOutputCollector.java
6,storm-core/src/jvm/backtype/storm/state/SynchronizeOutputCollector.java
6,storm-core/src/jvm/backtype/storm/task/GeneralTopologyContext.java
6,storm-core/src/jvm/backtype/storm/task/IBolt.java
6,storm-core/src/jvm/backtype/storm/task/IErrorReporter.java
6,storm-core/src/jvm/backtype/storm/task/IMetricsContext.java
6,storm-core/src/jvm/backtype/storm/task/IOutputCollector.java
6,storm-core/src/jvm/backtype/storm/task/OutputCollector.java
6,storm-core/src/jvm/backtype/storm/task/ShellBolt.java
6,storm-core/src/jvm/backtype/storm/task/TopologyContext.java
6,storm-core/src/jvm/backtype/storm/task/WorkerTopologyContext.java
6,storm-core/src/jvm/backtype/storm/testing/AckFailDelegate.java
6,storm-core/src/jvm/backtype/storm/testing/AckFailMapTracker.java
6,storm-core/src/jvm/backtype/storm/testing/AckTracker.java
6,storm-core/src/jvm/backtype/storm/testing/BatchNumberList.java
6,storm-core/src/jvm/backtype/storm/testing/BatchProcessWord.java
6,storm-core/src/jvm/backtype/storm/testing/BatchRepeatA.java
6,storm-core/src/jvm/backtype/storm/testing/BoltTracker.java
6,storm-core/src/jvm/backtype/storm/testing/CompleteTopologyParam.java
6,storm-core/src/jvm/backtype/storm/testing/CountingBatchBolt.java
6,storm-core/src/jvm/backtype/storm/testing/CountingCommitBolt.java
6,storm-core/src/jvm/backtype/storm/testing/FeederSpout.java
6,storm-core/src/jvm/backtype/storm/testing/FixedTuple.java
6,storm-core/src/jvm/backtype/storm/testing/FixedTupleSpout.java
6,storm-core/src/jvm/backtype/storm/testing/IdentityBolt.java
6,storm-core/src/jvm/backtype/storm/testing/KeyedCountingBatchBolt.java
6,storm-core/src/jvm/backtype/storm/testing/KeyedCountingCommitterBolt.java
6,storm-core/src/jvm/backtype/storm/testing/KeyedSummingBatchBolt.java
6,storm-core/src/jvm/backtype/storm/testing/MemoryTransactionalSpout.java
6,storm-core/src/jvm/backtype/storm/testing/MemoryTransactionalSpoutMeta.java
6,storm-core/src/jvm/backtype/storm/testing/MkClusterParam.java
6,storm-core/src/jvm/backtype/storm/testing/MkTupleParam.java
6,storm-core/src/jvm/backtype/storm/testing/MockedSources.java
6,storm-core/src/jvm/backtype/storm/testing/NGrouping.java
6,storm-core/src/jvm/backtype/storm/testing/NonRichBoltTracker.java
6,storm-core/src/jvm/backtype/storm/testing/OpaqueMemoryTransactionalSpout.java
6,storm-core/src/jvm/backtype/storm/testing/PrepareBatchBolt.java
6,storm-core/src/jvm/backtype/storm/testing/PythonShellMetricsBolt.java
6,storm-core/src/jvm/backtype/storm/testing/PythonShellMetricsSpout.java
6,storm-core/src/jvm/backtype/storm/testing/SpoutTracker.java
6,storm-core/src/jvm/backtype/storm/testing/TestAggregatesCounter.java
6,storm-core/src/jvm/backtype/storm/testing/TestConfBolt.java
6,storm-core/src/jvm/backtype/storm/testing/TestEventLogSpout.java
6,storm-core/src/jvm/backtype/storm/testing/TestEventOrderCheckBolt.java
6,storm-core/src/jvm/backtype/storm/testing/TestGlobalCount.java
6,storm-core/src/jvm/backtype/storm/testing/TestJob.java
6,storm-core/src/jvm/backtype/storm/testing/TestKryoDecorator.java
6,storm-core/src/jvm/backtype/storm/testing/TestPlannerBolt.java
6,storm-core/src/jvm/backtype/storm/testing/TestPlannerSpout.java
6,storm-core/src/jvm/backtype/storm/testing/TestSerObject.java
6,storm-core/src/jvm/backtype/storm/testing/TestWordCounter.java
6,storm-core/src/jvm/backtype/storm/testing/TestWordSpout.java
6,storm-core/src/jvm/backtype/storm/testing/TrackedTopology.java
6,storm-core/src/jvm/backtype/storm/testing/TupleCaptureBolt.java
6,storm-core/src/jvm/backtype/storm/topology/BaseConfigurationDeclarer.java
6,storm-core/src/jvm/backtype/storm/topology/BasicBoltExecutor.java
6,storm-core/src/jvm/backtype/storm/topology/BasicOutputCollector.java
6,storm-core/src/jvm/backtype/storm/topology/BoltDeclarer.java
6,storm-core/src/jvm/backtype/storm/topology/ComponentConfigurationDeclarer.java
6,storm-core/src/jvm/backtype/storm/topology/FailedException.java
6,storm-core/src/jvm/backtype/storm/topology/IBasicBolt.java
6,storm-core/src/jvm/backtype/storm/topology/IBasicOutputCollector.java
6,storm-core/src/jvm/backtype/storm/topology/IComponent.java
6,storm-core/src/jvm/backtype/storm/topology/IRichBolt.java
6,storm-core/src/jvm/backtype/storm/topology/IRichSpout.java
6,storm-core/src/jvm/backtype/storm/topology/IRichStateSpout.java
6,storm-core/src/jvm/backtype/storm/topology/InputDeclarer.java
6,storm-core/src/jvm/backtype/storm/topology/OutputFieldsDeclarer.java
6,storm-core/src/jvm/backtype/storm/topology/OutputFieldsGetter.java
6,storm-core/src/jvm/backtype/storm/topology/ReportedFailedException.java
6,storm-core/src/jvm/backtype/storm/topology/SpoutDeclarer.java
6,storm-core/src/jvm/backtype/storm/topology/TopologyBuilder.java
6,storm-core/src/jvm/backtype/storm/topology/base/BaseBasicBolt.java
6,storm-core/src/jvm/backtype/storm/topology/base/BaseBatchBolt.java
6,storm-core/src/jvm/backtype/storm/topology/base/BaseComponent.java
6,storm-core/src/jvm/backtype/storm/topology/base/BaseOpaquePartitionedTransactionalSpout.java
6,storm-core/src/jvm/backtype/storm/topology/base/BasePartitionedTransactionalSpout.java
6,storm-core/src/jvm/backtype/storm/topology/base/BaseRichBolt.java
6,storm-core/src/jvm/backtype/storm/topology/base/BaseRichSpout.java
6,storm-core/src/jvm/backtype/storm/topology/base/BaseTransactionalBolt.java
6,storm-core/src/jvm/backtype/storm/topology/base/BaseTransactionalSpout.java
6,storm-core/src/jvm/backtype/storm/transactional/ICommitter.java
6,storm-core/src/jvm/backtype/storm/transactional/ICommitterTransactionalSpout.java
6,storm-core/src/jvm/backtype/storm/transactional/ITransactionalSpout.java
6,storm-core/src/jvm/backtype/storm/transactional/TransactionAttempt.java
6,storm-core/src/jvm/backtype/storm/transactional/TransactionalSpoutBatchExecutor.java
6,storm-core/src/jvm/backtype/storm/transactional/TransactionalSpoutCoordinator.java
6,storm-core/src/jvm/backtype/storm/transactional/TransactionalTopologyBuilder.java
6,storm-core/src/jvm/backtype/storm/transactional/partitioned/IOpaquePartitionedTransactionalSpout.java
6,storm-core/src/jvm/backtype/storm/transactional/partitioned/IPartitionedTransactionalSpout.java
6,storm-core/src/jvm/backtype/storm/transactional/partitioned/OpaquePartitionedTransactionalSpoutExecutor.java
6,storm-core/src/jvm/backtype/storm/transactional/partitioned/PartitionedTransactionalSpoutExecutor.java
6,storm-core/src/jvm/backtype/storm/transactional/state/RotatingTransactionalState.java
6,storm-core/src/jvm/backtype/storm/transactional/state/TransactionalState.java
6,storm-core/src/jvm/backtype/storm/tuple/Fields.java
6,storm-core/src/jvm/backtype/storm/tuple/ITuple.java
6,storm-core/src/jvm/backtype/storm/tuple/MessageId.java
6,storm-core/src/jvm/backtype/storm/tuple/Tuple.java
6,storm-core/src/jvm/backtype/storm/tuple/TupleImpl.java
6,storm-core/src/jvm/backtype/storm/tuple/Values.java
6,storm-core/src/jvm/backtype/storm/ui/InvalidRequestException.java
6,storm-core/src/jvm/backtype/storm/utils/BufferFileInputStream.java
6,storm-core/src/jvm/backtype/storm/utils/CRC32OutputStream.java
6,storm-core/src/jvm/backtype/storm/utils/ClojureTimerTask.java
6,storm-core/src/jvm/backtype/storm/utils/Container.java
6,storm-core/src/jvm/backtype/storm/utils/DRPCClient.java
6,storm-core/src/jvm/backtype/storm/utils/DisruptorQueue.java
6,storm-core/src/jvm/backtype/storm/utils/IndifferentAccessMap.java
6,storm-core/src/jvm/backtype/storm/utils/InprocMessaging.java
6,storm-core/src/jvm/backtype/storm/utils/KeyedRoundRobinQueue.java
6,storm-core/src/jvm/backtype/storm/utils/ListDelegate.java
6,storm-core/src/jvm/backtype/storm/utils/LocalState.java
6,storm-core/src/jvm/backtype/storm/utils/Monitor.java
6,storm-core/src/jvm/backtype/storm/utils/MutableInt.java
6,storm-core/src/jvm/backtype/storm/utils/MutableLong.java
6,storm-core/src/jvm/backtype/storm/utils/MutableObject.java
6,storm-core/src/jvm/backtype/storm/utils/NimbusClient.java
6,storm-core/src/jvm/backtype/storm/utils/RegisteredGlobalState.java
6,storm-core/src/jvm/backtype/storm/utils/RotatingMap.java
6,storm-core/src/jvm/backtype/storm/utils/ServiceRegistry.java
6,storm-core/src/jvm/backtype/storm/utils/ShellProcess.java
6,storm-core/src/jvm/backtype/storm/utils/StormBoundedExponentialBackoffRetry.java
6,storm-core/src/jvm/backtype/storm/utils/ThriftTopologyUtils.java
6,storm-core/src/jvm/backtype/storm/utils/Time.java
6,storm-core/src/jvm/backtype/storm/utils/TimeCacheMap.java
6,storm-core/src/jvm/backtype/storm/utils/TransferDrainer.java
6,storm-core/src/jvm/backtype/storm/utils/Utils.java
6,storm-core/src/jvm/backtype/storm/utils/VersionedStore.java
6,storm-core/src/jvm/backtype/storm/utils/WindowedTimeThrottler.java
6,storm-core/src/jvm/backtype/storm/utils/WritableUtils.java
6,storm-core/src/jvm/backtype/storm/utils/ZookeeperAuthInfo.java
6,storm-core/src/jvm/storm/trident/JoinType.java
6,storm-core/src/jvm/storm/trident/Stream.java
6,storm-core/src/jvm/storm/trident/TridentState.java
6,storm-core/src/jvm/storm/trident/TridentTopology.java
6,storm-core/src/jvm/storm/trident/drpc/ReturnResultsReducer.java
6,storm-core/src/jvm/storm/trident/fluent/ChainedAggregatorDeclarer.java
6,storm-core/src/jvm/storm/trident/fluent/ChainedFullAggregatorDeclarer.java
6,storm-core/src/jvm/storm/trident/fluent/ChainedPartitionAggregatorDeclarer.java
6,storm-core/src/jvm/storm/trident/fluent/GlobalAggregationScheme.java
6,storm-core/src/jvm/storm/trident/fluent/GroupedStream.java
6,storm-core/src/jvm/storm/trident/fluent/IAggregatableStream.java
6,storm-core/src/jvm/storm/trident/fluent/IChainedAggregatorDeclarer.java
6,storm-core/src/jvm/storm/trident/fluent/UniqueIdGen.java
6,storm-core/src/jvm/storm/trident/graph/GraphGrouper.java
6,storm-core/src/jvm/storm/trident/graph/Group.java
6,storm-core/src/jvm/storm/trident/operation/Aggregator.java
6,storm-core/src/jvm/storm/trident/operation/Assembly.java
6,storm-core/src/jvm/storm/trident/operation/BaseAggregator.java
6,storm-core/src/jvm/storm/trident/operation/BaseFilter.java
6,storm-core/src/jvm/storm/trident/operation/BaseFunction.java
6,storm-core/src/jvm/storm/trident/operation/BaseMultiReducer.java
6,storm-core/src/jvm/storm/trident/operation/BaseOperation.java
6,storm-core/src/jvm/storm/trident/operation/CombinerAggregator.java
6,storm-core/src/jvm/storm/trident/operation/EachOperation.java
6,storm-core/src/jvm/storm/trident/operation/Filter.java
6,storm-core/src/jvm/storm/trident/operation/Function.java
6,storm-core/src/jvm/storm/trident/operation/GroupedMultiReducer.java
6,storm-core/src/jvm/storm/trident/operation/MultiReducer.java
6,storm-core/src/jvm/storm/trident/operation/Operation.java
6,storm-core/src/jvm/storm/trident/operation/ReducerAggregator.java
6,storm-core/src/jvm/storm/trident/operation/TridentCollector.java
6,storm-core/src/jvm/storm/trident/operation/TridentMultiReducerContext.java
6,storm-core/src/jvm/storm/trident/operation/TridentOperationContext.java
6,storm-core/src/jvm/storm/trident/operation/builtin/Count.java
6,storm-core/src/jvm/storm/trident/operation/builtin/Debug.java
6,storm-core/src/jvm/storm/trident/operation/builtin/Equals.java
6,storm-core/src/jvm/storm/trident/operation/builtin/FilterNull.java
6,storm-core/src/jvm/storm/trident/operation/builtin/FirstN.java
6,storm-core/src/jvm/storm/trident/operation/builtin/MapGet.java
6,storm-core/src/jvm/storm/trident/operation/builtin/Negate.java
6,storm-core/src/jvm/storm/trident/operation/builtin/SnapshotGet.java
6,storm-core/src/jvm/storm/trident/operation/builtin/Sum.java
6,storm-core/src/jvm/storm/trident/operation/builtin/TupleCollectionGet.java
6,storm-core/src/jvm/storm/trident/operation/impl/CaptureCollector.java
6,storm-core/src/jvm/storm/trident/operation/impl/ChainedAggregatorImpl.java
6,storm-core/src/jvm/storm/trident/operation/impl/ChainedResult.java
6,storm-core/src/jvm/storm/trident/operation/impl/CombinerAggStateUpdater.java
6,storm-core/src/jvm/storm/trident/operation/impl/CombinerAggregatorCombineImpl.java
6,storm-core/src/jvm/storm/trident/operation/impl/CombinerAggregatorInitImpl.java
6,storm-core/src/jvm/storm/trident/operation/impl/FilterExecutor.java
6,storm-core/src/jvm/storm/trident/operation/impl/GlobalBatchToPartition.java
6,storm-core/src/jvm/storm/trident/operation/impl/GroupCollector.java
6,storm-core/src/jvm/storm/trident/operation/impl/GroupedAggregator.java
6,storm-core/src/jvm/storm/trident/operation/impl/GroupedMultiReducerExecutor.java
6,storm-core/src/jvm/storm/trident/operation/impl/IdentityMultiReducer.java
6,storm-core/src/jvm/storm/trident/operation/impl/IndexHashBatchToPartition.java
6,storm-core/src/jvm/storm/trident/operation/impl/JoinerMultiReducer.java
6,storm-core/src/jvm/storm/trident/operation/impl/ReducerAggStateUpdater.java
6,storm-core/src/jvm/storm/trident/operation/impl/ReducerAggregatorImpl.java
6,storm-core/src/jvm/storm/trident/operation/impl/Result.java
6,storm-core/src/jvm/storm/trident/operation/impl/SingleEmitAggregator.java
6,storm-core/src/jvm/storm/trident/operation/impl/TrueFilter.java
6,storm-core/src/jvm/storm/trident/partition/GlobalGrouping.java
6,storm-core/src/jvm/storm/trident/partition/IdentityGrouping.java
6,storm-core/src/jvm/storm/trident/partition/IndexHashGrouping.java
6,storm-core/src/jvm/storm/trident/planner/BridgeReceiver.java
6,storm-core/src/jvm/storm/trident/planner/Node.java
6,storm-core/src/jvm/storm/trident/planner/NodeStateInfo.java
6,storm-core/src/jvm/storm/trident/planner/PartitionNode.java
6,storm-core/src/jvm/storm/trident/planner/ProcessorContext.java
6,storm-core/src/jvm/storm/trident/planner/ProcessorNode.java
6,storm-core/src/jvm/storm/trident/planner/SpoutNode.java
6,storm-core/src/jvm/storm/trident/planner/SubtopologyBolt.java
6,storm-core/src/jvm/storm/trident/planner/TridentProcessor.java
6,storm-core/src/jvm/storm/trident/planner/TupleReceiver.java
6,storm-core/src/jvm/storm/trident/planner/processor/AggregateProcessor.java
6,storm-core/src/jvm/storm/trident/planner/processor/AppendCollector.java
6,storm-core/src/jvm/storm/trident/planner/processor/EachProcessor.java
6,storm-core/src/jvm/storm/trident/planner/processor/FreshCollector.java
6,storm-core/src/jvm/storm/trident/planner/processor/MultiReducerProcessor.java
6,storm-core/src/jvm/storm/trident/planner/processor/PartitionPersistProcessor.java
6,storm-core/src/jvm/storm/trident/planner/processor/ProjectedProcessor.java
6,storm-core/src/jvm/storm/trident/planner/processor/StateQueryProcessor.java
6,storm-core/src/jvm/storm/trident/planner/processor/TridentContext.java
6,storm-core/src/jvm/storm/trident/spout/BatchSpoutExecutor.java
6,storm-core/src/jvm/storm/trident/spout/IBatchID.java
6,storm-core/src/jvm/storm/trident/spout/IBatchSpout.java
6,storm-core/src/jvm/storm/trident/spout/ICommitterTridentSpout.java
6,storm-core/src/jvm/storm/trident/spout/IOpaquePartitionedTridentSpout.java
6,storm-core/src/jvm/storm/trident/spout/IPartitionedTridentSpout.java
6,storm-core/src/jvm/storm/trident/spout/ISpoutPartition.java
6,storm-core/src/jvm/storm/trident/spout/ITridentSpout.java
6,storm-core/src/jvm/storm/trident/spout/OpaquePartitionedTridentSpoutExecutor.java
6,storm-core/src/jvm/storm/trident/spout/PartitionedTridentSpoutExecutor.java
6,storm-core/src/jvm/storm/trident/spout/RichSpoutBatchExecutor.java
6,storm-core/src/jvm/storm/trident/spout/RichSpoutBatchId.java
6,storm-core/src/jvm/storm/trident/spout/RichSpoutBatchIdSerializer.java
6,storm-core/src/jvm/storm/trident/spout/RichSpoutBatchTriggerer.java
6,storm-core/src/jvm/storm/trident/spout/TridentSpoutCoordinator.java
6,storm-core/src/jvm/storm/trident/spout/TridentSpoutExecutor.java
6,storm-core/src/jvm/storm/trident/state/BaseQueryFunction.java
6,storm-core/src/jvm/storm/trident/state/BaseStateUpdater.java
6,storm-core/src/jvm/storm/trident/state/CombinerValueUpdater.java
6,storm-core/src/jvm/storm/trident/state/ITupleCollection.java
6,storm-core/src/jvm/storm/trident/state/JSONNonTransactionalSerializer.java
6,storm-core/src/jvm/storm/trident/state/JSONOpaqueSerializer.java
6,storm-core/src/jvm/storm/trident/state/JSONTransactionalSerializer.java
6,storm-core/src/jvm/storm/trident/state/OpaqueValue.java
6,storm-core/src/jvm/storm/trident/state/QueryFunction.java
6,storm-core/src/jvm/storm/trident/state/ReadOnlyState.java
6,storm-core/src/jvm/storm/trident/state/ReducerValueUpdater.java
6,storm-core/src/jvm/storm/trident/state/Serializer.java
6,storm-core/src/jvm/storm/trident/state/State.java
6,storm-core/src/jvm/storm/trident/state/StateFactory.java
6,storm-core/src/jvm/storm/trident/state/StateSpec.java
6,storm-core/src/jvm/storm/trident/state/StateType.java
6,storm-core/src/jvm/storm/trident/state/StateUpdater.java
6,storm-core/src/jvm/storm/trident/state/TransactionalValue.java
6,storm-core/src/jvm/storm/trident/state/ValueUpdater.java
6,storm-core/src/jvm/storm/trident/state/map/CachedBatchReadsMap.java
6,storm-core/src/jvm/storm/trident/state/map/CachedMap.java
6,storm-core/src/jvm/storm/trident/state/map/IBackingMap.java
6,storm-core/src/jvm/storm/trident/state/map/MapCombinerAggStateUpdater.java
6,storm-core/src/jvm/storm/trident/state/map/MapReducerAggStateUpdater.java
6,storm-core/src/jvm/storm/trident/state/map/MapState.java
6,storm-core/src/jvm/storm/trident/state/map/MicroBatchIBackingMap.java
6,storm-core/src/jvm/storm/trident/state/map/NonTransactionalMap.java
6,storm-core/src/jvm/storm/trident/state/map/OpaqueMap.java
6,storm-core/src/jvm/storm/trident/state/map/ReadOnlyMapState.java
6,storm-core/src/jvm/storm/trident/state/map/RemovableMapState.java
6,storm-core/src/jvm/storm/trident/state/map/SnapshottableMap.java
6,storm-core/src/jvm/storm/trident/state/map/TransactionalMap.java
6,storm-core/src/jvm/storm/trident/state/snapshot/ReadOnlySnapshottable.java
6,storm-core/src/jvm/storm/trident/state/snapshot/Snapshottable.java
6,storm-core/src/jvm/storm/trident/testing/CountAsAggregator.java
6,storm-core/src/jvm/storm/trident/testing/FeederBatchSpout.java
6,storm-core/src/jvm/storm/trident/testing/FeederCommitterBatchSpout.java
6,storm-core/src/jvm/storm/trident/testing/FixedBatchSpout.java
6,storm-core/src/jvm/storm/trident/testing/IFeeder.java
6,storm-core/src/jvm/storm/trident/testing/LRUMemoryMapState.java
6,storm-core/src/jvm/storm/trident/testing/MemoryBackingMap.java
6,storm-core/src/jvm/storm/trident/testing/MemoryMapState.java
6,storm-core/src/jvm/storm/trident/testing/Split.java
6,storm-core/src/jvm/storm/trident/testing/StringLength.java
6,storm-core/src/jvm/storm/trident/testing/TrueFilter.java
6,storm-core/src/jvm/storm/trident/testing/TuplifyArgs.java
6,storm-core/src/jvm/storm/trident/topology/BatchInfo.java
6,storm-core/src/jvm/storm/trident/topology/ITridentBatchBolt.java
6,storm-core/src/jvm/storm/trident/topology/MasterBatchCoordinator.java
6,storm-core/src/jvm/storm/trident/topology/TransactionAttempt.java
6,storm-core/src/jvm/storm/trident/topology/TridentBoltExecutor.java
6,storm-core/src/jvm/storm/trident/topology/TridentTopologyBuilder.java
6,storm-core/src/jvm/storm/trident/topology/state/RotatingTransactionalState.java
6,storm-core/src/jvm/storm/trident/topology/state/TransactionalState.java
6,storm-core/src/jvm/storm/trident/tuple/ComboList.java
6,storm-core/src/jvm/storm/trident/tuple/ConsList.java
6,storm-core/src/jvm/storm/trident/tuple/TridentTuple.java
6,storm-core/src/jvm/storm/trident/tuple/TridentTupleView.java
6,storm-core/src/jvm/storm/trident/tuple/ValuePointer.java
6,storm-core/src/jvm/storm/trident/util/ErrorEdgeFactory.java
6,storm-core/src/jvm/storm/trident/util/IndexedEdge.java
6,storm-core/src/jvm/storm/trident/util/LRUMap.java
6,storm-core/src/jvm/storm/trident/util/TridentUtils.java
7,external/flux/flux-core/src/main/java/org/apache/storm/flux/Flux.java
7,external/flux/flux-core/src/main/java/org/apache/storm/flux/FluxBuilder.java
7,external/flux/flux-core/src/main/java/org/apache/storm/flux/api/TopologySource.java
7,external/flux/flux-core/src/main/java/org/apache/storm/flux/model/BeanDef.java
7,external/flux/flux-core/src/main/java/org/apache/storm/flux/model/BeanReference.java
7,external/flux/flux-core/src/main/java/org/apache/storm/flux/model/BoltDef.java
7,external/flux/flux-core/src/main/java/org/apache/storm/flux/model/ConfigMethodDef.java
7,external/flux/flux-core/src/main/java/org/apache/storm/flux/model/ExecutionContext.java
7,external/flux/flux-core/src/main/java/org/apache/storm/flux/model/GroupingDef.java
7,external/flux/flux-core/src/main/java/org/apache/storm/flux/model/IncludeDef.java
7,external/flux/flux-core/src/main/java/org/apache/storm/flux/model/ObjectDef.java
7,external/flux/flux-core/src/main/java/org/apache/storm/flux/model/PropertyDef.java
7,external/flux/flux-core/src/main/java/org/apache/storm/flux/model/SpoutDef.java
7,external/flux/flux-core/src/main/java/org/apache/storm/flux/model/StreamDef.java
7,external/flux/flux-core/src/main/java/org/apache/storm/flux/model/TopologyDef.java
7,external/flux/flux-core/src/main/java/org/apache/storm/flux/model/TopologySourceDef.java
7,external/flux/flux-core/src/main/java/org/apache/storm/flux/model/VertexDef.java
7,external/flux/flux-core/src/main/java/org/apache/storm/flux/parser/FluxParser.java
7,external/flux/flux-wrappers/src/main/java/org/apache/storm/flux/wrappers/bolts/FluxShellBolt.java
7,external/flux/flux-wrappers/src/main/java/org/apache/storm/flux/wrappers/bolts/LogInfoBolt.java
7,external/flux/flux-wrappers/src/main/java/org/apache/storm/flux/wrappers/spouts/FluxShellSpout.java
7,external/storm-eventhubs/src/main/java/org/apache/storm/eventhubs/bolt/DefaultEventDataFormat.java
7,external/storm-eventhubs/src/main/java/org/apache/storm/eventhubs/bolt/EventHubBolt.java
7,external/storm-eventhubs/src/main/java/org/apache/storm/eventhubs/bolt/EventHubBoltConfig.java
7,external/storm-eventhubs/src/main/java/org/apache/storm/eventhubs/bolt/IEventDataFormat.java
7,external/storm-eventhubs/src/main/java/org/apache/storm/eventhubs/samples/AtMostOnceEventCount.java
7,external/storm-eventhubs/src/main/java/org/apache/storm/eventhubs/samples/EventCount.java
7,external/storm-eventhubs/src/main/java/org/apache/storm/eventhubs/samples/EventHubLoop.java
7,external/storm-eventhubs/src/main/java/org/apache/storm/eventhubs/samples/OpaqueTridentEventCount.java
7,external/storm-eventhubs/src/main/java/org/apache/storm/eventhubs/samples/TransactionalTridentEventCount.java
7,external/storm-eventhubs/src/main/java/org/apache/storm/eventhubs/samples/bolt/GlobalCountBolt.java
7,external/storm-eventhubs/src/main/java/org/apache/storm/eventhubs/samples/bolt/PartialCountBolt.java
7,external/storm-eventhubs/src/main/java/org/apache/storm/eventhubs/spout/EventData.java
7,external/storm-eventhubs/src/main/java/org/apache/storm/eventhubs/spout/EventDataScheme.java
7,external/storm-eventhubs/src/main/java/org/apache/storm/eventhubs/spout/EventHubReceiverImpl.java
7,external/storm-eventhubs/src/main/java/org/apache/storm/eventhubs/spout/EventHubSpout.java
7,external/storm-eventhubs/src/main/java/org/apache/storm/eventhubs/spout/EventHubSpoutConfig.java
7,external/storm-eventhubs/src/main/java/org/apache/storm/eventhubs/spout/EventHubSpoutException.java
7,external/storm-eventhubs/src/main/java/org/apache/storm/eventhubs/spout/FieldConstants.java
7,external/storm-eventhubs/src/main/java/org/apache/storm/eventhubs/spout/IEventDataScheme.java
7,external/storm-eventhubs/src/main/java/org/apache/storm/eventhubs/spout/IEventHubReceiver.java
7,external/storm-eventhubs/src/main/java/org/apache/storm/eventhubs/spout/IEventHubReceiverFactory.java
7,external/storm-eventhubs/src/main/java/org/apache/storm/eventhubs/spout/IPartitionCoordinator.java
7,external/storm-eventhubs/src/main/java/org/apache/storm/eventhubs/spout/IPartitionManager.java
7,external/storm-eventhubs/src/main/java/org/apache/storm/eventhubs/spout/IPartitionManagerFactory.java
7,external/storm-eventhubs/src/main/java/org/apache/storm/eventhubs/spout/IStateStore.java
7,external/storm-eventhubs/src/main/java/org/apache/storm/eventhubs/spout/MessageId.java
7,external/storm-eventhubs/src/main/java/org/apache/storm/eventhubs/spout/PartitionManager.java
7,external/storm-eventhubs/src/main/java/org/apache/storm/eventhubs/spout/SimplePartitionManager.java
7,external/storm-eventhubs/src/main/java/org/apache/storm/eventhubs/spout/StaticPartitionCoordinator.java
7,external/storm-eventhubs/src/main/java/org/apache/storm/eventhubs/spout/ZookeeperStateStore.java
7,external/storm-eventhubs/src/main/java/org/apache/storm/eventhubs/trident/Coordinator.java
7,external/storm-eventhubs/src/main/java/org/apache/storm/eventhubs/trident/ITridentPartitionManager.java
7,external/storm-eventhubs/src/main/java/org/apache/storm/eventhubs/trident/ITridentPartitionManagerFactory.java
7,external/storm-eventhubs/src/main/java/org/apache/storm/eventhubs/trident/OpaqueTridentEventHubEmitter.java
7,external/storm-eventhubs/src/main/java/org/apache/storm/eventhubs/trident/OpaqueTridentEventHubSpout.java
7,external/storm-eventhubs/src/main/java/org/apache/storm/eventhubs/trident/Partition.java
7,external/storm-eventhubs/src/main/java/org/apache/storm/eventhubs/trident/Partitions.java
7,external/storm-eventhubs/src/main/java/org/apache/storm/eventhubs/trident/TransactionalTridentEventHubEmitter.java
7,external/storm-eventhubs/src/main/java/org/apache/storm/eventhubs/trident/TransactionalTridentEventHubSpout.java
7,external/storm-eventhubs/src/main/java/org/apache/storm/eventhubs/trident/TridentPartitionManager.java
7,external/storm-hbase/src/main/java/org/apache/storm/hbase/bolt/AbstractHBaseBolt.java
7,external/storm-hbase/src/main/java/org/apache/storm/hbase/bolt/HBaseBolt.java
7,external/storm-hbase/src/main/java/org/apache/storm/hbase/bolt/HBaseLookupBolt.java
7,external/storm-hbase/src/main/java/org/apache/storm/hbase/bolt/mapper/HBaseMapper.java
7,external/storm-hbase/src/main/java/org/apache/storm/hbase/bolt/mapper/HBaseProjectionCriteria.java
7,external/storm-hbase/src/main/java/org/apache/storm/hbase/bolt/mapper/HBaseValueMapper.java
7,external/storm-hbase/src/main/java/org/apache/storm/hbase/bolt/mapper/SimpleHBaseMapper.java
7,external/storm-hbase/src/main/java/org/apache/storm/hbase/common/ColumnList.java
7,external/storm-hbase/src/main/java/org/apache/storm/hbase/common/HBaseClient.java
7,external/storm-hbase/src/main/java/org/apache/storm/hbase/common/IColumn.java
7,external/storm-hbase/src/main/java/org/apache/storm/hbase/common/ICounter.java
7,external/storm-hbase/src/main/java/org/apache/storm/hbase/common/Utils.java
7,external/storm-hbase/src/main/java/org/apache/storm/hbase/security/AutoHBase.java
7,external/storm-hbase/src/main/java/org/apache/storm/hbase/security/HBaseSecurityUtil.java
7,external/storm-hbase/src/main/java/org/apache/storm/hbase/trident/mapper/SimpleTridentHBaseMapMapper.java
7,external/storm-hbase/src/main/java/org/apache/storm/hbase/trident/mapper/SimpleTridentHBaseMapper.java
7,external/storm-hbase/src/main/java/org/apache/storm/hbase/trident/mapper/TridentHBaseMapMapper.java
7,external/storm-hbase/src/main/java/org/apache/storm/hbase/trident/mapper/TridentHBaseMapper.java
7,external/storm-hbase/src/main/java/org/apache/storm/hbase/trident/state/HBaseMapState.java
7,external/storm-hbase/src/main/java/org/apache/storm/hbase/trident/state/HBaseQuery.java
7,external/storm-hbase/src/main/java/org/apache/storm/hbase/trident/state/HBaseState.java
7,external/storm-hbase/src/main/java/org/apache/storm/hbase/trident/state/HBaseStateFactory.java
7,external/storm-hbase/src/main/java/org/apache/storm/hbase/trident/state/HBaseUpdater.java
7,external/storm-hdfs/src/main/java/org/apache/storm/hdfs/bolt/AbstractHdfsBolt.java
7,external/storm-hdfs/src/main/java/org/apache/storm/hdfs/bolt/HdfsBolt.java
7,external/storm-hdfs/src/main/java/org/apache/storm/hdfs/bolt/SequenceFileBolt.java
7,external/storm-hdfs/src/main/java/org/apache/storm/hdfs/bolt/format/DefaultFileNameFormat.java
7,external/storm-hdfs/src/main/java/org/apache/storm/hdfs/bolt/format/DefaultSequenceFormat.java
7,external/storm-hdfs/src/main/java/org/apache/storm/hdfs/bolt/format/DelimitedRecordFormat.java
7,external/storm-hdfs/src/main/java/org/apache/storm/hdfs/bolt/format/FileNameFormat.java
7,external/storm-hdfs/src/main/java/org/apache/storm/hdfs/bolt/format/RecordFormat.java
7,external/storm-hdfs/src/main/java/org/apache/storm/hdfs/bolt/format/SequenceFormat.java
7,external/storm-hdfs/src/main/java/org/apache/storm/hdfs/bolt/rotation/FileRotationPolicy.java
7,external/storm-hdfs/src/main/java/org/apache/storm/hdfs/bolt/rotation/FileSizeRotationPolicy.java
7,external/storm-hdfs/src/main/java/org/apache/storm/hdfs/bolt/rotation/NoRotationPolicy.java
7,external/storm-hdfs/src/main/java/org/apache/storm/hdfs/bolt/rotation/TimedRotationPolicy.java
7,external/storm-hdfs/src/main/java/org/apache/storm/hdfs/bolt/sync/CountSyncPolicy.java
7,external/storm-hdfs/src/main/java/org/apache/storm/hdfs/bolt/sync/SyncPolicy.java
7,external/storm-hdfs/src/main/java/org/apache/storm/hdfs/common/rotation/MoveFileAction.java
7,external/storm-hdfs/src/main/java/org/apache/storm/hdfs/common/rotation/RotationAction.java
7,external/storm-hdfs/src/main/java/org/apache/storm/hdfs/common/security/AutoHDFS.java
7,external/storm-hdfs/src/main/java/org/apache/storm/hdfs/common/security/HdfsSecurityUtil.java
7,external/storm-hdfs/src/main/java/org/apache/storm/hdfs/trident/HdfsState.java
7,external/storm-hdfs/src/main/java/org/apache/storm/hdfs/trident/HdfsStateFactory.java
7,external/storm-hdfs/src/main/java/org/apache/storm/hdfs/trident/HdfsUpdater.java
7,external/storm-hdfs/src/main/java/org/apache/storm/hdfs/trident/format/DefaultFileNameFormat.java
7,external/storm-hdfs/src/main/java/org/apache/storm/hdfs/trident/format/DefaultSequenceFormat.java
7,external/storm-hdfs/src/main/java/org/apache/storm/hdfs/trident/format/DelimitedRecordFormat.java
7,external/storm-hdfs/src/main/java/org/apache/storm/hdfs/trident/format/FileNameFormat.java
7,external/storm-hdfs/src/main/java/org/apache/storm/hdfs/trident/format/RecordFormat.java
7,external/storm-hdfs/src/main/java/org/apache/storm/hdfs/trident/format/SequenceFormat.java
7,external/storm-hdfs/src/main/java/org/apache/storm/hdfs/trident/rotation/FileRotationPolicy.java
7,external/storm-hdfs/src/main/java/org/apache/storm/hdfs/trident/rotation/FileSizeRotationPolicy.java
7,external/storm-hdfs/src/main/java/org/apache/storm/hdfs/trident/rotation/NoRotationPolicy.java
7,external/storm-hdfs/src/main/java/org/apache/storm/hdfs/trident/rotation/TimedRotationPolicy.java
7,external/storm-hdfs/src/main/java/org/apache/storm/hdfs/trident/sync/CountSyncPolicy.java
7,external/storm-hdfs/src/main/java/org/apache/storm/hdfs/trident/sync/SyncPolicy.java
7,external/storm-hive/src/main/java/org/apache/storm/hive/bolt/HiveBolt.java
7,external/storm-hive/src/main/java/org/apache/storm/hive/bolt/mapper/DelimitedRecordHiveMapper.java
7,external/storm-hive/src/main/java/org/apache/storm/hive/bolt/mapper/HiveMapper.java
7,external/storm-hive/src/main/java/org/apache/storm/hive/bolt/mapper/JsonRecordHiveMapper.java
7,external/storm-hive/src/main/java/org/apache/storm/hive/common/HiveOptions.java
7,external/storm-hive/src/main/java/org/apache/storm/hive/common/HiveUtils.java
7,external/storm-hive/src/main/java/org/apache/storm/hive/common/HiveWriter.java
7,external/storm-hive/src/main/java/org/apache/storm/hive/trident/HiveState.java
7,external/storm-hive/src/main/java/org/apache/storm/hive/trident/HiveStateFactory.java
7,external/storm-hive/src/main/java/org/apache/storm/hive/trident/HiveUpdater.java
7,external/storm-jdbc/src/main/java/org/apache/storm/jdbc/bolt/AbstractJdbcBolt.java
7,external/storm-jdbc/src/main/java/org/apache/storm/jdbc/bolt/JdbcInsertBolt.java
7,external/storm-jdbc/src/main/java/org/apache/storm/jdbc/bolt/JdbcLookupBolt.java
7,external/storm-jdbc/src/main/java/org/apache/storm/jdbc/common/Column.java
7,external/storm-jdbc/src/main/java/org/apache/storm/jdbc/common/ConnectionProvider.java
7,external/storm-jdbc/src/main/java/org/apache/storm/jdbc/common/HikariCPConnectionProvider.java
7,external/storm-jdbc/src/main/java/org/apache/storm/jdbc/common/JdbcClient.java
7,external/storm-jdbc/src/main/java/org/apache/storm/jdbc/common/Util.java
7,external/storm-jdbc/src/main/java/org/apache/storm/jdbc/mapper/JdbcLookupMapper.java
7,external/storm-jdbc/src/main/java/org/apache/storm/jdbc/mapper/JdbcMapper.java
7,external/storm-jdbc/src/main/java/org/apache/storm/jdbc/mapper/SimpleJdbcLookupMapper.java
7,external/storm-jdbc/src/main/java/org/apache/storm/jdbc/mapper/SimpleJdbcMapper.java
7,external/storm-jdbc/src/main/java/org/apache/storm/jdbc/trident/state/JdbcQuery.java
7,external/storm-jdbc/src/main/java/org/apache/storm/jdbc/trident/state/JdbcState.java
7,external/storm-jdbc/src/main/java/org/apache/storm/jdbc/trident/state/JdbcStateFactory.java
7,external/storm-jdbc/src/main/java/org/apache/storm/jdbc/trident/state/JdbcUpdater.java
7,external/storm-kafka/src/jvm/storm/kafka/Broker.java
7,external/storm-kafka/src/jvm/storm/kafka/BrokerHosts.java
7,external/storm-kafka/src/jvm/storm/kafka/DynamicBrokersReader.java
7,external/storm-kafka/src/jvm/storm/kafka/DynamicPartitionConnections.java
7,external/storm-kafka/src/jvm/storm/kafka/ExponentialBackoffMsgRetryManager.java
7,external/storm-kafka/src/jvm/storm/kafka/FailedFetchException.java
7,external/storm-kafka/src/jvm/storm/kafka/FailedMsgRetryManager.java
7,external/storm-kafka/src/jvm/storm/kafka/KafkaConfig.java
7,external/storm-kafka/src/jvm/storm/kafka/KafkaError.java
7,external/storm-kafka/src/jvm/storm/kafka/KafkaSpout.java
7,external/storm-kafka/src/jvm/storm/kafka/KafkaUtils.java
7,external/storm-kafka/src/jvm/storm/kafka/KeyValueScheme.java
7,external/storm-kafka/src/jvm/storm/kafka/KeyValueSchemeAsMultiScheme.java
7,external/storm-kafka/src/jvm/storm/kafka/Partition.java
7,external/storm-kafka/src/jvm/storm/kafka/PartitionCoordinator.java
7,external/storm-kafka/src/jvm/storm/kafka/PartitionManager.java
7,external/storm-kafka/src/jvm/storm/kafka/SpoutConfig.java
7,external/storm-kafka/src/jvm/storm/kafka/StaticCoordinator.java
7,external/storm-kafka/src/jvm/storm/kafka/StaticHosts.java
7,external/storm-kafka/src/jvm/storm/kafka/StaticPartitionConnections.java
7,external/storm-kafka/src/jvm/storm/kafka/StringKeyValueScheme.java
7,external/storm-kafka/src/jvm/storm/kafka/StringScheme.java
7,external/storm-kafka/src/jvm/storm/kafka/TopicOffsetOutOfRangeException.java
7,external/storm-kafka/src/jvm/storm/kafka/ZkCoordinator.java
7,external/storm-kafka/src/jvm/storm/kafka/ZkHosts.java
7,external/storm-kafka/src/jvm/storm/kafka/ZkState.java
7,external/storm-kafka/src/jvm/storm/kafka/bolt/KafkaBolt.java
7,external/storm-kafka/src/jvm/storm/kafka/bolt/mapper/FieldNameBasedTupleToKafkaMapper.java
7,external/storm-kafka/src/jvm/storm/kafka/bolt/mapper/TupleToKafkaMapper.java
7,external/storm-kafka/src/jvm/storm/kafka/bolt/selector/DefaultTopicSelector.java
7,external/storm-kafka/src/jvm/storm/kafka/bolt/selector/KafkaTopicSelector.java
7,external/storm-kafka/src/jvm/storm/kafka/trident/Coordinator.java
7,external/storm-kafka/src/jvm/storm/kafka/trident/DefaultCoordinator.java
7,external/storm-kafka/src/jvm/storm/kafka/trident/GlobalPartitionInformation.java
7,external/storm-kafka/src/jvm/storm/kafka/trident/IBatchCoordinator.java
7,external/storm-kafka/src/jvm/storm/kafka/trident/IBrokerReader.java
7,external/storm-kafka/src/jvm/storm/kafka/trident/MaxMetric.java
7,external/storm-kafka/src/jvm/storm/kafka/trident/OpaqueTridentKafkaSpout.java
7,external/storm-kafka/src/jvm/storm/kafka/trident/StaticBrokerReader.java
7,external/storm-kafka/src/jvm/storm/kafka/trident/TransactionalTridentKafkaSpout.java
7,external/storm-kafka/src/jvm/storm/kafka/trident/TridentKafkaConfig.java
7,external/storm-kafka/src/jvm/storm/kafka/trident/TridentKafkaEmitter.java
7,external/storm-kafka/src/jvm/storm/kafka/trident/TridentKafkaState.java
7,external/storm-kafka/src/jvm/storm/kafka/trident/TridentKafkaStateFactory.java
7,external/storm-kafka/src/jvm/storm/kafka/trident/TridentKafkaUpdater.java
7,external/storm-kafka/src/jvm/storm/kafka/trident/ZkBrokerReader.java
7,external/storm-kafka/src/jvm/storm/kafka/trident/mapper/FieldNameBasedTupleToKafkaMapper.java
7,external/storm-kafka/src/jvm/storm/kafka/trident/mapper/TridentTupleToKafkaMapper.java
7,external/storm-kafka/src/jvm/storm/kafka/trident/selector/DefaultTopicSelector.java
7,external/storm-kafka/src/jvm/storm/kafka/trident/selector/KafkaTopicSelector.java
7,external/storm-redis/src/main/java/org/apache/storm/redis/bolt/AbstractRedisBolt.java
7,external/storm-redis/src/main/java/org/apache/storm/redis/bolt/RedisLookupBolt.java
7,external/storm-redis/src/main/java/org/apache/storm/redis/bolt/RedisStoreBolt.java
7,external/storm-redis/src/main/java/org/apache/storm/redis/common/config/JedisClusterConfig.java
7,external/storm-redis/src/main/java/org/apache/storm/redis/common/config/JedisPoolConfig.java
7,external/storm-redis/src/main/java/org/apache/storm/redis/common/container/JedisClusterContainer.java
7,external/storm-redis/src/main/java/org/apache/storm/redis/common/container/JedisCommandsContainerBuilder.java
7,external/storm-redis/src/main/java/org/apache/storm/redis/common/container/JedisCommandsInstanceContainer.java
7,external/storm-redis/src/main/java/org/apache/storm/redis/common/container/JedisContainer.java
7,external/storm-redis/src/main/java/org/apache/storm/redis/common/mapper/RedisDataTypeDescription.java
7,external/storm-redis/src/main/java/org/apache/storm/redis/common/mapper/RedisLookupMapper.java
7,external/storm-redis/src/main/java/org/apache/storm/redis/common/mapper/RedisMapper.java
7,external/storm-redis/src/main/java/org/apache/storm/redis/common/mapper/RedisStoreMapper.java
7,external/storm-redis/src/main/java/org/apache/storm/redis/common/mapper/TupleMapper.java
7,external/storm-redis/src/main/java/org/apache/storm/redis/trident/state/AbstractRedisMapState.java
7,external/storm-redis/src/main/java/org/apache/storm/redis/trident/state/AbstractRedisStateQuerier.java
7,external/storm-redis/src/main/java/org/apache/storm/redis/trident/state/AbstractRedisStateUpdater.java
7,external/storm-redis/src/main/java/org/apache/storm/redis/trident/state/KeyFactory.java
7,external/storm-redis/src/main/java/org/apache/storm/redis/trident/state/Options.java
7,external/storm-redis/src/main/java/org/apache/storm/redis/trident/state/RedisClusterMapState.java
7,external/storm-redis/src/main/java/org/apache/storm/redis/trident/state/RedisClusterState.java
7,external/storm-redis/src/main/java/org/apache/storm/redis/trident/state/RedisClusterStateQuerier.java
7,external/storm-redis/src/main/java/org/apache/storm/redis/trident/state/RedisClusterStateUpdater.java
7,external/storm-redis/src/main/java/org/apache/storm/redis/trident/state/RedisMapState.java
7,external/storm-redis/src/main/java/org/apache/storm/redis/trident/state/RedisState.java
7,external/storm-redis/src/main/java/org/apache/storm/redis/trident/state/RedisStateQuerier.java
7,external/storm-redis/src/main/java/org/apache/storm/redis/trident/state/RedisStateUpdater.java
7,storm-core/src/jvm/backtype/storm/Config.java
7,storm-core/src/jvm/backtype/storm/ConfigValidation.java
7,storm-core/src/jvm/backtype/storm/Constants.java
7,storm-core/src/jvm/backtype/storm/ICredentialsListener.java
7,storm-core/src/jvm/backtype/storm/ILocalCluster.java
7,storm-core/src/jvm/backtype/storm/ILocalDRPC.java
7,storm-core/src/jvm/backtype/storm/LogWriter.java
7,storm-core/src/jvm/backtype/storm/StormSubmitter.java
7,storm-core/src/jvm/backtype/storm/clojure/ClojureBolt.java
7,storm-core/src/jvm/backtype/storm/clojure/ClojureSpout.java
7,storm-core/src/jvm/backtype/storm/clojure/RichShellBolt.java
7,storm-core/src/jvm/backtype/storm/clojure/RichShellSpout.java
7,storm-core/src/jvm/backtype/storm/coordination/BatchBoltExecutor.java
7,storm-core/src/jvm/backtype/storm/coordination/BatchOutputCollector.java
7,storm-core/src/jvm/backtype/storm/coordination/BatchOutputCollectorImpl.java
7,storm-core/src/jvm/backtype/storm/coordination/BatchSubtopologyBuilder.java
7,storm-core/src/jvm/backtype/storm/coordination/CoordinatedBolt.java
7,storm-core/src/jvm/backtype/storm/coordination/IBatchBolt.java
7,storm-core/src/jvm/backtype/storm/daemon/Shutdownable.java
7,storm-core/src/jvm/backtype/storm/drpc/DRPCInvocationsClient.java
7,storm-core/src/jvm/backtype/storm/drpc/DRPCSpout.java
7,storm-core/src/jvm/backtype/storm/drpc/JoinResult.java
7,storm-core/src/jvm/backtype/storm/drpc/KeyedFairBolt.java
7,storm-core/src/jvm/backtype/storm/drpc/LinearDRPCInputDeclarer.java
7,storm-core/src/jvm/backtype/storm/drpc/LinearDRPCTopologyBuilder.java
7,storm-core/src/jvm/backtype/storm/drpc/PrepareRequest.java
7,storm-core/src/jvm/backtype/storm/drpc/ReturnResults.java
7,storm-core/src/jvm/backtype/storm/grouping/CustomStreamGrouping.java
7,storm-core/src/jvm/backtype/storm/grouping/PartialKeyGrouping.java
7,storm-core/src/jvm/backtype/storm/hooks/BaseTaskHook.java
7,storm-core/src/jvm/backtype/storm/hooks/ITaskHook.java
7,storm-core/src/jvm/backtype/storm/hooks/info/BoltAckInfo.java
7,storm-core/src/jvm/backtype/storm/hooks/info/BoltExecuteInfo.java
7,storm-core/src/jvm/backtype/storm/hooks/info/BoltFailInfo.java
7,storm-core/src/jvm/backtype/storm/hooks/info/EmitInfo.java
7,storm-core/src/jvm/backtype/storm/hooks/info/SpoutAckInfo.java
7,storm-core/src/jvm/backtype/storm/hooks/info/SpoutFailInfo.java
7,storm-core/src/jvm/backtype/storm/messaging/ConnectionWithStatus.java
7,storm-core/src/jvm/backtype/storm/messaging/IConnection.java
7,storm-core/src/jvm/backtype/storm/messaging/IContext.java
7,storm-core/src/jvm/backtype/storm/messaging/TaskMessage.java
7,storm-core/src/jvm/backtype/storm/messaging/TransportFactory.java
7,storm-core/src/jvm/backtype/storm/messaging/netty/Client.java
7,storm-core/src/jvm/backtype/storm/messaging/netty/Context.java
7,storm-core/src/jvm/backtype/storm/messaging/netty/ControlMessage.java
7,storm-core/src/jvm/backtype/storm/messaging/netty/MessageBatch.java
7,storm-core/src/jvm/backtype/storm/messaging/netty/MessageBuffer.java
7,storm-core/src/jvm/backtype/storm/messaging/netty/MessageDecoder.java
7,storm-core/src/jvm/backtype/storm/messaging/netty/MessageEncoder.java
7,storm-core/src/jvm/backtype/storm/messaging/netty/NettyRenameThreadFactory.java
7,storm-core/src/jvm/backtype/storm/messaging/netty/SaslMessageToken.java
7,storm-core/src/jvm/backtype/storm/messaging/netty/SaslNettyClient.java
7,storm-core/src/jvm/backtype/storm/messaging/netty/SaslNettyClientState.java
7,storm-core/src/jvm/backtype/storm/messaging/netty/SaslNettyServer.java
7,storm-core/src/jvm/backtype/storm/messaging/netty/SaslNettyServerState.java
7,storm-core/src/jvm/backtype/storm/messaging/netty/SaslStormClientHandler.java
7,storm-core/src/jvm/backtype/storm/messaging/netty/SaslStormServerAuthorizeHandler.java
7,storm-core/src/jvm/backtype/storm/messaging/netty/SaslStormServerHandler.java
7,storm-core/src/jvm/backtype/storm/messaging/netty/SaslUtils.java
7,storm-core/src/jvm/backtype/storm/messaging/netty/Server.java
7,storm-core/src/jvm/backtype/storm/messaging/netty/StormClientErrorHandler.java
7,storm-core/src/jvm/backtype/storm/messaging/netty/StormClientHandler.java
7,storm-core/src/jvm/backtype/storm/messaging/netty/StormClientPipelineFactory.java
7,storm-core/src/jvm/backtype/storm/messaging/netty/StormServerHandler.java
7,storm-core/src/jvm/backtype/storm/messaging/netty/StormServerPipelineFactory.java
7,storm-core/src/jvm/backtype/storm/metric/LoggingMetricsConsumer.java
7,storm-core/src/jvm/backtype/storm/metric/MetricsConsumerBolt.java
7,storm-core/src/jvm/backtype/storm/metric/SystemBolt.java
7,storm-core/src/jvm/backtype/storm/metric/api/AssignableMetric.java
7,storm-core/src/jvm/backtype/storm/metric/api/CombinedMetric.java
7,storm-core/src/jvm/backtype/storm/metric/api/CountMetric.java
7,storm-core/src/jvm/backtype/storm/metric/api/ICombiner.java
7,storm-core/src/jvm/backtype/storm/metric/api/IMetric.java
7,storm-core/src/jvm/backtype/storm/metric/api/IMetricsConsumer.java
7,storm-core/src/jvm/backtype/storm/metric/api/IReducer.java
7,storm-core/src/jvm/backtype/storm/metric/api/IStatefulObject.java
7,storm-core/src/jvm/backtype/storm/metric/api/MeanReducer.java
7,storm-core/src/jvm/backtype/storm/metric/api/MultiCountMetric.java
7,storm-core/src/jvm/backtype/storm/metric/api/MultiReducedMetric.java
7,storm-core/src/jvm/backtype/storm/metric/api/ReducedMetric.java
7,storm-core/src/jvm/backtype/storm/metric/api/StateMetric.java
7,storm-core/src/jvm/backtype/storm/metric/api/rpc/AssignableShellMetric.java
7,storm-core/src/jvm/backtype/storm/metric/api/rpc/CombinedShellMetric.java
7,storm-core/src/jvm/backtype/storm/metric/api/rpc/CountShellMetric.java
7,storm-core/src/jvm/backtype/storm/metric/api/rpc/IShellMetric.java
7,storm-core/src/jvm/backtype/storm/metric/api/rpc/ReducedShellMetric.java
7,storm-core/src/jvm/backtype/storm/multilang/BoltMsg.java
7,storm-core/src/jvm/backtype/storm/multilang/ISerializer.java
7,storm-core/src/jvm/backtype/storm/multilang/JsonSerializer.java
7,storm-core/src/jvm/backtype/storm/multilang/NoOutputException.java
7,storm-core/src/jvm/backtype/storm/multilang/ShellMsg.java
7,storm-core/src/jvm/backtype/storm/multilang/SpoutMsg.java
7,storm-core/src/jvm/backtype/storm/nimbus/DefaultTopologyValidator.java
7,storm-core/src/jvm/backtype/storm/nimbus/ITopologyValidator.java
7,storm-core/src/jvm/backtype/storm/planner/CompoundSpout.java
7,storm-core/src/jvm/backtype/storm/planner/CompoundTask.java
7,storm-core/src/jvm/backtype/storm/planner/TaskBundle.java
7,storm-core/src/jvm/backtype/storm/scheduler/Cluster.java
7,storm-core/src/jvm/backtype/storm/scheduler/ExecutorDetails.java
7,storm-core/src/jvm/backtype/storm/scheduler/INimbus.java
7,storm-core/src/jvm/backtype/storm/scheduler/IScheduler.java
7,storm-core/src/jvm/backtype/storm/scheduler/ISupervisor.java
7,storm-core/src/jvm/backtype/storm/scheduler/SchedulerAssignment.java
7,storm-core/src/jvm/backtype/storm/scheduler/SchedulerAssignmentImpl.java
7,storm-core/src/jvm/backtype/storm/scheduler/SupervisorDetails.java
7,storm-core/src/jvm/backtype/storm/scheduler/Topologies.java
7,storm-core/src/jvm/backtype/storm/scheduler/TopologyDetails.java
7,storm-core/src/jvm/backtype/storm/scheduler/WorkerSlot.java
7,storm-core/src/jvm/backtype/storm/scheduler/multitenant/DefaultPool.java
7,storm-core/src/jvm/backtype/storm/scheduler/multitenant/FreePool.java
7,storm-core/src/jvm/backtype/storm/scheduler/multitenant/IsolatedPool.java
7,storm-core/src/jvm/backtype/storm/scheduler/multitenant/MultitenantScheduler.java
7,storm-core/src/jvm/backtype/storm/scheduler/multitenant/Node.java
7,storm-core/src/jvm/backtype/storm/scheduler/multitenant/NodePool.java
7,storm-core/src/jvm/backtype/storm/security/INimbusCredentialPlugin.java
7,storm-core/src/jvm/backtype/storm/security/auth/AuthUtils.java
7,storm-core/src/jvm/backtype/storm/security/auth/DefaultHttpCredentialsPlugin.java
7,storm-core/src/jvm/backtype/storm/security/auth/DefaultPrincipalToLocal.java
7,storm-core/src/jvm/backtype/storm/security/auth/IAuthorizer.java
7,storm-core/src/jvm/backtype/storm/security/auth/IAutoCredentials.java
7,storm-core/src/jvm/backtype/storm/security/auth/ICredentialsRenewer.java
7,storm-core/src/jvm/backtype/storm/security/auth/IGroupMappingServiceProvider.java
7,storm-core/src/jvm/backtype/storm/security/auth/IHttpCredentialsPlugin.java
7,storm-core/src/jvm/backtype/storm/security/auth/IPrincipalToLocal.java
7,storm-core/src/jvm/backtype/storm/security/auth/ITransportPlugin.java
7,storm-core/src/jvm/backtype/storm/security/auth/KerberosPrincipalToLocal.java
7,storm-core/src/jvm/backtype/storm/security/auth/ReqContext.java
7,storm-core/src/jvm/backtype/storm/security/auth/SaslTransportPlugin.java
7,storm-core/src/jvm/backtype/storm/security/auth/ShellBasedGroupsMapping.java
7,storm-core/src/jvm/backtype/storm/security/auth/SimpleTransportPlugin.java
7,storm-core/src/jvm/backtype/storm/security/auth/SingleUserPrincipal.java
7,storm-core/src/jvm/backtype/storm/security/auth/TBackoffConnect.java
7,storm-core/src/jvm/backtype/storm/security/auth/ThriftClient.java
7,storm-core/src/jvm/backtype/storm/security/auth/ThriftConnectionType.java
7,storm-core/src/jvm/backtype/storm/security/auth/ThriftServer.java
7,storm-core/src/jvm/backtype/storm/security/auth/authorizer/DRPCAuthorizerBase.java
7,storm-core/src/jvm/backtype/storm/security/auth/authorizer/DRPCSimpleACLAuthorizer.java
7,storm-core/src/jvm/backtype/storm/security/auth/authorizer/DenyAuthorizer.java
7,storm-core/src/jvm/backtype/storm/security/auth/authorizer/ImpersonationAuthorizer.java
7,storm-core/src/jvm/backtype/storm/security/auth/authorizer/NoopAuthorizer.java
7,storm-core/src/jvm/backtype/storm/security/auth/authorizer/SimpleACLAuthorizer.java
7,storm-core/src/jvm/backtype/storm/security/auth/authorizer/SimpleWhitelistAuthorizer.java
7,storm-core/src/jvm/backtype/storm/security/auth/digest/ClientCallbackHandler.java
7,storm-core/src/jvm/backtype/storm/security/auth/digest/DigestSaslTransportPlugin.java
7,storm-core/src/jvm/backtype/storm/security/auth/digest/ServerCallbackHandler.java
7,storm-core/src/jvm/backtype/storm/security/auth/kerberos/AutoTGT.java
7,storm-core/src/jvm/backtype/storm/security/auth/kerberos/AutoTGTKrb5LoginModule.java
7,storm-core/src/jvm/backtype/storm/security/auth/kerberos/AutoTGTKrb5LoginModuleTest.java
7,storm-core/src/jvm/backtype/storm/security/auth/kerberos/ClientCallbackHandler.java
7,storm-core/src/jvm/backtype/storm/security/auth/kerberos/KerberosSaslTransportPlugin.java
7,storm-core/src/jvm/backtype/storm/security/auth/kerberos/ServerCallbackHandler.java
7,storm-core/src/jvm/backtype/storm/security/serialization/BlowfishTupleSerializer.java
7,storm-core/src/jvm/backtype/storm/serialization/DefaultKryoFactory.java
7,storm-core/src/jvm/backtype/storm/serialization/DefaultSerializationDelegate.java
7,storm-core/src/jvm/backtype/storm/serialization/GzipBridgeSerializationDelegate.java
7,storm-core/src/jvm/backtype/storm/serialization/GzipBridgeThriftSerializationDelegate.java
7,storm-core/src/jvm/backtype/storm/serialization/GzipSerializationDelegate.java
7,storm-core/src/jvm/backtype/storm/serialization/GzipThriftSerializationDelegate.java
7,storm-core/src/jvm/backtype/storm/serialization/IKryoDecorator.java
7,storm-core/src/jvm/backtype/storm/serialization/IKryoFactory.java
7,storm-core/src/jvm/backtype/storm/serialization/ITupleDeserializer.java
7,storm-core/src/jvm/backtype/storm/serialization/ITupleSerializer.java
7,storm-core/src/jvm/backtype/storm/serialization/KryoTupleDeserializer.java
7,storm-core/src/jvm/backtype/storm/serialization/KryoTupleSerializer.java
7,storm-core/src/jvm/backtype/storm/serialization/KryoValuesDeserializer.java
7,storm-core/src/jvm/backtype/storm/serialization/KryoValuesSerializer.java
7,storm-core/src/jvm/backtype/storm/serialization/SerializableSerializer.java
7,storm-core/src/jvm/backtype/storm/serialization/SerializationDelegate.java
7,storm-core/src/jvm/backtype/storm/serialization/SerializationFactory.java
7,storm-core/src/jvm/backtype/storm/serialization/ThriftSerializationDelegate.java
7,storm-core/src/jvm/backtype/storm/serialization/types/ArrayListSerializer.java
7,storm-core/src/jvm/backtype/storm/serialization/types/HashMapSerializer.java
7,storm-core/src/jvm/backtype/storm/serialization/types/HashSetSerializer.java
7,storm-core/src/jvm/backtype/storm/serialization/types/ListDelegateSerializer.java
7,storm-core/src/jvm/backtype/storm/spout/IMultiSchemableSpout.java
7,storm-core/src/jvm/backtype/storm/spout/ISchemableSpout.java
7,storm-core/src/jvm/backtype/storm/spout/ISpout.java
7,storm-core/src/jvm/backtype/storm/spout/ISpoutOutputCollector.java
7,storm-core/src/jvm/backtype/storm/spout/ISpoutWaitStrategy.java
7,storm-core/src/jvm/backtype/storm/spout/MultiScheme.java
7,storm-core/src/jvm/backtype/storm/spout/NothingEmptyEmitStrategy.java
7,storm-core/src/jvm/backtype/storm/spout/RawMultiScheme.java
7,storm-core/src/jvm/backtype/storm/spout/RawScheme.java
7,storm-core/src/jvm/backtype/storm/spout/Scheme.java
7,storm-core/src/jvm/backtype/storm/spout/SchemeAsMultiScheme.java
7,storm-core/src/jvm/backtype/storm/spout/ShellSpout.java
7,storm-core/src/jvm/backtype/storm/spout/SleepSpoutWaitStrategy.java
7,storm-core/src/jvm/backtype/storm/spout/SpoutOutputCollector.java
7,storm-core/src/jvm/backtype/storm/state/IStateSpout.java
7,storm-core/src/jvm/backtype/storm/state/IStateSpoutOutputCollector.java
7,storm-core/src/jvm/backtype/storm/state/ISubscribedState.java
7,storm-core/src/jvm/backtype/storm/state/ISynchronizeOutputCollector.java
7,storm-core/src/jvm/backtype/storm/state/StateSpoutOutputCollector.java
7,storm-core/src/jvm/backtype/storm/state/SynchronizeOutputCollector.java
7,storm-core/src/jvm/backtype/storm/task/GeneralTopologyContext.java
7,storm-core/src/jvm/backtype/storm/task/IBolt.java
7,storm-core/src/jvm/backtype/storm/task/IErrorReporter.java
7,storm-core/src/jvm/backtype/storm/task/IMetricsContext.java
7,storm-core/src/jvm/backtype/storm/task/IOutputCollector.java
7,storm-core/src/jvm/backtype/storm/task/OutputCollector.java
7,storm-core/src/jvm/backtype/storm/task/ShellBolt.java
7,storm-core/src/jvm/backtype/storm/task/TopologyContext.java
7,storm-core/src/jvm/backtype/storm/task/WorkerTopologyContext.java
7,storm-core/src/jvm/backtype/storm/testing/AckFailDelegate.java
7,storm-core/src/jvm/backtype/storm/testing/AckFailMapTracker.java
7,storm-core/src/jvm/backtype/storm/testing/AckTracker.java
7,storm-core/src/jvm/backtype/storm/testing/BatchNumberList.java
7,storm-core/src/jvm/backtype/storm/testing/BatchProcessWord.java
7,storm-core/src/jvm/backtype/storm/testing/BatchRepeatA.java
7,storm-core/src/jvm/backtype/storm/testing/BoltTracker.java
7,storm-core/src/jvm/backtype/storm/testing/CompleteTopologyParam.java
7,storm-core/src/jvm/backtype/storm/testing/CountingBatchBolt.java
7,storm-core/src/jvm/backtype/storm/testing/CountingCommitBolt.java
7,storm-core/src/jvm/backtype/storm/testing/FeederSpout.java
7,storm-core/src/jvm/backtype/storm/testing/FixedTuple.java
7,storm-core/src/jvm/backtype/storm/testing/FixedTupleSpout.java
7,storm-core/src/jvm/backtype/storm/testing/ForwardingMetricsConsumer.java
7,storm-core/src/jvm/backtype/storm/testing/IdentityBolt.java
7,storm-core/src/jvm/backtype/storm/testing/KeyedCountingBatchBolt.java
7,storm-core/src/jvm/backtype/storm/testing/KeyedCountingCommitterBolt.java
7,storm-core/src/jvm/backtype/storm/testing/KeyedSummingBatchBolt.java
7,storm-core/src/jvm/backtype/storm/testing/MemoryTransactionalSpout.java
7,storm-core/src/jvm/backtype/storm/testing/MemoryTransactionalSpoutMeta.java
7,storm-core/src/jvm/backtype/storm/testing/MkClusterParam.java
7,storm-core/src/jvm/backtype/storm/testing/MkTupleParam.java
7,storm-core/src/jvm/backtype/storm/testing/MockedSources.java
7,storm-core/src/jvm/backtype/storm/testing/NGrouping.java
7,storm-core/src/jvm/backtype/storm/testing/NonRichBoltTracker.java
7,storm-core/src/jvm/backtype/storm/testing/OpaqueMemoryTransactionalSpout.java
7,storm-core/src/jvm/backtype/storm/testing/PrepareBatchBolt.java
7,storm-core/src/jvm/backtype/storm/testing/PythonShellMetricsBolt.java
7,storm-core/src/jvm/backtype/storm/testing/PythonShellMetricsSpout.java
7,storm-core/src/jvm/backtype/storm/testing/SingleUserSimpleTransport.java
7,storm-core/src/jvm/backtype/storm/testing/SpoutTracker.java
7,storm-core/src/jvm/backtype/storm/testing/TestAggregatesCounter.java
7,storm-core/src/jvm/backtype/storm/testing/TestConfBolt.java
7,storm-core/src/jvm/backtype/storm/testing/TestEventLogSpout.java
7,storm-core/src/jvm/backtype/storm/testing/TestEventOrderCheckBolt.java
7,storm-core/src/jvm/backtype/storm/testing/TestGlobalCount.java
7,storm-core/src/jvm/backtype/storm/testing/TestJob.java
7,storm-core/src/jvm/backtype/storm/testing/TestKryoDecorator.java
7,storm-core/src/jvm/backtype/storm/testing/TestPlannerBolt.java
7,storm-core/src/jvm/backtype/storm/testing/TestPlannerSpout.java
7,storm-core/src/jvm/backtype/storm/testing/TestSerObject.java
7,storm-core/src/jvm/backtype/storm/testing/TestWordBytesCounter.java
7,storm-core/src/jvm/backtype/storm/testing/TestWordCounter.java
7,storm-core/src/jvm/backtype/storm/testing/TestWordSpout.java
7,storm-core/src/jvm/backtype/storm/testing/TrackedTopology.java
7,storm-core/src/jvm/backtype/storm/testing/TupleCaptureBolt.java
7,storm-core/src/jvm/backtype/storm/topology/BaseConfigurationDeclarer.java
7,storm-core/src/jvm/backtype/storm/topology/BasicBoltExecutor.java
7,storm-core/src/jvm/backtype/storm/topology/BasicOutputCollector.java
7,storm-core/src/jvm/backtype/storm/topology/BoltDeclarer.java
7,storm-core/src/jvm/backtype/storm/topology/ComponentConfigurationDeclarer.java
7,storm-core/src/jvm/backtype/storm/topology/FailedException.java
7,storm-core/src/jvm/backtype/storm/topology/IBasicBolt.java
7,storm-core/src/jvm/backtype/storm/topology/IBasicOutputCollector.java
7,storm-core/src/jvm/backtype/storm/topology/IComponent.java
7,storm-core/src/jvm/backtype/storm/topology/IRichBolt.java
7,storm-core/src/jvm/backtype/storm/topology/IRichSpout.java
7,storm-core/src/jvm/backtype/storm/topology/IRichStateSpout.java
7,storm-core/src/jvm/backtype/storm/topology/InputDeclarer.java
7,storm-core/src/jvm/backtype/storm/topology/OutputFieldsDeclarer.java
7,storm-core/src/jvm/backtype/storm/topology/OutputFieldsGetter.java
7,storm-core/src/jvm/backtype/storm/topology/ReportedFailedException.java
7,storm-core/src/jvm/backtype/storm/topology/SpoutDeclarer.java
7,storm-core/src/jvm/backtype/storm/topology/TopologyBuilder.java
7,storm-core/src/jvm/backtype/storm/topology/base/BaseBasicBolt.java
7,storm-core/src/jvm/backtype/storm/topology/base/BaseBatchBolt.java
7,storm-core/src/jvm/backtype/storm/topology/base/BaseComponent.java
7,storm-core/src/jvm/backtype/storm/topology/base/BaseOpaquePartitionedTransactionalSpout.java
7,storm-core/src/jvm/backtype/storm/topology/base/BasePartitionedTransactionalSpout.java
7,storm-core/src/jvm/backtype/storm/topology/base/BaseRichBolt.java
7,storm-core/src/jvm/backtype/storm/topology/base/BaseRichSpout.java
7,storm-core/src/jvm/backtype/storm/topology/base/BaseTransactionalBolt.java
7,storm-core/src/jvm/backtype/storm/topology/base/BaseTransactionalSpout.java
7,storm-core/src/jvm/backtype/storm/transactional/ICommitter.java
7,storm-core/src/jvm/backtype/storm/transactional/ICommitterTransactionalSpout.java
7,storm-core/src/jvm/backtype/storm/transactional/ITransactionalSpout.java
7,storm-core/src/jvm/backtype/storm/transactional/TransactionAttempt.java
7,storm-core/src/jvm/backtype/storm/transactional/TransactionalSpoutBatchExecutor.java
7,storm-core/src/jvm/backtype/storm/transactional/TransactionalSpoutCoordinator.java
7,storm-core/src/jvm/backtype/storm/transactional/TransactionalTopologyBuilder.java
7,storm-core/src/jvm/backtype/storm/transactional/partitioned/IOpaquePartitionedTransactionalSpout.java
7,storm-core/src/jvm/backtype/storm/transactional/partitioned/IPartitionedTransactionalSpout.java
7,storm-core/src/jvm/backtype/storm/transactional/partitioned/OpaquePartitionedTransactionalSpoutExecutor.java
7,storm-core/src/jvm/backtype/storm/transactional/partitioned/PartitionedTransactionalSpoutExecutor.java
7,storm-core/src/jvm/backtype/storm/transactional/state/RotatingTransactionalState.java
7,storm-core/src/jvm/backtype/storm/transactional/state/TestTransactionalState.java
7,storm-core/src/jvm/backtype/storm/transactional/state/TransactionalState.java
7,storm-core/src/jvm/backtype/storm/tuple/Fields.java
7,storm-core/src/jvm/backtype/storm/tuple/ITuple.java
7,storm-core/src/jvm/backtype/storm/tuple/MessageId.java
7,storm-core/src/jvm/backtype/storm/tuple/Tuple.java
7,storm-core/src/jvm/backtype/storm/tuple/TupleImpl.java
7,storm-core/src/jvm/backtype/storm/tuple/Values.java
7,storm-core/src/jvm/backtype/storm/ui/InvalidRequestException.java
7,storm-core/src/jvm/backtype/storm/utils/BufferFileInputStream.java
7,storm-core/src/jvm/backtype/storm/utils/CRC32OutputStream.java
7,storm-core/src/jvm/backtype/storm/utils/ClojureTimerTask.java
7,storm-core/src/jvm/backtype/storm/utils/Container.java
7,storm-core/src/jvm/backtype/storm/utils/DRPCClient.java
7,storm-core/src/jvm/backtype/storm/utils/DisruptorQueue.java
7,storm-core/src/jvm/backtype/storm/utils/ExtendedThreadPoolExecutor.java
7,storm-core/src/jvm/backtype/storm/utils/IndifferentAccessMap.java
7,storm-core/src/jvm/backtype/storm/utils/InprocMessaging.java
7,storm-core/src/jvm/backtype/storm/utils/KeyedRoundRobinQueue.java
7,storm-core/src/jvm/backtype/storm/utils/ListDelegate.java
7,storm-core/src/jvm/backtype/storm/utils/LocalState.java
7,storm-core/src/jvm/backtype/storm/utils/Monitor.java
7,storm-core/src/jvm/backtype/storm/utils/MutableInt.java
7,storm-core/src/jvm/backtype/storm/utils/MutableLong.java
7,storm-core/src/jvm/backtype/storm/utils/MutableObject.java
7,storm-core/src/jvm/backtype/storm/utils/NimbusClient.java
7,storm-core/src/jvm/backtype/storm/utils/RegisteredGlobalState.java
7,storm-core/src/jvm/backtype/storm/utils/RotatingMap.java
7,storm-core/src/jvm/backtype/storm/utils/ServiceRegistry.java
7,storm-core/src/jvm/backtype/storm/utils/ShellProcess.java
7,storm-core/src/jvm/backtype/storm/utils/ShellUtils.java
7,storm-core/src/jvm/backtype/storm/utils/StormBoundedExponentialBackoffRetry.java
7,storm-core/src/jvm/backtype/storm/utils/TestUtils.java
7,storm-core/src/jvm/backtype/storm/utils/ThriftTopologyUtils.java
7,storm-core/src/jvm/backtype/storm/utils/Time.java
7,storm-core/src/jvm/backtype/storm/utils/TimeCacheMap.java
7,storm-core/src/jvm/backtype/storm/utils/TransferDrainer.java
7,storm-core/src/jvm/backtype/storm/utils/TupleUtils.java
7,storm-core/src/jvm/backtype/storm/utils/Utils.java
7,storm-core/src/jvm/backtype/storm/utils/VersionInfo.java
7,storm-core/src/jvm/backtype/storm/utils/VersionedStore.java
7,storm-core/src/jvm/backtype/storm/utils/WindowedTimeThrottler.java
7,storm-core/src/jvm/backtype/storm/utils/WritableUtils.java
7,storm-core/src/jvm/backtype/storm/utils/ZookeeperAuthInfo.java
7,storm-core/src/jvm/backtype/storm/utils/ZookeeperServerCnxnFactory.java
7,storm-core/src/jvm/storm/trident/JoinType.java
7,storm-core/src/jvm/storm/trident/Stream.java
7,storm-core/src/jvm/storm/trident/TridentState.java
7,storm-core/src/jvm/storm/trident/TridentTopology.java
7,storm-core/src/jvm/storm/trident/drpc/ReturnResultsReducer.java
7,storm-core/src/jvm/storm/trident/fluent/ChainedAggregatorDeclarer.java
7,storm-core/src/jvm/storm/trident/fluent/ChainedFullAggregatorDeclarer.java
7,storm-core/src/jvm/storm/trident/fluent/ChainedPartitionAggregatorDeclarer.java
7,storm-core/src/jvm/storm/trident/fluent/GlobalAggregationScheme.java
7,storm-core/src/jvm/storm/trident/fluent/GroupedStream.java
7,storm-core/src/jvm/storm/trident/fluent/IAggregatableStream.java
7,storm-core/src/jvm/storm/trident/fluent/IChainedAggregatorDeclarer.java
7,storm-core/src/jvm/storm/trident/fluent/UniqueIdGen.java
7,storm-core/src/jvm/storm/trident/graph/GraphGrouper.java
7,storm-core/src/jvm/storm/trident/graph/Group.java
7,storm-core/src/jvm/storm/trident/operation/Aggregator.java
7,storm-core/src/jvm/storm/trident/operation/Assembly.java
7,storm-core/src/jvm/storm/trident/operation/BaseAggregator.java
7,storm-core/src/jvm/storm/trident/operation/BaseFilter.java
7,storm-core/src/jvm/storm/trident/operation/BaseFunction.java
7,storm-core/src/jvm/storm/trident/operation/BaseMultiReducer.java
7,storm-core/src/jvm/storm/trident/operation/BaseOperation.java
7,storm-core/src/jvm/storm/trident/operation/CombinerAggregator.java
7,storm-core/src/jvm/storm/trident/operation/EachOperation.java
7,storm-core/src/jvm/storm/trident/operation/Filter.java
7,storm-core/src/jvm/storm/trident/operation/Function.java
7,storm-core/src/jvm/storm/trident/operation/GroupedMultiReducer.java
7,storm-core/src/jvm/storm/trident/operation/MultiReducer.java
7,storm-core/src/jvm/storm/trident/operation/Operation.java
7,storm-core/src/jvm/storm/trident/operation/ReducerAggregator.java
7,storm-core/src/jvm/storm/trident/operation/TridentCollector.java
7,storm-core/src/jvm/storm/trident/operation/TridentMultiReducerContext.java
7,storm-core/src/jvm/storm/trident/operation/TridentOperationContext.java
7,storm-core/src/jvm/storm/trident/operation/builtin/Count.java
7,storm-core/src/jvm/storm/trident/operation/builtin/Debug.java
7,storm-core/src/jvm/storm/trident/operation/builtin/Equals.java
7,storm-core/src/jvm/storm/trident/operation/builtin/FilterNull.java
7,storm-core/src/jvm/storm/trident/operation/builtin/FirstN.java
7,storm-core/src/jvm/storm/trident/operation/builtin/MapGet.java
7,storm-core/src/jvm/storm/trident/operation/builtin/Negate.java
7,storm-core/src/jvm/storm/trident/operation/builtin/SnapshotGet.java
7,storm-core/src/jvm/storm/trident/operation/builtin/Sum.java
7,storm-core/src/jvm/storm/trident/operation/builtin/TupleCollectionGet.java
7,storm-core/src/jvm/storm/trident/operation/impl/CaptureCollector.java
7,storm-core/src/jvm/storm/trident/operation/impl/ChainedAggregatorImpl.java
7,storm-core/src/jvm/storm/trident/operation/impl/ChainedResult.java
7,storm-core/src/jvm/storm/trident/operation/impl/CombinerAggStateUpdater.java
7,storm-core/src/jvm/storm/trident/operation/impl/CombinerAggregatorCombineImpl.java
7,storm-core/src/jvm/storm/trident/operation/impl/CombinerAggregatorInitImpl.java
7,storm-core/src/jvm/storm/trident/operation/impl/FilterExecutor.java
7,storm-core/src/jvm/storm/trident/operation/impl/GlobalBatchToPartition.java
7,storm-core/src/jvm/storm/trident/operation/impl/GroupCollector.java
7,storm-core/src/jvm/storm/trident/operation/impl/GroupedAggregator.java
7,storm-core/src/jvm/storm/trident/operation/impl/GroupedMultiReducerExecutor.java
7,storm-core/src/jvm/storm/trident/operation/impl/IdentityMultiReducer.java
7,storm-core/src/jvm/storm/trident/operation/impl/IndexHashBatchToPartition.java
7,storm-core/src/jvm/storm/trident/operation/impl/JoinerMultiReducer.java
7,storm-core/src/jvm/storm/trident/operation/impl/ReducerAggStateUpdater.java
7,storm-core/src/jvm/storm/trident/operation/impl/ReducerAggregatorImpl.java
7,storm-core/src/jvm/storm/trident/operation/impl/Result.java
7,storm-core/src/jvm/storm/trident/operation/impl/SingleEmitAggregator.java
7,storm-core/src/jvm/storm/trident/operation/impl/TrueFilter.java
7,storm-core/src/jvm/storm/trident/partition/GlobalGrouping.java
7,storm-core/src/jvm/storm/trident/partition/IdentityGrouping.java
7,storm-core/src/jvm/storm/trident/partition/IndexHashGrouping.java
7,storm-core/src/jvm/storm/trident/planner/BridgeReceiver.java
7,storm-core/src/jvm/storm/trident/planner/Node.java
7,storm-core/src/jvm/storm/trident/planner/NodeStateInfo.java
7,storm-core/src/jvm/storm/trident/planner/PartitionNode.java
7,storm-core/src/jvm/storm/trident/planner/ProcessorContext.java
7,storm-core/src/jvm/storm/trident/planner/ProcessorNode.java
7,storm-core/src/jvm/storm/trident/planner/SpoutNode.java
7,storm-core/src/jvm/storm/trident/planner/SubtopologyBolt.java
7,storm-core/src/jvm/storm/trident/planner/TridentProcessor.java
7,storm-core/src/jvm/storm/trident/planner/TupleReceiver.java
7,storm-core/src/jvm/storm/trident/planner/processor/AggregateProcessor.java
7,storm-core/src/jvm/storm/trident/planner/processor/AppendCollector.java
7,storm-core/src/jvm/storm/trident/planner/processor/EachProcessor.java
7,storm-core/src/jvm/storm/trident/planner/processor/FreshCollector.java
7,storm-core/src/jvm/storm/trident/planner/processor/MultiReducerProcessor.java
7,storm-core/src/jvm/storm/trident/planner/processor/PartitionPersistProcessor.java
7,storm-core/src/jvm/storm/trident/planner/processor/ProjectedProcessor.java
7,storm-core/src/jvm/storm/trident/planner/processor/StateQueryProcessor.java
7,storm-core/src/jvm/storm/trident/planner/processor/TridentContext.java
7,storm-core/src/jvm/storm/trident/spout/BatchSpoutExecutor.java
7,storm-core/src/jvm/storm/trident/spout/IBatchID.java
7,storm-core/src/jvm/storm/trident/spout/IBatchSpout.java
7,storm-core/src/jvm/storm/trident/spout/ICommitterTridentSpout.java
7,storm-core/src/jvm/storm/trident/spout/IOpaquePartitionedTridentSpout.java
7,storm-core/src/jvm/storm/trident/spout/IPartitionedTridentSpout.java
7,storm-core/src/jvm/storm/trident/spout/ISpoutPartition.java
7,storm-core/src/jvm/storm/trident/spout/ITridentSpout.java
7,storm-core/src/jvm/storm/trident/spout/OpaquePartitionedTridentSpoutExecutor.java
7,storm-core/src/jvm/storm/trident/spout/PartitionedTridentSpoutExecutor.java
7,storm-core/src/jvm/storm/trident/spout/RichSpoutBatchExecutor.java
7,storm-core/src/jvm/storm/trident/spout/RichSpoutBatchId.java
7,storm-core/src/jvm/storm/trident/spout/RichSpoutBatchIdSerializer.java
7,storm-core/src/jvm/storm/trident/spout/RichSpoutBatchTriggerer.java
7,storm-core/src/jvm/storm/trident/spout/TridentSpoutCoordinator.java
7,storm-core/src/jvm/storm/trident/spout/TridentSpoutExecutor.java
7,storm-core/src/jvm/storm/trident/state/BaseQueryFunction.java
7,storm-core/src/jvm/storm/trident/state/BaseStateUpdater.java
7,storm-core/src/jvm/storm/trident/state/CombinerValueUpdater.java
7,storm-core/src/jvm/storm/trident/state/ITupleCollection.java
7,storm-core/src/jvm/storm/trident/state/JSONNonTransactionalSerializer.java
7,storm-core/src/jvm/storm/trident/state/JSONOpaqueSerializer.java
7,storm-core/src/jvm/storm/trident/state/JSONTransactionalSerializer.java
7,storm-core/src/jvm/storm/trident/state/OpaqueValue.java
7,storm-core/src/jvm/storm/trident/state/QueryFunction.java
7,storm-core/src/jvm/storm/trident/state/ReadOnlyState.java
7,storm-core/src/jvm/storm/trident/state/ReducerValueUpdater.java
7,storm-core/src/jvm/storm/trident/state/Serializer.java
7,storm-core/src/jvm/storm/trident/state/State.java
7,storm-core/src/jvm/storm/trident/state/StateFactory.java
7,storm-core/src/jvm/storm/trident/state/StateSpec.java
7,storm-core/src/jvm/storm/trident/state/StateType.java
7,storm-core/src/jvm/storm/trident/state/StateUpdater.java
7,storm-core/src/jvm/storm/trident/state/TransactionalValue.java
7,storm-core/src/jvm/storm/trident/state/ValueUpdater.java
7,storm-core/src/jvm/storm/trident/state/map/CachedBatchReadsMap.java
7,storm-core/src/jvm/storm/trident/state/map/CachedMap.java
7,storm-core/src/jvm/storm/trident/state/map/IBackingMap.java
7,storm-core/src/jvm/storm/trident/state/map/MapCombinerAggStateUpdater.java
7,storm-core/src/jvm/storm/trident/state/map/MapReducerAggStateUpdater.java
7,storm-core/src/jvm/storm/trident/state/map/MapState.java
7,storm-core/src/jvm/storm/trident/state/map/MicroBatchIBackingMap.java
7,storm-core/src/jvm/storm/trident/state/map/NonTransactionalMap.java
7,storm-core/src/jvm/storm/trident/state/map/OpaqueMap.java
7,storm-core/src/jvm/storm/trident/state/map/ReadOnlyMapState.java
7,storm-core/src/jvm/storm/trident/state/map/RemovableMapState.java
7,storm-core/src/jvm/storm/trident/state/map/SnapshottableMap.java
7,storm-core/src/jvm/storm/trident/state/map/TransactionalMap.java
7,storm-core/src/jvm/storm/trident/state/snapshot/ReadOnlySnapshottable.java
7,storm-core/src/jvm/storm/trident/state/snapshot/Snapshottable.java
7,storm-core/src/jvm/storm/trident/testing/CountAsAggregator.java
7,storm-core/src/jvm/storm/trident/testing/FeederBatchSpout.java
7,storm-core/src/jvm/storm/trident/testing/FeederCommitterBatchSpout.java
7,storm-core/src/jvm/storm/trident/testing/FixedBatchSpout.java
7,storm-core/src/jvm/storm/trident/testing/IFeeder.java
7,storm-core/src/jvm/storm/trident/testing/LRUMemoryMapState.java
7,storm-core/src/jvm/storm/trident/testing/MemoryBackingMap.java
7,storm-core/src/jvm/storm/trident/testing/MemoryMapState.java
7,storm-core/src/jvm/storm/trident/testing/Split.java
7,storm-core/src/jvm/storm/trident/testing/StringLength.java
7,storm-core/src/jvm/storm/trident/testing/TrueFilter.java
7,storm-core/src/jvm/storm/trident/testing/TuplifyArgs.java
7,storm-core/src/jvm/storm/trident/topology/BatchInfo.java
7,storm-core/src/jvm/storm/trident/topology/ITridentBatchBolt.java
7,storm-core/src/jvm/storm/trident/topology/MasterBatchCoordinator.java
7,storm-core/src/jvm/storm/trident/topology/TransactionAttempt.java
7,storm-core/src/jvm/storm/trident/topology/TridentBoltExecutor.java
7,storm-core/src/jvm/storm/trident/topology/TridentTopologyBuilder.java
7,storm-core/src/jvm/storm/trident/topology/state/RotatingTransactionalState.java
7,storm-core/src/jvm/storm/trident/topology/state/TestTransactionalState.java
7,storm-core/src/jvm/storm/trident/topology/state/TransactionalState.java
7,storm-core/src/jvm/storm/trident/tuple/ComboList.java
7,storm-core/src/jvm/storm/trident/tuple/ConsList.java
7,storm-core/src/jvm/storm/trident/tuple/TridentTuple.java
7,storm-core/src/jvm/storm/trident/tuple/TridentTupleView.java
7,storm-core/src/jvm/storm/trident/tuple/ValuePointer.java
7,storm-core/src/jvm/storm/trident/util/ErrorEdgeFactory.java
7,storm-core/src/jvm/storm/trident/util/IndexedEdge.java
7,storm-core/src/jvm/storm/trident/util/LRUMap.java
7,storm-core/src/jvm/storm/trident/util/TridentUtils.java
8,external/flux/flux-core/src/main/java/org/apache/storm/flux/Flux.java
8,external/flux/flux-core/src/main/java/org/apache/storm/flux/FluxBuilder.java
8,external/flux/flux-core/src/main/java/org/apache/storm/flux/api/TopologySource.java
8,external/flux/flux-core/src/main/java/org/apache/storm/flux/model/BeanDef.java
8,external/flux/flux-core/src/main/java/org/apache/storm/flux/model/BeanReference.java
8,external/flux/flux-core/src/main/java/org/apache/storm/flux/model/BoltDef.java
8,external/flux/flux-core/src/main/java/org/apache/storm/flux/model/ConfigMethodDef.java
8,external/flux/flux-core/src/main/java/org/apache/storm/flux/model/ExecutionContext.java
8,external/flux/flux-core/src/main/java/org/apache/storm/flux/model/GroupingDef.java
8,external/flux/flux-core/src/main/java/org/apache/storm/flux/model/IncludeDef.java
8,external/flux/flux-core/src/main/java/org/apache/storm/flux/model/ObjectDef.java
8,external/flux/flux-core/src/main/java/org/apache/storm/flux/model/PropertyDef.java
8,external/flux/flux-core/src/main/java/org/apache/storm/flux/model/SpoutDef.java
8,external/flux/flux-core/src/main/java/org/apache/storm/flux/model/StreamDef.java
8,external/flux/flux-core/src/main/java/org/apache/storm/flux/model/TopologyDef.java
8,external/flux/flux-core/src/main/java/org/apache/storm/flux/model/TopologySourceDef.java
8,external/flux/flux-core/src/main/java/org/apache/storm/flux/model/VertexDef.java
8,external/flux/flux-core/src/main/java/org/apache/storm/flux/parser/FluxParser.java
8,external/flux/flux-wrappers/src/main/java/org/apache/storm/flux/wrappers/bolts/FluxShellBolt.java
8,external/flux/flux-wrappers/src/main/java/org/apache/storm/flux/wrappers/bolts/LogInfoBolt.java
8,external/flux/flux-wrappers/src/main/java/org/apache/storm/flux/wrappers/spouts/FluxShellSpout.java
8,external/sql/storm-sql-core/src/jvm/org/apache/storm/sql/StormSql.java
8,external/sql/storm-sql-core/src/jvm/org/apache/storm/sql/StormSqlImpl.java
8,external/sql/storm-sql-core/src/jvm/org/apache/storm/sql/StormSqlRunner.java
8,external/sql/storm-sql-core/src/jvm/org/apache/storm/sql/compiler/CompilerUtil.java
8,external/sql/storm-sql-core/src/jvm/org/apache/storm/sql/compiler/ExprCompiler.java
8,external/sql/storm-sql-core/src/jvm/org/apache/storm/sql/compiler/PostOrderRelNodeVisitor.java
8,external/sql/storm-sql-core/src/jvm/org/apache/storm/sql/compiler/backends/standalone/PlanCompiler.java
8,external/sql/storm-sql-core/src/jvm/org/apache/storm/sql/compiler/backends/standalone/RelNodeCompiler.java
8,external/sql/storm-sql-core/src/jvm/org/apache/storm/sql/compiler/backends/trident/PlanCompiler.java
8,external/sql/storm-sql-core/src/jvm/org/apache/storm/sql/compiler/backends/trident/RelNodeCompiler.java
8,external/sql/storm-sql-core/src/jvm/org/apache/storm/sql/javac/CompilingClassLoader.java
8,external/sql/storm-sql-core/src/jvm/org/apache/storm/sql/parser/ColumnConstraint.java
8,external/sql/storm-sql-core/src/jvm/org/apache/storm/sql/parser/ColumnDefinition.java
8,external/sql/storm-sql-core/src/jvm/org/apache/storm/sql/parser/SqlCreateTable.java
8,external/sql/storm-sql-core/src/jvm/org/apache/storm/sql/parser/SqlDDLKeywords.java
8,external/sql/storm-sql-core/src/jvm/org/apache/storm/sql/parser/StormParser.java
8,external/sql/storm-sql-core/src/jvm/org/apache/storm/sql/parser/UnparseUtil.java
8,external/sql/storm-sql-kafka/src/jvm/org/apache/storm/sql/kafka/JsonScheme.java
8,external/sql/storm-sql-kafka/src/jvm/org/apache/storm/sql/kafka/JsonSerializer.java
8,external/sql/storm-sql-kafka/src/jvm/org/apache/storm/sql/kafka/KafkaDataSourcesProvider.java
8,external/sql/storm-sql-runtime/src/jvm/org/apache/storm/sql/runtime/AbstractChannelHandler.java
8,external/sql/storm-sql-runtime/src/jvm/org/apache/storm/sql/runtime/AbstractValuesProcessor.java
8,external/sql/storm-sql-runtime/src/jvm/org/apache/storm/sql/runtime/ChannelContext.java
8,external/sql/storm-sql-runtime/src/jvm/org/apache/storm/sql/runtime/ChannelHandler.java
8,external/sql/storm-sql-runtime/src/jvm/org/apache/storm/sql/runtime/Channels.java
8,external/sql/storm-sql-runtime/src/jvm/org/apache/storm/sql/runtime/DataSource.java
8,external/sql/storm-sql-runtime/src/jvm/org/apache/storm/sql/runtime/DataSourcesProvider.java
8,external/sql/storm-sql-runtime/src/jvm/org/apache/storm/sql/runtime/DataSourcesRegistry.java
8,external/sql/storm-sql-runtime/src/jvm/org/apache/storm/sql/runtime/FieldInfo.java
8,external/sql/storm-sql-runtime/src/jvm/org/apache/storm/sql/runtime/IOutputSerializer.java
8,external/sql/storm-sql-runtime/src/jvm/org/apache/storm/sql/runtime/ISqlTridentDataSource.java
8,external/sql/storm-sql-runtime/src/jvm/org/apache/storm/sql/runtime/StormSqlFunctions.java
8,external/sql/storm-sql-runtime/src/jvm/org/apache/storm/sql/runtime/trident/AbstractTridentProcessor.java
8,external/storm-cassandra/src/main/java/org/apache/storm/cassandra/AbstractExecutionResultHandler.java
8,external/storm-cassandra/src/main/java/org/apache/storm/cassandra/BaseExecutionResultHandler.java
8,external/storm-cassandra/src/main/java/org/apache/storm/cassandra/CassandraContext.java
8,external/storm-cassandra/src/main/java/org/apache/storm/cassandra/DynamicStatementBuilder.java
8,external/storm-cassandra/src/main/java/org/apache/storm/cassandra/ExecutionResultHandler.java
8,external/storm-cassandra/src/main/java/org/apache/storm/cassandra/Murmur3StreamGrouping.java
8,external/storm-cassandra/src/main/java/org/apache/storm/cassandra/bolt/BaseCassandraBolt.java
8,external/storm-cassandra/src/main/java/org/apache/storm/cassandra/bolt/BatchCassandraWriterBolt.java
8,external/storm-cassandra/src/main/java/org/apache/storm/cassandra/bolt/CassandraWriterBolt.java
8,external/storm-cassandra/src/main/java/org/apache/storm/cassandra/bolt/GroupingBatchBuilder.java
8,external/storm-cassandra/src/main/java/org/apache/storm/cassandra/bolt/PairBatchStatementTuples.java
8,external/storm-cassandra/src/main/java/org/apache/storm/cassandra/bolt/PairStatementTuple.java
8,external/storm-cassandra/src/main/java/org/apache/storm/cassandra/client/CassandraConf.java
8,external/storm-cassandra/src/main/java/org/apache/storm/cassandra/client/ClusterFactory.java
8,external/storm-cassandra/src/main/java/org/apache/storm/cassandra/client/SimpleClient.java
8,external/storm-cassandra/src/main/java/org/apache/storm/cassandra/client/SimpleClientProvider.java
8,external/storm-cassandra/src/main/java/org/apache/storm/cassandra/client/impl/DefaultClient.java
8,external/storm-cassandra/src/main/java/org/apache/storm/cassandra/context/BaseBeanFactory.java
8,external/storm-cassandra/src/main/java/org/apache/storm/cassandra/context/BeanFactory.java
8,external/storm-cassandra/src/main/java/org/apache/storm/cassandra/context/WorkerCtx.java
8,external/storm-cassandra/src/main/java/org/apache/storm/cassandra/executor/AsyncExecutor.java
8,external/storm-cassandra/src/main/java/org/apache/storm/cassandra/executor/AsyncExecutorProvider.java
8,external/storm-cassandra/src/main/java/org/apache/storm/cassandra/executor/AsyncResultHandler.java
8,external/storm-cassandra/src/main/java/org/apache/storm/cassandra/executor/ExecutionResultCollector.java
8,external/storm-cassandra/src/main/java/org/apache/storm/cassandra/executor/impl/BatchAsyncResultHandler.java
8,external/storm-cassandra/src/main/java/org/apache/storm/cassandra/executor/impl/SingleAsyncResultHandler.java
8,external/storm-cassandra/src/main/java/org/apache/storm/cassandra/query/BaseCQLStatementTupleMapper.java
8,external/storm-cassandra/src/main/java/org/apache/storm/cassandra/query/CQLResultSetValuesMapper.java
8,external/storm-cassandra/src/main/java/org/apache/storm/cassandra/query/CQLStatementBuilder.java
8,external/storm-cassandra/src/main/java/org/apache/storm/cassandra/query/CQLStatementTupleMapper.java
8,external/storm-cassandra/src/main/java/org/apache/storm/cassandra/query/Column.java
8,external/storm-cassandra/src/main/java/org/apache/storm/cassandra/query/ContextQuery.java
8,external/storm-cassandra/src/main/java/org/apache/storm/cassandra/query/CqlMapper.java
8,external/storm-cassandra/src/main/java/org/apache/storm/cassandra/query/builder/BoundCQLStatementMapperBuilder.java
8,external/storm-cassandra/src/main/java/org/apache/storm/cassandra/query/builder/SimpleCQLStatementMapperBuilder.java
8,external/storm-cassandra/src/main/java/org/apache/storm/cassandra/query/impl/BatchCQLStatementTupleMapper.java
8,external/storm-cassandra/src/main/java/org/apache/storm/cassandra/query/impl/BoundCQLStatementTupleMapper.java
8,external/storm-cassandra/src/main/java/org/apache/storm/cassandra/query/impl/PreparedStatementBinder.java
8,external/storm-cassandra/src/main/java/org/apache/storm/cassandra/query/impl/RoutingKeyGenerator.java
8,external/storm-cassandra/src/main/java/org/apache/storm/cassandra/query/impl/SimpleCQLStatementMapper.java
8,external/storm-cassandra/src/main/java/org/apache/storm/cassandra/query/selector/FieldSelector.java
8,external/storm-cassandra/src/main/java/org/apache/storm/cassandra/trident/state/CassandraQuery.java
8,external/storm-cassandra/src/main/java/org/apache/storm/cassandra/trident/state/CassandraState.java
8,external/storm-cassandra/src/main/java/org/apache/storm/cassandra/trident/state/CassandraStateFactory.java
8,external/storm-cassandra/src/main/java/org/apache/storm/cassandra/trident/state/CassandraStateUpdater.java
8,external/storm-cassandra/src/main/java/org/apache/storm/cassandra/trident/state/TridentResultSetValuesMapper.java
8,external/storm-elasticsearch/src/main/java/org/apache/storm/elasticsearch/ElasticsearchGetRequest.java
8,external/storm-elasticsearch/src/main/java/org/apache/storm/elasticsearch/EsLookupResultOutput.java
8,external/storm-elasticsearch/src/main/java/org/apache/storm/elasticsearch/bolt/AbstractEsBolt.java
8,external/storm-elasticsearch/src/main/java/org/apache/storm/elasticsearch/bolt/EsIndexBolt.java
8,external/storm-elasticsearch/src/main/java/org/apache/storm/elasticsearch/bolt/EsLookupBolt.java
8,external/storm-elasticsearch/src/main/java/org/apache/storm/elasticsearch/bolt/EsPercolateBolt.java
8,external/storm-elasticsearch/src/main/java/org/apache/storm/elasticsearch/common/DefaultEsTupleMapper.java
8,external/storm-elasticsearch/src/main/java/org/apache/storm/elasticsearch/common/EsConfig.java
8,external/storm-elasticsearch/src/main/java/org/apache/storm/elasticsearch/common/EsTupleMapper.java
8,external/storm-elasticsearch/src/main/java/org/apache/storm/elasticsearch/common/StormElasticSearchClient.java
8,external/storm-elasticsearch/src/main/java/org/apache/storm/elasticsearch/common/TransportAddresses.java
8,external/storm-elasticsearch/src/main/java/org/apache/storm/elasticsearch/trident/EsState.java
8,external/storm-elasticsearch/src/main/java/org/apache/storm/elasticsearch/trident/EsStateFactory.java
8,external/storm-elasticsearch/src/main/java/org/apache/storm/elasticsearch/trident/EsUpdater.java
8,external/storm-eventhubs/src/main/java/org/apache/storm/eventhubs/bolt/DefaultEventDataFormat.java
8,external/storm-eventhubs/src/main/java/org/apache/storm/eventhubs/bolt/EventHubBolt.java
8,external/storm-eventhubs/src/main/java/org/apache/storm/eventhubs/bolt/EventHubBoltConfig.java
8,external/storm-eventhubs/src/main/java/org/apache/storm/eventhubs/bolt/IEventDataFormat.java
8,external/storm-eventhubs/src/main/java/org/apache/storm/eventhubs/samples/AtMostOnceEventCount.java
8,external/storm-eventhubs/src/main/java/org/apache/storm/eventhubs/samples/EventCount.java
8,external/storm-eventhubs/src/main/java/org/apache/storm/eventhubs/samples/EventHubLoop.java
8,external/storm-eventhubs/src/main/java/org/apache/storm/eventhubs/samples/OpaqueTridentEventCount.java
8,external/storm-eventhubs/src/main/java/org/apache/storm/eventhubs/samples/TransactionalTridentEventCount.java
8,external/storm-eventhubs/src/main/java/org/apache/storm/eventhubs/samples/bolt/GlobalCountBolt.java
8,external/storm-eventhubs/src/main/java/org/apache/storm/eventhubs/samples/bolt/PartialCountBolt.java
8,external/storm-eventhubs/src/main/java/org/apache/storm/eventhubs/spout/EventData.java
8,external/storm-eventhubs/src/main/java/org/apache/storm/eventhubs/spout/EventDataScheme.java
8,external/storm-eventhubs/src/main/java/org/apache/storm/eventhubs/spout/EventHubReceiverImpl.java
8,external/storm-eventhubs/src/main/java/org/apache/storm/eventhubs/spout/EventHubSpout.java
8,external/storm-eventhubs/src/main/java/org/apache/storm/eventhubs/spout/EventHubSpoutConfig.java
8,external/storm-eventhubs/src/main/java/org/apache/storm/eventhubs/spout/EventHubSpoutException.java
8,external/storm-eventhubs/src/main/java/org/apache/storm/eventhubs/spout/FieldConstants.java
8,external/storm-eventhubs/src/main/java/org/apache/storm/eventhubs/spout/IEventDataScheme.java
8,external/storm-eventhubs/src/main/java/org/apache/storm/eventhubs/spout/IEventHubReceiver.java
8,external/storm-eventhubs/src/main/java/org/apache/storm/eventhubs/spout/IEventHubReceiverFactory.java
8,external/storm-eventhubs/src/main/java/org/apache/storm/eventhubs/spout/IPartitionCoordinator.java
8,external/storm-eventhubs/src/main/java/org/apache/storm/eventhubs/spout/IPartitionManager.java
8,external/storm-eventhubs/src/main/java/org/apache/storm/eventhubs/spout/IPartitionManagerFactory.java
8,external/storm-eventhubs/src/main/java/org/apache/storm/eventhubs/spout/IStateStore.java
8,external/storm-eventhubs/src/main/java/org/apache/storm/eventhubs/spout/MessageId.java
8,external/storm-eventhubs/src/main/java/org/apache/storm/eventhubs/spout/PartitionManager.java
8,external/storm-eventhubs/src/main/java/org/apache/storm/eventhubs/spout/SimplePartitionManager.java
8,external/storm-eventhubs/src/main/java/org/apache/storm/eventhubs/spout/StaticPartitionCoordinator.java
8,external/storm-eventhubs/src/main/java/org/apache/storm/eventhubs/spout/ZookeeperStateStore.java
8,external/storm-eventhubs/src/main/java/org/apache/storm/eventhubs/trident/Coordinator.java
8,external/storm-eventhubs/src/main/java/org/apache/storm/eventhubs/trident/ITridentPartitionManager.java
8,external/storm-eventhubs/src/main/java/org/apache/storm/eventhubs/trident/ITridentPartitionManagerFactory.java
8,external/storm-eventhubs/src/main/java/org/apache/storm/eventhubs/trident/OpaqueTridentEventHubEmitter.java
8,external/storm-eventhubs/src/main/java/org/apache/storm/eventhubs/trident/OpaqueTridentEventHubSpout.java
8,external/storm-eventhubs/src/main/java/org/apache/storm/eventhubs/trident/Partition.java
8,external/storm-eventhubs/src/main/java/org/apache/storm/eventhubs/trident/Partitions.java
8,external/storm-eventhubs/src/main/java/org/apache/storm/eventhubs/trident/TransactionalTridentEventHubEmitter.java
8,external/storm-eventhubs/src/main/java/org/apache/storm/eventhubs/trident/TransactionalTridentEventHubSpout.java
8,external/storm-eventhubs/src/main/java/org/apache/storm/eventhubs/trident/TridentPartitionManager.java
8,external/storm-hbase/src/main/java/org/apache/storm/hbase/bolt/AbstractHBaseBolt.java
8,external/storm-hbase/src/main/java/org/apache/storm/hbase/bolt/HBaseBolt.java
8,external/storm-hbase/src/main/java/org/apache/storm/hbase/bolt/HBaseLookupBolt.java
8,external/storm-hbase/src/main/java/org/apache/storm/hbase/bolt/mapper/HBaseMapper.java
8,external/storm-hbase/src/main/java/org/apache/storm/hbase/bolt/mapper/HBaseProjectionCriteria.java
8,external/storm-hbase/src/main/java/org/apache/storm/hbase/bolt/mapper/HBaseValueMapper.java
8,external/storm-hbase/src/main/java/org/apache/storm/hbase/bolt/mapper/SimpleHBaseMapper.java
8,external/storm-hbase/src/main/java/org/apache/storm/hbase/common/ColumnList.java
8,external/storm-hbase/src/main/java/org/apache/storm/hbase/common/HBaseClient.java
8,external/storm-hbase/src/main/java/org/apache/storm/hbase/common/IColumn.java
8,external/storm-hbase/src/main/java/org/apache/storm/hbase/common/ICounter.java
8,external/storm-hbase/src/main/java/org/apache/storm/hbase/common/Utils.java
8,external/storm-hbase/src/main/java/org/apache/storm/hbase/security/AutoHBase.java
8,external/storm-hbase/src/main/java/org/apache/storm/hbase/security/HBaseSecurityUtil.java
8,external/storm-hbase/src/main/java/org/apache/storm/hbase/trident/mapper/SimpleTridentHBaseMapMapper.java
8,external/storm-hbase/src/main/java/org/apache/storm/hbase/trident/mapper/SimpleTridentHBaseMapper.java
8,external/storm-hbase/src/main/java/org/apache/storm/hbase/trident/mapper/TridentHBaseMapMapper.java
8,external/storm-hbase/src/main/java/org/apache/storm/hbase/trident/mapper/TridentHBaseMapper.java
8,external/storm-hbase/src/main/java/org/apache/storm/hbase/trident/state/HBaseMapState.java
8,external/storm-hbase/src/main/java/org/apache/storm/hbase/trident/state/HBaseQuery.java
8,external/storm-hbase/src/main/java/org/apache/storm/hbase/trident/state/HBaseState.java
8,external/storm-hbase/src/main/java/org/apache/storm/hbase/trident/state/HBaseStateFactory.java
8,external/storm-hbase/src/main/java/org/apache/storm/hbase/trident/state/HBaseUpdater.java
8,external/storm-hbase/src/main/java/org/apache/storm/hbase/trident/windowing/HBaseWindowsStore.java
8,external/storm-hbase/src/main/java/org/apache/storm/hbase/trident/windowing/HBaseWindowsStoreFactory.java
8,external/storm-hdfs/src/main/java/org/apache/storm/hdfs/avro/AbstractAvroSerializer.java
8,external/storm-hdfs/src/main/java/org/apache/storm/hdfs/avro/AvroSchemaRegistry.java
8,external/storm-hdfs/src/main/java/org/apache/storm/hdfs/avro/AvroUtils.java
8,external/storm-hdfs/src/main/java/org/apache/storm/hdfs/avro/ConfluentAvroSerializer.java
8,external/storm-hdfs/src/main/java/org/apache/storm/hdfs/avro/FixedAvroSerializer.java
8,external/storm-hdfs/src/main/java/org/apache/storm/hdfs/avro/GenericAvroSerializer.java
8,external/storm-hdfs/src/main/java/org/apache/storm/hdfs/blobstore/HdfsBlobStore.java
8,external/storm-hdfs/src/main/java/org/apache/storm/hdfs/blobstore/HdfsBlobStoreFile.java
8,external/storm-hdfs/src/main/java/org/apache/storm/hdfs/blobstore/HdfsBlobStoreImpl.java
8,external/storm-hdfs/src/main/java/org/apache/storm/hdfs/blobstore/HdfsClientBlobStore.java
8,external/storm-hdfs/src/main/java/org/apache/storm/hdfs/bolt/AbstractHdfsBolt.java
8,external/storm-hdfs/src/main/java/org/apache/storm/hdfs/bolt/AvroGenericRecordBolt.java
8,external/storm-hdfs/src/main/java/org/apache/storm/hdfs/bolt/HdfsBolt.java
8,external/storm-hdfs/src/main/java/org/apache/storm/hdfs/bolt/SequenceFileBolt.java
8,external/storm-hdfs/src/main/java/org/apache/storm/hdfs/bolt/format/DefaultFileNameFormat.java
8,external/storm-hdfs/src/main/java/org/apache/storm/hdfs/bolt/format/DefaultSequenceFormat.java
8,external/storm-hdfs/src/main/java/org/apache/storm/hdfs/bolt/format/DelimitedRecordFormat.java
8,external/storm-hdfs/src/main/java/org/apache/storm/hdfs/bolt/format/FileNameFormat.java
8,external/storm-hdfs/src/main/java/org/apache/storm/hdfs/bolt/format/RecordFormat.java
8,external/storm-hdfs/src/main/java/org/apache/storm/hdfs/bolt/format/SequenceFormat.java
8,external/storm-hdfs/src/main/java/org/apache/storm/hdfs/bolt/rotation/FileRotationPolicy.java
8,external/storm-hdfs/src/main/java/org/apache/storm/hdfs/bolt/rotation/FileSizeRotationPolicy.java
8,external/storm-hdfs/src/main/java/org/apache/storm/hdfs/bolt/rotation/NoRotationPolicy.java
8,external/storm-hdfs/src/main/java/org/apache/storm/hdfs/bolt/rotation/TimedRotationPolicy.java
8,external/storm-hdfs/src/main/java/org/apache/storm/hdfs/bolt/sync/CountSyncPolicy.java
8,external/storm-hdfs/src/main/java/org/apache/storm/hdfs/bolt/sync/SyncPolicy.java
8,external/storm-hdfs/src/main/java/org/apache/storm/hdfs/common/HdfsUtils.java
8,external/storm-hdfs/src/main/java/org/apache/storm/hdfs/common/ModifTimeComparator.java
8,external/storm-hdfs/src/main/java/org/apache/storm/hdfs/common/rotation/MoveFileAction.java
8,external/storm-hdfs/src/main/java/org/apache/storm/hdfs/common/rotation/RotationAction.java
8,external/storm-hdfs/src/main/java/org/apache/storm/hdfs/common/security/AutoHDFS.java
8,external/storm-hdfs/src/main/java/org/apache/storm/hdfs/common/security/HdfsSecurityUtil.java
8,external/storm-hdfs/src/main/java/org/apache/storm/hdfs/spout/AbstractFileReader.java
8,external/storm-hdfs/src/main/java/org/apache/storm/hdfs/spout/Configs.java
8,external/storm-hdfs/src/main/java/org/apache/storm/hdfs/spout/DirLock.java
8,external/storm-hdfs/src/main/java/org/apache/storm/hdfs/spout/FileLock.java
8,external/storm-hdfs/src/main/java/org/apache/storm/hdfs/spout/FileOffset.java
8,external/storm-hdfs/src/main/java/org/apache/storm/hdfs/spout/FileReader.java
8,external/storm-hdfs/src/main/java/org/apache/storm/hdfs/spout/HdfsSpout.java
8,external/storm-hdfs/src/main/java/org/apache/storm/hdfs/spout/ParseException.java
8,external/storm-hdfs/src/main/java/org/apache/storm/hdfs/spout/ProgressTracker.java
8,external/storm-hdfs/src/main/java/org/apache/storm/hdfs/spout/SequenceFileReader.java
8,external/storm-hdfs/src/main/java/org/apache/storm/hdfs/spout/TextFileReader.java
8,external/storm-hdfs/src/main/java/org/apache/storm/hdfs/trident/HdfsState.java
8,external/storm-hdfs/src/main/java/org/apache/storm/hdfs/trident/HdfsStateFactory.java
8,external/storm-hdfs/src/main/java/org/apache/storm/hdfs/trident/HdfsUpdater.java
8,external/storm-hdfs/src/main/java/org/apache/storm/hdfs/trident/format/DefaultFileNameFormat.java
8,external/storm-hdfs/src/main/java/org/apache/storm/hdfs/trident/format/DefaultSequenceFormat.java
8,external/storm-hdfs/src/main/java/org/apache/storm/hdfs/trident/format/DelimitedRecordFormat.java
8,external/storm-hdfs/src/main/java/org/apache/storm/hdfs/trident/format/FileNameFormat.java
8,external/storm-hdfs/src/main/java/org/apache/storm/hdfs/trident/format/RecordFormat.java
8,external/storm-hdfs/src/main/java/org/apache/storm/hdfs/trident/format/SequenceFormat.java
8,external/storm-hdfs/src/main/java/org/apache/storm/hdfs/trident/rotation/FileRotationPolicy.java
8,external/storm-hdfs/src/main/java/org/apache/storm/hdfs/trident/rotation/FileSizeRotationPolicy.java
8,external/storm-hdfs/src/main/java/org/apache/storm/hdfs/trident/rotation/NoRotationPolicy.java
8,external/storm-hdfs/src/main/java/org/apache/storm/hdfs/trident/rotation/TimedRotationPolicy.java
8,external/storm-hdfs/src/main/java/org/apache/storm/hdfs/trident/sync/CountSyncPolicy.java
8,external/storm-hdfs/src/main/java/org/apache/storm/hdfs/trident/sync/SyncPolicy.java
8,external/storm-hive/src/main/java/org/apache/storm/hive/bolt/HiveBolt.java
8,external/storm-hive/src/main/java/org/apache/storm/hive/bolt/mapper/DelimitedRecordHiveMapper.java
8,external/storm-hive/src/main/java/org/apache/storm/hive/bolt/mapper/HiveMapper.java
8,external/storm-hive/src/main/java/org/apache/storm/hive/bolt/mapper/JsonRecordHiveMapper.java
8,external/storm-hive/src/main/java/org/apache/storm/hive/common/HiveOptions.java
8,external/storm-hive/src/main/java/org/apache/storm/hive/common/HiveUtils.java
8,external/storm-hive/src/main/java/org/apache/storm/hive/common/HiveWriter.java
8,external/storm-hive/src/main/java/org/apache/storm/hive/trident/HiveState.java
8,external/storm-hive/src/main/java/org/apache/storm/hive/trident/HiveStateFactory.java
8,external/storm-hive/src/main/java/org/apache/storm/hive/trident/HiveUpdater.java
8,external/storm-jdbc/src/main/java/org/apache/storm/jdbc/bolt/AbstractJdbcBolt.java
8,external/storm-jdbc/src/main/java/org/apache/storm/jdbc/bolt/JdbcInsertBolt.java
8,external/storm-jdbc/src/main/java/org/apache/storm/jdbc/bolt/JdbcLookupBolt.java
8,external/storm-jdbc/src/main/java/org/apache/storm/jdbc/common/Column.java
8,external/storm-jdbc/src/main/java/org/apache/storm/jdbc/common/ConnectionProvider.java
8,external/storm-jdbc/src/main/java/org/apache/storm/jdbc/common/HikariCPConnectionProvider.java
8,external/storm-jdbc/src/main/java/org/apache/storm/jdbc/common/JdbcClient.java
8,external/storm-jdbc/src/main/java/org/apache/storm/jdbc/common/Util.java
8,external/storm-jdbc/src/main/java/org/apache/storm/jdbc/mapper/JdbcLookupMapper.java
8,external/storm-jdbc/src/main/java/org/apache/storm/jdbc/mapper/JdbcMapper.java
8,external/storm-jdbc/src/main/java/org/apache/storm/jdbc/mapper/SimpleJdbcLookupMapper.java
8,external/storm-jdbc/src/main/java/org/apache/storm/jdbc/mapper/SimpleJdbcMapper.java
8,external/storm-jdbc/src/main/java/org/apache/storm/jdbc/trident/state/JdbcQuery.java
8,external/storm-jdbc/src/main/java/org/apache/storm/jdbc/trident/state/JdbcState.java
8,external/storm-jdbc/src/main/java/org/apache/storm/jdbc/trident/state/JdbcStateFactory.java
8,external/storm-jdbc/src/main/java/org/apache/storm/jdbc/trident/state/JdbcUpdater.java
8,external/storm-kafka-client/src/main/java/org/apache/storm/kafka/spout/KafkaSpout.java
8,external/storm-kafka-client/src/main/java/org/apache/storm/kafka/spout/KafkaSpoutConfig.java
8,external/storm-kafka-client/src/main/java/org/apache/storm/kafka/spout/KafkaSpoutMessageId.java
8,external/storm-kafka-client/src/main/java/org/apache/storm/kafka/spout/KafkaSpoutRetryExponentialBackoff.java
8,external/storm-kafka-client/src/main/java/org/apache/storm/kafka/spout/KafkaSpoutRetryService.java
8,external/storm-kafka-client/src/main/java/org/apache/storm/kafka/spout/KafkaSpoutStream.java
8,external/storm-kafka-client/src/main/java/org/apache/storm/kafka/spout/KafkaSpoutStreams.java
8,external/storm-kafka-client/src/main/java/org/apache/storm/kafka/spout/KafkaSpoutTupleBuilder.java
8,external/storm-kafka-client/src/main/java/org/apache/storm/kafka/spout/KafkaSpoutTuplesBuilder.java
8,external/storm-kafka/src/jvm/org/apache/storm/kafka/Broker.java
8,external/storm-kafka/src/jvm/org/apache/storm/kafka/BrokerHosts.java
8,external/storm-kafka/src/jvm/org/apache/storm/kafka/ByteBufferSerializer.java
8,external/storm-kafka/src/jvm/org/apache/storm/kafka/DynamicBrokersReader.java
8,external/storm-kafka/src/jvm/org/apache/storm/kafka/DynamicPartitionConnections.java
8,external/storm-kafka/src/jvm/org/apache/storm/kafka/ExponentialBackoffMsgRetryManager.java
8,external/storm-kafka/src/jvm/org/apache/storm/kafka/FailedFetchException.java
8,external/storm-kafka/src/jvm/org/apache/storm/kafka/FailedMsgRetryManager.java
8,external/storm-kafka/src/jvm/org/apache/storm/kafka/IntSerializer.java
8,external/storm-kafka/src/jvm/org/apache/storm/kafka/KafkaConfig.java
8,external/storm-kafka/src/jvm/org/apache/storm/kafka/KafkaError.java
8,external/storm-kafka/src/jvm/org/apache/storm/kafka/KafkaSpout.java
8,external/storm-kafka/src/jvm/org/apache/storm/kafka/KafkaUtils.java
8,external/storm-kafka/src/jvm/org/apache/storm/kafka/KeyValueScheme.java
8,external/storm-kafka/src/jvm/org/apache/storm/kafka/KeyValueSchemeAsMultiScheme.java
8,external/storm-kafka/src/jvm/org/apache/storm/kafka/MessageMetadataScheme.java
8,external/storm-kafka/src/jvm/org/apache/storm/kafka/MessageMetadataSchemeAsMultiScheme.java
8,external/storm-kafka/src/jvm/org/apache/storm/kafka/Partition.java
8,external/storm-kafka/src/jvm/org/apache/storm/kafka/PartitionCoordinator.java
8,external/storm-kafka/src/jvm/org/apache/storm/kafka/PartitionManager.java
8,external/storm-kafka/src/jvm/org/apache/storm/kafka/SpoutConfig.java
8,external/storm-kafka/src/jvm/org/apache/storm/kafka/StaticCoordinator.java
8,external/storm-kafka/src/jvm/org/apache/storm/kafka/StaticHosts.java
8,external/storm-kafka/src/jvm/org/apache/storm/kafka/StaticPartitionConnections.java
8,external/storm-kafka/src/jvm/org/apache/storm/kafka/StringKeyValueScheme.java
8,external/storm-kafka/src/jvm/org/apache/storm/kafka/StringMessageAndMetadataScheme.java
8,external/storm-kafka/src/jvm/org/apache/storm/kafka/StringMultiSchemeWithTopic.java
8,external/storm-kafka/src/jvm/org/apache/storm/kafka/StringScheme.java
8,external/storm-kafka/src/jvm/org/apache/storm/kafka/TopicOffsetOutOfRangeException.java
8,external/storm-kafka/src/jvm/org/apache/storm/kafka/ZkCoordinator.java
8,external/storm-kafka/src/jvm/org/apache/storm/kafka/ZkHosts.java
8,external/storm-kafka/src/jvm/org/apache/storm/kafka/ZkState.java
8,external/storm-kafka/src/jvm/org/apache/storm/kafka/bolt/KafkaBolt.java
8,external/storm-kafka/src/jvm/org/apache/storm/kafka/bolt/mapper/FieldNameBasedTupleToKafkaMapper.java
8,external/storm-kafka/src/jvm/org/apache/storm/kafka/bolt/mapper/TupleToKafkaMapper.java
8,external/storm-kafka/src/jvm/org/apache/storm/kafka/bolt/selector/DefaultTopicSelector.java
8,external/storm-kafka/src/jvm/org/apache/storm/kafka/bolt/selector/KafkaTopicSelector.java
8,external/storm-kafka/src/jvm/org/apache/storm/kafka/trident/Coordinator.java
8,external/storm-kafka/src/jvm/org/apache/storm/kafka/trident/DefaultCoordinator.java
8,external/storm-kafka/src/jvm/org/apache/storm/kafka/trident/GlobalPartitionInformation.java
8,external/storm-kafka/src/jvm/org/apache/storm/kafka/trident/IBatchCoordinator.java
8,external/storm-kafka/src/jvm/org/apache/storm/kafka/trident/IBrokerReader.java
8,external/storm-kafka/src/jvm/org/apache/storm/kafka/trident/MaxMetric.java
8,external/storm-kafka/src/jvm/org/apache/storm/kafka/trident/OpaqueTridentKafkaSpout.java
8,external/storm-kafka/src/jvm/org/apache/storm/kafka/trident/StaticBrokerReader.java
8,external/storm-kafka/src/jvm/org/apache/storm/kafka/trident/TransactionalTridentKafkaSpout.java
8,external/storm-kafka/src/jvm/org/apache/storm/kafka/trident/TridentKafkaConfig.java
8,external/storm-kafka/src/jvm/org/apache/storm/kafka/trident/TridentKafkaEmitter.java
8,external/storm-kafka/src/jvm/org/apache/storm/kafka/trident/TridentKafkaState.java
8,external/storm-kafka/src/jvm/org/apache/storm/kafka/trident/TridentKafkaStateFactory.java
8,external/storm-kafka/src/jvm/org/apache/storm/kafka/trident/TridentKafkaUpdater.java
8,external/storm-kafka/src/jvm/org/apache/storm/kafka/trident/ZkBrokerReader.java
8,external/storm-kafka/src/jvm/org/apache/storm/kafka/trident/mapper/FieldNameBasedTupleToKafkaMapper.java
8,external/storm-kafka/src/jvm/org/apache/storm/kafka/trident/mapper/TridentTupleToKafkaMapper.java
8,external/storm-kafka/src/jvm/org/apache/storm/kafka/trident/selector/DefaultTopicSelector.java
8,external/storm-kafka/src/jvm/org/apache/storm/kafka/trident/selector/KafkaTopicSelector.java
8,external/storm-metrics/src/main/java/org/apache/storm/metrics/hdrhistogram/HistogramMetric.java
8,external/storm-metrics/src/main/java/org/apache/storm/metrics/sigar/CPUMetric.java
8,external/storm-mongodb/src/main/java/org/apache/storm/mongodb/bolt/AbstractMongoBolt.java
8,external/storm-mongodb/src/main/java/org/apache/storm/mongodb/bolt/MongoInsertBolt.java
8,external/storm-mongodb/src/main/java/org/apache/storm/mongodb/bolt/MongoUpdateBolt.java
8,external/storm-mongodb/src/main/java/org/apache/storm/mongodb/common/MongoDBClient.java
8,external/storm-mongodb/src/main/java/org/apache/storm/mongodb/common/QueryFilterCreator.java
8,external/storm-mongodb/src/main/java/org/apache/storm/mongodb/common/SimpleQueryFilterCreator.java
8,external/storm-mongodb/src/main/java/org/apache/storm/mongodb/common/mapper/MongoMapper.java
8,external/storm-mongodb/src/main/java/org/apache/storm/mongodb/common/mapper/SimpleMongoMapper.java
8,external/storm-mongodb/src/main/java/org/apache/storm/mongodb/common/mapper/SimpleMongoUpdateMapper.java
8,external/storm-mongodb/src/main/java/org/apache/storm/mongodb/trident/state/MongoState.java
8,external/storm-mongodb/src/main/java/org/apache/storm/mongodb/trident/state/MongoStateFactory.java
8,external/storm-mongodb/src/main/java/org/apache/storm/mongodb/trident/state/MongoStateUpdater.java
8,external/storm-mqtt/core/src/main/java/org/apache/storm/mqtt/MqttLogger.java
8,external/storm-mqtt/core/src/main/java/org/apache/storm/mqtt/MqttMessage.java
8,external/storm-mqtt/core/src/main/java/org/apache/storm/mqtt/MqttMessageMapper.java
8,external/storm-mqtt/core/src/main/java/org/apache/storm/mqtt/MqttTupleMapper.java
8,external/storm-mqtt/core/src/main/java/org/apache/storm/mqtt/bolt/MqttBolt.java
8,external/storm-mqtt/core/src/main/java/org/apache/storm/mqtt/common/MqttOptions.java
8,external/storm-mqtt/core/src/main/java/org/apache/storm/mqtt/common/MqttPublisher.java
8,external/storm-mqtt/core/src/main/java/org/apache/storm/mqtt/common/MqttUtils.java
8,external/storm-mqtt/core/src/main/java/org/apache/storm/mqtt/common/SslUtils.java
8,external/storm-mqtt/core/src/main/java/org/apache/storm/mqtt/mappers/ByteArrayMessageMapper.java
8,external/storm-mqtt/core/src/main/java/org/apache/storm/mqtt/mappers/StringMessageMapper.java
8,external/storm-mqtt/core/src/main/java/org/apache/storm/mqtt/spout/AckableMessage.java
8,external/storm-mqtt/core/src/main/java/org/apache/storm/mqtt/spout/MqttSpout.java
8,external/storm-mqtt/core/src/main/java/org/apache/storm/mqtt/ssl/DefaultKeyStoreLoader.java
8,external/storm-mqtt/core/src/main/java/org/apache/storm/mqtt/ssl/KeyStoreLoader.java
8,external/storm-mqtt/core/src/main/java/org/apache/storm/mqtt/trident/MqttPublishFunction.java
8,external/storm-redis/src/main/java/org/apache/storm/redis/bolt/AbstractRedisBolt.java
8,external/storm-redis/src/main/java/org/apache/storm/redis/bolt/RedisLookupBolt.java
8,external/storm-redis/src/main/java/org/apache/storm/redis/bolt/RedisStoreBolt.java
8,external/storm-redis/src/main/java/org/apache/storm/redis/common/config/JedisClusterConfig.java
8,external/storm-redis/src/main/java/org/apache/storm/redis/common/config/JedisPoolConfig.java
8,external/storm-redis/src/main/java/org/apache/storm/redis/common/container/JedisClusterContainer.java
8,external/storm-redis/src/main/java/org/apache/storm/redis/common/container/JedisCommandsContainerBuilder.java
8,external/storm-redis/src/main/java/org/apache/storm/redis/common/container/JedisCommandsInstanceContainer.java
8,external/storm-redis/src/main/java/org/apache/storm/redis/common/container/JedisContainer.java
8,external/storm-redis/src/main/java/org/apache/storm/redis/common/mapper/RedisDataTypeDescription.java
8,external/storm-redis/src/main/java/org/apache/storm/redis/common/mapper/RedisLookupMapper.java
8,external/storm-redis/src/main/java/org/apache/storm/redis/common/mapper/RedisMapper.java
8,external/storm-redis/src/main/java/org/apache/storm/redis/common/mapper/RedisStoreMapper.java
8,external/storm-redis/src/main/java/org/apache/storm/redis/common/mapper/TupleMapper.java
8,external/storm-redis/src/main/java/org/apache/storm/redis/state/RedisKeyValueState.java
8,external/storm-redis/src/main/java/org/apache/storm/redis/state/RedisKeyValueStateProvider.java
8,external/storm-redis/src/main/java/org/apache/storm/redis/trident/state/AbstractRedisMapState.java
8,external/storm-redis/src/main/java/org/apache/storm/redis/trident/state/AbstractRedisStateQuerier.java
8,external/storm-redis/src/main/java/org/apache/storm/redis/trident/state/AbstractRedisStateUpdater.java
8,external/storm-redis/src/main/java/org/apache/storm/redis/trident/state/KeyFactory.java
8,external/storm-redis/src/main/java/org/apache/storm/redis/trident/state/Options.java
8,external/storm-redis/src/main/java/org/apache/storm/redis/trident/state/RedisClusterMapState.java
8,external/storm-redis/src/main/java/org/apache/storm/redis/trident/state/RedisClusterState.java
8,external/storm-redis/src/main/java/org/apache/storm/redis/trident/state/RedisClusterStateQuerier.java
8,external/storm-redis/src/main/java/org/apache/storm/redis/trident/state/RedisClusterStateUpdater.java
8,external/storm-redis/src/main/java/org/apache/storm/redis/trident/state/RedisMapState.java
8,external/storm-redis/src/main/java/org/apache/storm/redis/trident/state/RedisState.java
8,external/storm-redis/src/main/java/org/apache/storm/redis/trident/state/RedisStateQuerier.java
8,external/storm-redis/src/main/java/org/apache/storm/redis/trident/state/RedisStateUpdater.java
8,external/storm-solr/src/main/java/org/apache/storm/solr/bolt/SolrUpdateBolt.java
8,external/storm-solr/src/main/java/org/apache/storm/solr/config/CountBasedCommit.java
8,external/storm-solr/src/main/java/org/apache/storm/solr/config/SolrCommitStrategy.java
8,external/storm-solr/src/main/java/org/apache/storm/solr/config/SolrConfig.java
8,external/storm-solr/src/main/java/org/apache/storm/solr/mapper/SolrFieldsMapper.java
8,external/storm-solr/src/main/java/org/apache/storm/solr/mapper/SolrJsonMapper.java
8,external/storm-solr/src/main/java/org/apache/storm/solr/mapper/SolrMapper.java
8,external/storm-solr/src/main/java/org/apache/storm/solr/mapper/SolrMapperException.java
8,external/storm-solr/src/main/java/org/apache/storm/solr/schema/CopyField.java
8,external/storm-solr/src/main/java/org/apache/storm/solr/schema/Field.java
8,external/storm-solr/src/main/java/org/apache/storm/solr/schema/FieldType.java
8,external/storm-solr/src/main/java/org/apache/storm/solr/schema/Schema.java
8,external/storm-solr/src/main/java/org/apache/storm/solr/schema/SolrFieldTypeFinder.java
8,external/storm-solr/src/main/java/org/apache/storm/solr/schema/builder/RestJsonSchemaBuilder.java
8,external/storm-solr/src/main/java/org/apache/storm/solr/schema/builder/SchemaBuilder.java
8,external/storm-solr/src/main/java/org/apache/storm/solr/trident/SolrState.java
8,external/storm-solr/src/main/java/org/apache/storm/solr/trident/SolrStateFactory.java
8,external/storm-solr/src/main/java/org/apache/storm/solr/trident/SolrUpdater.java
8,storm-core/src/jvm/org/apache/storm/Config.java
8,storm-core/src/jvm/org/apache/storm/Constants.java
8,storm-core/src/jvm/org/apache/storm/ICredentialsListener.java
8,storm-core/src/jvm/org/apache/storm/ILocalCluster.java
8,storm-core/src/jvm/org/apache/storm/ILocalDRPC.java
8,storm-core/src/jvm/org/apache/storm/ISubmitterHook.java
8,storm-core/src/jvm/org/apache/storm/LogWriter.java
8,storm-core/src/jvm/org/apache/storm/StormSubmitter.java
8,storm-core/src/jvm/org/apache/storm/blobstore/AtomicOutputStream.java
8,storm-core/src/jvm/org/apache/storm/blobstore/BlobKeySequenceInfo.java
8,storm-core/src/jvm/org/apache/storm/blobstore/BlobStore.java
8,storm-core/src/jvm/org/apache/storm/blobstore/BlobStoreAclHandler.java
8,storm-core/src/jvm/org/apache/storm/blobstore/BlobStoreFile.java
8,storm-core/src/jvm/org/apache/storm/blobstore/BlobStoreUtils.java
8,storm-core/src/jvm/org/apache/storm/blobstore/BlobSynchronizer.java
8,storm-core/src/jvm/org/apache/storm/blobstore/ClientBlobStore.java
8,storm-core/src/jvm/org/apache/storm/blobstore/FileBlobStoreImpl.java
8,storm-core/src/jvm/org/apache/storm/blobstore/InputStreamWithMeta.java
8,storm-core/src/jvm/org/apache/storm/blobstore/KeyFilter.java
8,storm-core/src/jvm/org/apache/storm/blobstore/KeySequenceNumber.java
8,storm-core/src/jvm/org/apache/storm/blobstore/LocalFsBlobStore.java
8,storm-core/src/jvm/org/apache/storm/blobstore/LocalFsBlobStoreFile.java
8,storm-core/src/jvm/org/apache/storm/blobstore/NimbusBlobStore.java
8,storm-core/src/jvm/org/apache/storm/clojure/ClojureBolt.java
8,storm-core/src/jvm/org/apache/storm/clojure/ClojureSpout.java
8,storm-core/src/jvm/org/apache/storm/clojure/RichShellBolt.java
8,storm-core/src/jvm/org/apache/storm/clojure/RichShellSpout.java
8,storm-core/src/jvm/org/apache/storm/cluster/ClusterState.java
8,storm-core/src/jvm/org/apache/storm/cluster/ClusterStateContext.java
8,storm-core/src/jvm/org/apache/storm/cluster/ClusterStateFactory.java
8,storm-core/src/jvm/org/apache/storm/cluster/ClusterStateListener.java
8,storm-core/src/jvm/org/apache/storm/cluster/ConnectionState.java
8,storm-core/src/jvm/org/apache/storm/cluster/DaemonType.java
8,storm-core/src/jvm/org/apache/storm/coordination/BatchBoltExecutor.java
8,storm-core/src/jvm/org/apache/storm/coordination/BatchOutputCollector.java
8,storm-core/src/jvm/org/apache/storm/coordination/BatchOutputCollectorImpl.java
8,storm-core/src/jvm/org/apache/storm/coordination/BatchSubtopologyBuilder.java
8,storm-core/src/jvm/org/apache/storm/coordination/CoordinatedBolt.java
8,storm-core/src/jvm/org/apache/storm/coordination/IBatchBolt.java
8,storm-core/src/jvm/org/apache/storm/daemon/ClientJarTransformerRunner.java
8,storm-core/src/jvm/org/apache/storm/daemon/DirectoryCleaner.java
8,storm-core/src/jvm/org/apache/storm/daemon/JarTransformer.java
8,storm-core/src/jvm/org/apache/storm/daemon/Shutdownable.java
8,storm-core/src/jvm/org/apache/storm/daemon/metrics/MetricsUtils.java
8,storm-core/src/jvm/org/apache/storm/daemon/metrics/reporters/ConsolePreparableReporter.java
8,storm-core/src/jvm/org/apache/storm/daemon/metrics/reporters/CsvPreparableReporter.java
8,storm-core/src/jvm/org/apache/storm/daemon/metrics/reporters/JmxPreparableReporter.java
8,storm-core/src/jvm/org/apache/storm/daemon/metrics/reporters/PreparableReporter.java
8,storm-core/src/jvm/org/apache/storm/drpc/DRPCInvocationsClient.java
8,storm-core/src/jvm/org/apache/storm/drpc/DRPCSpout.java
8,storm-core/src/jvm/org/apache/storm/drpc/JoinResult.java
8,storm-core/src/jvm/org/apache/storm/drpc/KeyedFairBolt.java
8,storm-core/src/jvm/org/apache/storm/drpc/LinearDRPCInputDeclarer.java
8,storm-core/src/jvm/org/apache/storm/drpc/LinearDRPCTopologyBuilder.java
8,storm-core/src/jvm/org/apache/storm/drpc/PrepareRequest.java
8,storm-core/src/jvm/org/apache/storm/drpc/ReturnResults.java
8,storm-core/src/jvm/org/apache/storm/grouping/CustomStreamGrouping.java
8,storm-core/src/jvm/org/apache/storm/grouping/Load.java
8,storm-core/src/jvm/org/apache/storm/grouping/LoadAwareCustomStreamGrouping.java
8,storm-core/src/jvm/org/apache/storm/grouping/LoadAwareShuffleGrouping.java
8,storm-core/src/jvm/org/apache/storm/grouping/LoadMapping.java
8,storm-core/src/jvm/org/apache/storm/grouping/PartialKeyGrouping.java
8,storm-core/src/jvm/org/apache/storm/grouping/ShuffleGrouping.java
8,storm-core/src/jvm/org/apache/storm/hooks/BaseTaskHook.java
8,storm-core/src/jvm/org/apache/storm/hooks/BaseWorkerHook.java
8,storm-core/src/jvm/org/apache/storm/hooks/ITaskHook.java
8,storm-core/src/jvm/org/apache/storm/hooks/IWorkerHook.java
8,storm-core/src/jvm/org/apache/storm/hooks/info/BoltAckInfo.java
8,storm-core/src/jvm/org/apache/storm/hooks/info/BoltExecuteInfo.java
8,storm-core/src/jvm/org/apache/storm/hooks/info/BoltFailInfo.java
8,storm-core/src/jvm/org/apache/storm/hooks/info/EmitInfo.java
8,storm-core/src/jvm/org/apache/storm/hooks/info/SpoutAckInfo.java
8,storm-core/src/jvm/org/apache/storm/hooks/info/SpoutFailInfo.java
8,storm-core/src/jvm/org/apache/storm/localizer/LocalResource.java
8,storm-core/src/jvm/org/apache/storm/localizer/LocalizedResource.java
8,storm-core/src/jvm/org/apache/storm/localizer/LocalizedResourceRetentionSet.java
8,storm-core/src/jvm/org/apache/storm/localizer/LocalizedResourceSet.java
8,storm-core/src/jvm/org/apache/storm/localizer/Localizer.java
8,storm-core/src/jvm/org/apache/storm/logging/ThriftAccessLogger.java
8,storm-core/src/jvm/org/apache/storm/logging/filters/AccessLoggingFilter.java
8,storm-core/src/jvm/org/apache/storm/messaging/ConnectionWithStatus.java
8,storm-core/src/jvm/org/apache/storm/messaging/DeserializingConnectionCallback.java
8,storm-core/src/jvm/org/apache/storm/messaging/IConnection.java
8,storm-core/src/jvm/org/apache/storm/messaging/IConnectionCallback.java
8,storm-core/src/jvm/org/apache/storm/messaging/IContext.java
8,storm-core/src/jvm/org/apache/storm/messaging/TaskMessage.java
8,storm-core/src/jvm/org/apache/storm/messaging/TransportFactory.java
8,storm-core/src/jvm/org/apache/storm/messaging/local/Context.java
8,storm-core/src/jvm/org/apache/storm/messaging/netty/Client.java
8,storm-core/src/jvm/org/apache/storm/messaging/netty/Context.java
8,storm-core/src/jvm/org/apache/storm/messaging/netty/ControlMessage.java
8,storm-core/src/jvm/org/apache/storm/messaging/netty/INettySerializable.java
8,storm-core/src/jvm/org/apache/storm/messaging/netty/ISaslClient.java
8,storm-core/src/jvm/org/apache/storm/messaging/netty/ISaslServer.java
8,storm-core/src/jvm/org/apache/storm/messaging/netty/IServer.java
8,storm-core/src/jvm/org/apache/storm/messaging/netty/KerberosSaslClientHandler.java
8,storm-core/src/jvm/org/apache/storm/messaging/netty/KerberosSaslNettyClient.java
8,storm-core/src/jvm/org/apache/storm/messaging/netty/KerberosSaslNettyClientState.java
8,storm-core/src/jvm/org/apache/storm/messaging/netty/KerberosSaslNettyServer.java
8,storm-core/src/jvm/org/apache/storm/messaging/netty/KerberosSaslNettyServerState.java
8,storm-core/src/jvm/org/apache/storm/messaging/netty/KerberosSaslServerHandler.java
8,storm-core/src/jvm/org/apache/storm/messaging/netty/Login.java
8,storm-core/src/jvm/org/apache/storm/messaging/netty/MessageBatch.java
8,storm-core/src/jvm/org/apache/storm/messaging/netty/MessageBuffer.java
8,storm-core/src/jvm/org/apache/storm/messaging/netty/MessageDecoder.java
8,storm-core/src/jvm/org/apache/storm/messaging/netty/MessageEncoder.java
8,storm-core/src/jvm/org/apache/storm/messaging/netty/NettyRenameThreadFactory.java
8,storm-core/src/jvm/org/apache/storm/messaging/netty/NettyUncaughtExceptionHandler.java
8,storm-core/src/jvm/org/apache/storm/messaging/netty/SaslMessageToken.java
8,storm-core/src/jvm/org/apache/storm/messaging/netty/SaslNettyClient.java
8,storm-core/src/jvm/org/apache/storm/messaging/netty/SaslNettyClientState.java
8,storm-core/src/jvm/org/apache/storm/messaging/netty/SaslNettyServer.java
8,storm-core/src/jvm/org/apache/storm/messaging/netty/SaslNettyServerState.java
8,storm-core/src/jvm/org/apache/storm/messaging/netty/SaslStormClientHandler.java
8,storm-core/src/jvm/org/apache/storm/messaging/netty/SaslStormServerAuthorizeHandler.java
8,storm-core/src/jvm/org/apache/storm/messaging/netty/SaslStormServerHandler.java
8,storm-core/src/jvm/org/apache/storm/messaging/netty/SaslUtils.java
8,storm-core/src/jvm/org/apache/storm/messaging/netty/Server.java
8,storm-core/src/jvm/org/apache/storm/messaging/netty/StormClientHandler.java
8,storm-core/src/jvm/org/apache/storm/messaging/netty/StormClientPipelineFactory.java
8,storm-core/src/jvm/org/apache/storm/messaging/netty/StormServerHandler.java
8,storm-core/src/jvm/org/apache/storm/messaging/netty/StormServerPipelineFactory.java
8,storm-core/src/jvm/org/apache/storm/metric/EventLoggerBolt.java
8,storm-core/src/jvm/org/apache/storm/metric/FileBasedEventLogger.java
8,storm-core/src/jvm/org/apache/storm/metric/HttpForwardingMetricsConsumer.java
8,storm-core/src/jvm/org/apache/storm/metric/HttpForwardingMetricsServer.java
8,storm-core/src/jvm/org/apache/storm/metric/IEventLogger.java
8,storm-core/src/jvm/org/apache/storm/metric/LoggingMetricsConsumer.java
8,storm-core/src/jvm/org/apache/storm/metric/MetricsConsumerBolt.java
8,storm-core/src/jvm/org/apache/storm/metric/SystemBolt.java
8,storm-core/src/jvm/org/apache/storm/metric/api/AssignableMetric.java
8,storm-core/src/jvm/org/apache/storm/metric/api/CombinedMetric.java
8,storm-core/src/jvm/org/apache/storm/metric/api/CountMetric.java
8,storm-core/src/jvm/org/apache/storm/metric/api/ICombiner.java
8,storm-core/src/jvm/org/apache/storm/metric/api/IMetric.java
8,storm-core/src/jvm/org/apache/storm/metric/api/IMetricsConsumer.java
8,storm-core/src/jvm/org/apache/storm/metric/api/IReducer.java
8,storm-core/src/jvm/org/apache/storm/metric/api/IStatefulObject.java
8,storm-core/src/jvm/org/apache/storm/metric/api/MeanReducer.java
8,storm-core/src/jvm/org/apache/storm/metric/api/MultiCountMetric.java
8,storm-core/src/jvm/org/apache/storm/metric/api/MultiReducedMetric.java
8,storm-core/src/jvm/org/apache/storm/metric/api/ReducedMetric.java
8,storm-core/src/jvm/org/apache/storm/metric/api/StateMetric.java
8,storm-core/src/jvm/org/apache/storm/metric/api/rpc/AssignableShellMetric.java
8,storm-core/src/jvm/org/apache/storm/metric/api/rpc/CombinedShellMetric.java
8,storm-core/src/jvm/org/apache/storm/metric/api/rpc/CountShellMetric.java
8,storm-core/src/jvm/org/apache/storm/metric/api/rpc/IShellMetric.java
8,storm-core/src/jvm/org/apache/storm/metric/api/rpc/ReducedShellMetric.java
8,storm-core/src/jvm/org/apache/storm/metric/internal/CountStatAndMetric.java
8,storm-core/src/jvm/org/apache/storm/metric/internal/LatencyStatAndMetric.java
8,storm-core/src/jvm/org/apache/storm/metric/internal/MetricStatTimer.java
8,storm-core/src/jvm/org/apache/storm/metric/internal/MultiCountStatAndMetric.java
8,storm-core/src/jvm/org/apache/storm/metric/internal/MultiLatencyStatAndMetric.java
8,storm-core/src/jvm/org/apache/storm/metric/internal/RateTracker.java
8,storm-core/src/jvm/org/apache/storm/multilang/BoltMsg.java
8,storm-core/src/jvm/org/apache/storm/multilang/ISerializer.java
8,storm-core/src/jvm/org/apache/storm/multilang/JsonSerializer.java
8,storm-core/src/jvm/org/apache/storm/multilang/NoOutputException.java
8,storm-core/src/jvm/org/apache/storm/multilang/ShellMsg.java
8,storm-core/src/jvm/org/apache/storm/multilang/SpoutMsg.java
8,storm-core/src/jvm/org/apache/storm/networktopography/AbstractDNSToSwitchMapping.java
8,storm-core/src/jvm/org/apache/storm/networktopography/DNSToSwitchMapping.java
8,storm-core/src/jvm/org/apache/storm/networktopography/DefaultRackDNSToSwitchMapping.java
8,storm-core/src/jvm/org/apache/storm/nimbus/DefaultTopologyValidator.java
8,storm-core/src/jvm/org/apache/storm/nimbus/ILeaderElector.java
8,storm-core/src/jvm/org/apache/storm/nimbus/ITopologyActionNotifierPlugin.java
8,storm-core/src/jvm/org/apache/storm/nimbus/ITopologyValidator.java
8,storm-core/src/jvm/org/apache/storm/nimbus/NimbusInfo.java
8,storm-core/src/jvm/org/apache/storm/pacemaker/IServerMessageHandler.java
8,storm-core/src/jvm/org/apache/storm/pacemaker/PacemakerClient.java
8,storm-core/src/jvm/org/apache/storm/pacemaker/PacemakerClientHandler.java
8,storm-core/src/jvm/org/apache/storm/pacemaker/PacemakerServer.java
8,storm-core/src/jvm/org/apache/storm/pacemaker/codec/ThriftDecoder.java
8,storm-core/src/jvm/org/apache/storm/pacemaker/codec/ThriftEncoder.java
8,storm-core/src/jvm/org/apache/storm/pacemaker/codec/ThriftNettyClientCodec.java
8,storm-core/src/jvm/org/apache/storm/pacemaker/codec/ThriftNettyServerCodec.java
8,storm-core/src/jvm/org/apache/storm/planner/CompoundSpout.java
8,storm-core/src/jvm/org/apache/storm/planner/CompoundTask.java
8,storm-core/src/jvm/org/apache/storm/planner/TaskBundle.java
8,storm-core/src/jvm/org/apache/storm/scheduler/Cluster.java
8,storm-core/src/jvm/org/apache/storm/scheduler/ExecutorDetails.java
8,storm-core/src/jvm/org/apache/storm/scheduler/INimbus.java
8,storm-core/src/jvm/org/apache/storm/scheduler/IScheduler.java
8,storm-core/src/jvm/org/apache/storm/scheduler/ISupervisor.java
8,storm-core/src/jvm/org/apache/storm/scheduler/SchedulerAssignment.java
8,storm-core/src/jvm/org/apache/storm/scheduler/SchedulerAssignmentImpl.java
8,storm-core/src/jvm/org/apache/storm/scheduler/SupervisorDetails.java
8,storm-core/src/jvm/org/apache/storm/scheduler/Topologies.java
8,storm-core/src/jvm/org/apache/storm/scheduler/TopologyDetails.java
8,storm-core/src/jvm/org/apache/storm/scheduler/WorkerSlot.java
8,storm-core/src/jvm/org/apache/storm/scheduler/multitenant/DefaultPool.java
8,storm-core/src/jvm/org/apache/storm/scheduler/multitenant/FreePool.java
8,storm-core/src/jvm/org/apache/storm/scheduler/multitenant/IsolatedPool.java
8,storm-core/src/jvm/org/apache/storm/scheduler/multitenant/MultitenantScheduler.java
8,storm-core/src/jvm/org/apache/storm/scheduler/multitenant/Node.java
8,storm-core/src/jvm/org/apache/storm/scheduler/multitenant/NodePool.java
8,storm-core/src/jvm/org/apache/storm/scheduler/resource/Component.java
8,storm-core/src/jvm/org/apache/storm/scheduler/resource/RAS_Node.java
8,storm-core/src/jvm/org/apache/storm/scheduler/resource/RAS_Nodes.java
8,storm-core/src/jvm/org/apache/storm/scheduler/resource/ResourceAwareScheduler.java
8,storm-core/src/jvm/org/apache/storm/scheduler/resource/ResourceUtils.java
8,storm-core/src/jvm/org/apache/storm/scheduler/resource/SchedulingResult.java
8,storm-core/src/jvm/org/apache/storm/scheduler/resource/SchedulingState.java
8,storm-core/src/jvm/org/apache/storm/scheduler/resource/SchedulingStatus.java
8,storm-core/src/jvm/org/apache/storm/scheduler/resource/User.java
8,storm-core/src/jvm/org/apache/storm/scheduler/resource/strategies/eviction/DefaultEvictionStrategy.java
8,storm-core/src/jvm/org/apache/storm/scheduler/resource/strategies/eviction/IEvictionStrategy.java
8,storm-core/src/jvm/org/apache/storm/scheduler/resource/strategies/priority/DefaultSchedulingPriorityStrategy.java
8,storm-core/src/jvm/org/apache/storm/scheduler/resource/strategies/priority/ISchedulingPriorityStrategy.java
8,storm-core/src/jvm/org/apache/storm/scheduler/resource/strategies/scheduling/DefaultResourceAwareStrategy.java
8,storm-core/src/jvm/org/apache/storm/scheduler/resource/strategies/scheduling/IStrategy.java
8,storm-core/src/jvm/org/apache/storm/security/INimbusCredentialPlugin.java
8,storm-core/src/jvm/org/apache/storm/security/auth/AbstractSaslClientCallbackHandler.java
8,storm-core/src/jvm/org/apache/storm/security/auth/AbstractSaslServerCallbackHandler.java
8,storm-core/src/jvm/org/apache/storm/security/auth/AuthUtils.java
8,storm-core/src/jvm/org/apache/storm/security/auth/DefaultHttpCredentialsPlugin.java
8,storm-core/src/jvm/org/apache/storm/security/auth/DefaultPrincipalToLocal.java
8,storm-core/src/jvm/org/apache/storm/security/auth/IAuthorizer.java
8,storm-core/src/jvm/org/apache/storm/security/auth/IAutoCredentials.java
8,storm-core/src/jvm/org/apache/storm/security/auth/ICredentialsRenewer.java
8,storm-core/src/jvm/org/apache/storm/security/auth/IGroupMappingServiceProvider.java
8,storm-core/src/jvm/org/apache/storm/security/auth/IHttpCredentialsPlugin.java
8,storm-core/src/jvm/org/apache/storm/security/auth/IPrincipalToLocal.java
8,storm-core/src/jvm/org/apache/storm/security/auth/ITransportPlugin.java
8,storm-core/src/jvm/org/apache/storm/security/auth/KerberosPrincipalToLocal.java
8,storm-core/src/jvm/org/apache/storm/security/auth/NimbusPrincipal.java
8,storm-core/src/jvm/org/apache/storm/security/auth/ReqContext.java
8,storm-core/src/jvm/org/apache/storm/security/auth/SaslTransportPlugin.java
8,storm-core/src/jvm/org/apache/storm/security/auth/ShellBasedGroupsMapping.java
8,storm-core/src/jvm/org/apache/storm/security/auth/SimpleTransportPlugin.java
8,storm-core/src/jvm/org/apache/storm/security/auth/SingleUserPrincipal.java
8,storm-core/src/jvm/org/apache/storm/security/auth/TBackoffConnect.java
8,storm-core/src/jvm/org/apache/storm/security/auth/ThriftClient.java
8,storm-core/src/jvm/org/apache/storm/security/auth/ThriftConnectionType.java
8,storm-core/src/jvm/org/apache/storm/security/auth/ThriftServer.java
8,storm-core/src/jvm/org/apache/storm/security/auth/authorizer/DRPCAuthorizerBase.java
8,storm-core/src/jvm/org/apache/storm/security/auth/authorizer/DRPCSimpleACLAuthorizer.java
8,storm-core/src/jvm/org/apache/storm/security/auth/authorizer/DenyAuthorizer.java
8,storm-core/src/jvm/org/apache/storm/security/auth/authorizer/ImpersonationAuthorizer.java
8,storm-core/src/jvm/org/apache/storm/security/auth/authorizer/NoopAuthorizer.java
8,storm-core/src/jvm/org/apache/storm/security/auth/authorizer/SimpleACLAuthorizer.java
8,storm-core/src/jvm/org/apache/storm/security/auth/authorizer/SimpleWhitelistAuthorizer.java
8,storm-core/src/jvm/org/apache/storm/security/auth/digest/ClientCallbackHandler.java
8,storm-core/src/jvm/org/apache/storm/security/auth/digest/DigestSaslTransportPlugin.java
8,storm-core/src/jvm/org/apache/storm/security/auth/digest/ServerCallbackHandler.java
8,storm-core/src/jvm/org/apache/storm/security/auth/kerberos/AutoTGT.java
8,storm-core/src/jvm/org/apache/storm/security/auth/kerberos/AutoTGTKrb5LoginModule.java
8,storm-core/src/jvm/org/apache/storm/security/auth/kerberos/AutoTGTKrb5LoginModuleTest.java
8,storm-core/src/jvm/org/apache/storm/security/auth/kerberos/ClientCallbackHandler.java
8,storm-core/src/jvm/org/apache/storm/security/auth/kerberos/KerberosSaslTransportPlugin.java
8,storm-core/src/jvm/org/apache/storm/security/auth/kerberos/NoOpTTrasport.java
8,storm-core/src/jvm/org/apache/storm/security/auth/kerberos/ServerCallbackHandler.java
8,storm-core/src/jvm/org/apache/storm/security/auth/plain/PlainClientCallbackHandler.java
8,storm-core/src/jvm/org/apache/storm/security/auth/plain/PlainSaslTransportPlugin.java
8,storm-core/src/jvm/org/apache/storm/security/auth/plain/PlainServerCallbackHandler.java
8,storm-core/src/jvm/org/apache/storm/security/auth/plain/SaslPlainServer.java
8,storm-core/src/jvm/org/apache/storm/security/serialization/BlowfishTupleSerializer.java
8,storm-core/src/jvm/org/apache/storm/serialization/DefaultKryoFactory.java
8,storm-core/src/jvm/org/apache/storm/serialization/DefaultSerializationDelegate.java
8,storm-core/src/jvm/org/apache/storm/serialization/GzipBridgeSerializationDelegate.java
8,storm-core/src/jvm/org/apache/storm/serialization/GzipBridgeThriftSerializationDelegate.java
8,storm-core/src/jvm/org/apache/storm/serialization/GzipSerializationDelegate.java
8,storm-core/src/jvm/org/apache/storm/serialization/GzipThriftSerializationDelegate.java
8,storm-core/src/jvm/org/apache/storm/serialization/IKryoDecorator.java
8,storm-core/src/jvm/org/apache/storm/serialization/IKryoFactory.java
8,storm-core/src/jvm/org/apache/storm/serialization/ITupleDeserializer.java
8,storm-core/src/jvm/org/apache/storm/serialization/ITupleSerializer.java
8,storm-core/src/jvm/org/apache/storm/serialization/KryoTupleDeserializer.java
8,storm-core/src/jvm/org/apache/storm/serialization/KryoTupleSerializer.java
8,storm-core/src/jvm/org/apache/storm/serialization/KryoValuesDeserializer.java
8,storm-core/src/jvm/org/apache/storm/serialization/KryoValuesSerializer.java
8,storm-core/src/jvm/org/apache/storm/serialization/SerializableSerializer.java
8,storm-core/src/jvm/org/apache/storm/serialization/SerializationDelegate.java
8,storm-core/src/jvm/org/apache/storm/serialization/SerializationFactory.java
8,storm-core/src/jvm/org/apache/storm/serialization/ThriftSerializationDelegate.java
8,storm-core/src/jvm/org/apache/storm/serialization/types/ArrayListSerializer.java
8,storm-core/src/jvm/org/apache/storm/serialization/types/HashMapSerializer.java
8,storm-core/src/jvm/org/apache/storm/serialization/types/HashSetSerializer.java
8,storm-core/src/jvm/org/apache/storm/serialization/types/ListDelegateSerializer.java
8,storm-core/src/jvm/org/apache/storm/spout/CheckPointState.java
8,storm-core/src/jvm/org/apache/storm/spout/CheckpointSpout.java
8,storm-core/src/jvm/org/apache/storm/spout/IMultiSchemableSpout.java
8,storm-core/src/jvm/org/apache/storm/spout/ISchemableSpout.java
8,storm-core/src/jvm/org/apache/storm/spout/ISpout.java
8,storm-core/src/jvm/org/apache/storm/spout/ISpoutOutputCollector.java
8,storm-core/src/jvm/org/apache/storm/spout/ISpoutWaitStrategy.java
8,storm-core/src/jvm/org/apache/storm/spout/MultiScheme.java
8,storm-core/src/jvm/org/apache/storm/spout/NothingEmptyEmitStrategy.java
8,storm-core/src/jvm/org/apache/storm/spout/RawMultiScheme.java
8,storm-core/src/jvm/org/apache/storm/spout/RawScheme.java
8,storm-core/src/jvm/org/apache/storm/spout/Scheme.java
8,storm-core/src/jvm/org/apache/storm/spout/SchemeAsMultiScheme.java
8,storm-core/src/jvm/org/apache/storm/spout/ShellSpout.java
8,storm-core/src/jvm/org/apache/storm/spout/SleepSpoutWaitStrategy.java
8,storm-core/src/jvm/org/apache/storm/spout/SpoutOutputCollector.java
8,storm-core/src/jvm/org/apache/storm/state/DefaultStateSerializer.java
8,storm-core/src/jvm/org/apache/storm/state/IStateSpout.java
8,storm-core/src/jvm/org/apache/storm/state/IStateSpoutOutputCollector.java
8,storm-core/src/jvm/org/apache/storm/state/ISubscribedState.java
8,storm-core/src/jvm/org/apache/storm/state/ISynchronizeOutputCollector.java
8,storm-core/src/jvm/org/apache/storm/state/InMemoryKeyValueState.java
8,storm-core/src/jvm/org/apache/storm/state/InMemoryKeyValueStateProvider.java
8,storm-core/src/jvm/org/apache/storm/state/KeyValueState.java
8,storm-core/src/jvm/org/apache/storm/state/Serializer.java
8,storm-core/src/jvm/org/apache/storm/state/State.java
8,storm-core/src/jvm/org/apache/storm/state/StateFactory.java
8,storm-core/src/jvm/org/apache/storm/state/StateProvider.java
8,storm-core/src/jvm/org/apache/storm/state/StateSpoutOutputCollector.java
8,storm-core/src/jvm/org/apache/storm/state/SynchronizeOutputCollector.java
8,storm-core/src/jvm/org/apache/storm/task/GeneralTopologyContext.java
8,storm-core/src/jvm/org/apache/storm/task/IBolt.java
8,storm-core/src/jvm/org/apache/storm/task/IErrorReporter.java
8,storm-core/src/jvm/org/apache/storm/task/IMetricsContext.java
8,storm-core/src/jvm/org/apache/storm/task/IOutputCollector.java
8,storm-core/src/jvm/org/apache/storm/task/OutputCollector.java
8,storm-core/src/jvm/org/apache/storm/task/ShellBolt.java
8,storm-core/src/jvm/org/apache/storm/task/TopologyContext.java
8,storm-core/src/jvm/org/apache/storm/task/WorkerTopologyContext.java
8,storm-core/src/jvm/org/apache/storm/testing/AckFailDelegate.java
8,storm-core/src/jvm/org/apache/storm/testing/AckFailMapTracker.java
8,storm-core/src/jvm/org/apache/storm/testing/AckTracker.java
8,storm-core/src/jvm/org/apache/storm/testing/AlternateRackDNSToSwitchMapping.java
8,storm-core/src/jvm/org/apache/storm/testing/BatchNumberList.java
8,storm-core/src/jvm/org/apache/storm/testing/BatchProcessWord.java
8,storm-core/src/jvm/org/apache/storm/testing/BatchRepeatA.java
8,storm-core/src/jvm/org/apache/storm/testing/BoltTracker.java
8,storm-core/src/jvm/org/apache/storm/testing/CompleteTopologyParam.java
8,storm-core/src/jvm/org/apache/storm/testing/CountingBatchBolt.java
8,storm-core/src/jvm/org/apache/storm/testing/CountingCommitBolt.java
8,storm-core/src/jvm/org/apache/storm/testing/FeederSpout.java
8,storm-core/src/jvm/org/apache/storm/testing/FixedTuple.java
8,storm-core/src/jvm/org/apache/storm/testing/FixedTupleSpout.java
8,storm-core/src/jvm/org/apache/storm/testing/ForwardingMetricsConsumer.java
8,storm-core/src/jvm/org/apache/storm/testing/IdentityBolt.java
8,storm-core/src/jvm/org/apache/storm/testing/IntegrationTest.java
8,storm-core/src/jvm/org/apache/storm/testing/KeyedCountingBatchBolt.java
8,storm-core/src/jvm/org/apache/storm/testing/KeyedCountingCommitterBolt.java
8,storm-core/src/jvm/org/apache/storm/testing/KeyedSummingBatchBolt.java
8,storm-core/src/jvm/org/apache/storm/testing/MemoryTransactionalSpout.java
8,storm-core/src/jvm/org/apache/storm/testing/MemoryTransactionalSpoutMeta.java
8,storm-core/src/jvm/org/apache/storm/testing/MkClusterParam.java
8,storm-core/src/jvm/org/apache/storm/testing/MkTupleParam.java
8,storm-core/src/jvm/org/apache/storm/testing/MockedSources.java
8,storm-core/src/jvm/org/apache/storm/testing/NGrouping.java
8,storm-core/src/jvm/org/apache/storm/testing/NonRichBoltTracker.java
8,storm-core/src/jvm/org/apache/storm/testing/OpaqueMemoryTransactionalSpout.java
8,storm-core/src/jvm/org/apache/storm/testing/PrepareBatchBolt.java
8,storm-core/src/jvm/org/apache/storm/testing/PythonShellMetricsBolt.java
8,storm-core/src/jvm/org/apache/storm/testing/PythonShellMetricsSpout.java
8,storm-core/src/jvm/org/apache/storm/testing/SingleUserSimpleTransport.java
8,storm-core/src/jvm/org/apache/storm/testing/SpoutTracker.java
8,storm-core/src/jvm/org/apache/storm/testing/TestAggregatesCounter.java
8,storm-core/src/jvm/org/apache/storm/testing/TestConfBolt.java
8,storm-core/src/jvm/org/apache/storm/testing/TestEventLogSpout.java
8,storm-core/src/jvm/org/apache/storm/testing/TestEventOrderCheckBolt.java
8,storm-core/src/jvm/org/apache/storm/testing/TestGlobalCount.java
8,storm-core/src/jvm/org/apache/storm/testing/TestJob.java
8,storm-core/src/jvm/org/apache/storm/testing/TestKryoDecorator.java
8,storm-core/src/jvm/org/apache/storm/testing/TestPlannerBolt.java
8,storm-core/src/jvm/org/apache/storm/testing/TestPlannerSpout.java
8,storm-core/src/jvm/org/apache/storm/testing/TestSerObject.java
8,storm-core/src/jvm/org/apache/storm/testing/TestWordBytesCounter.java
8,storm-core/src/jvm/org/apache/storm/testing/TestWordCounter.java
8,storm-core/src/jvm/org/apache/storm/testing/TestWordSpout.java
8,storm-core/src/jvm/org/apache/storm/testing/TrackedTopology.java
8,storm-core/src/jvm/org/apache/storm/testing/TupleCaptureBolt.java
8,storm-core/src/jvm/org/apache/storm/topology/BaseConfigurationDeclarer.java
8,storm-core/src/jvm/org/apache/storm/topology/BasicBoltExecutor.java
8,storm-core/src/jvm/org/apache/storm/topology/BasicOutputCollector.java
8,storm-core/src/jvm/org/apache/storm/topology/BoltDeclarer.java
8,storm-core/src/jvm/org/apache/storm/topology/CheckpointTupleForwarder.java
8,storm-core/src/jvm/org/apache/storm/topology/ComponentConfigurationDeclarer.java
8,storm-core/src/jvm/org/apache/storm/topology/FailedException.java
8,storm-core/src/jvm/org/apache/storm/topology/IBasicBolt.java
8,storm-core/src/jvm/org/apache/storm/topology/IBasicOutputCollector.java
8,storm-core/src/jvm/org/apache/storm/topology/IComponent.java
8,storm-core/src/jvm/org/apache/storm/topology/IRichBolt.java
8,storm-core/src/jvm/org/apache/storm/topology/IRichSpout.java
8,storm-core/src/jvm/org/apache/storm/topology/IRichStateSpout.java
8,storm-core/src/jvm/org/apache/storm/topology/IStatefulBolt.java
8,storm-core/src/jvm/org/apache/storm/topology/IStatefulComponent.java
8,storm-core/src/jvm/org/apache/storm/topology/IStatefulWindowedBolt.java
8,storm-core/src/jvm/org/apache/storm/topology/IWindowedBolt.java
8,storm-core/src/jvm/org/apache/storm/topology/InputDeclarer.java
8,storm-core/src/jvm/org/apache/storm/topology/OutputFieldsDeclarer.java
8,storm-core/src/jvm/org/apache/storm/topology/OutputFieldsGetter.java
8,storm-core/src/jvm/org/apache/storm/topology/ReportedFailedException.java
8,storm-core/src/jvm/org/apache/storm/topology/ResourceDeclarer.java
8,storm-core/src/jvm/org/apache/storm/topology/SpoutDeclarer.java
8,storm-core/src/jvm/org/apache/storm/topology/StatefulBoltExecutor.java
8,storm-core/src/jvm/org/apache/storm/topology/StatefulWindowedBoltExecutor.java
8,storm-core/src/jvm/org/apache/storm/topology/TopologyBuilder.java
8,storm-core/src/jvm/org/apache/storm/topology/WindowedBoltExecutor.java
8,storm-core/src/jvm/org/apache/storm/topology/base/BaseBasicBolt.java
8,storm-core/src/jvm/org/apache/storm/topology/base/BaseBatchBolt.java
8,storm-core/src/jvm/org/apache/storm/topology/base/BaseComponent.java
8,storm-core/src/jvm/org/apache/storm/topology/base/BaseOpaquePartitionedTransactionalSpout.java
8,storm-core/src/jvm/org/apache/storm/topology/base/BasePartitionedTransactionalSpout.java
8,storm-core/src/jvm/org/apache/storm/topology/base/BaseRichBolt.java
8,storm-core/src/jvm/org/apache/storm/topology/base/BaseRichSpout.java
8,storm-core/src/jvm/org/apache/storm/topology/base/BaseStatefulBolt.java
8,storm-core/src/jvm/org/apache/storm/topology/base/BaseStatefulWindowedBolt.java
8,storm-core/src/jvm/org/apache/storm/topology/base/BaseTransactionalBolt.java
8,storm-core/src/jvm/org/apache/storm/topology/base/BaseTransactionalSpout.java
8,storm-core/src/jvm/org/apache/storm/topology/base/BaseWindowedBolt.java
8,storm-core/src/jvm/org/apache/storm/transactional/ICommitter.java
8,storm-core/src/jvm/org/apache/storm/transactional/ICommitterTransactionalSpout.java
8,storm-core/src/jvm/org/apache/storm/transactional/ITransactionalSpout.java
8,storm-core/src/jvm/org/apache/storm/transactional/TransactionAttempt.java
8,storm-core/src/jvm/org/apache/storm/transactional/TransactionalSpoutBatchExecutor.java
8,storm-core/src/jvm/org/apache/storm/transactional/TransactionalSpoutCoordinator.java
8,storm-core/src/jvm/org/apache/storm/transactional/TransactionalTopologyBuilder.java
8,storm-core/src/jvm/org/apache/storm/transactional/partitioned/IOpaquePartitionedTransactionalSpout.java
8,storm-core/src/jvm/org/apache/storm/transactional/partitioned/IPartitionedTransactionalSpout.java
8,storm-core/src/jvm/org/apache/storm/transactional/partitioned/OpaquePartitionedTransactionalSpoutExecutor.java
8,storm-core/src/jvm/org/apache/storm/transactional/partitioned/PartitionedTransactionalSpoutExecutor.java
8,storm-core/src/jvm/org/apache/storm/transactional/state/RotatingTransactionalState.java
8,storm-core/src/jvm/org/apache/storm/transactional/state/TestTransactionalState.java
8,storm-core/src/jvm/org/apache/storm/transactional/state/TransactionalState.java
8,storm-core/src/jvm/org/apache/storm/trident/JoinType.java
8,storm-core/src/jvm/org/apache/storm/trident/Stream.java
8,storm-core/src/jvm/org/apache/storm/trident/TridentState.java
8,storm-core/src/jvm/org/apache/storm/trident/TridentTopology.java
8,storm-core/src/jvm/org/apache/storm/trident/drpc/ReturnResultsReducer.java
8,storm-core/src/jvm/org/apache/storm/trident/fluent/ChainedAggregatorDeclarer.java
8,storm-core/src/jvm/org/apache/storm/trident/fluent/ChainedFullAggregatorDeclarer.java
8,storm-core/src/jvm/org/apache/storm/trident/fluent/ChainedPartitionAggregatorDeclarer.java
8,storm-core/src/jvm/org/apache/storm/trident/fluent/GlobalAggregationScheme.java
8,storm-core/src/jvm/org/apache/storm/trident/fluent/GroupedStream.java
8,storm-core/src/jvm/org/apache/storm/trident/fluent/IAggregatableStream.java
8,storm-core/src/jvm/org/apache/storm/trident/fluent/IChainedAggregatorDeclarer.java
8,storm-core/src/jvm/org/apache/storm/trident/fluent/UniqueIdGen.java
8,storm-core/src/jvm/org/apache/storm/trident/graph/GraphGrouper.java
8,storm-core/src/jvm/org/apache/storm/trident/graph/Group.java
8,storm-core/src/jvm/org/apache/storm/trident/operation/Aggregator.java
8,storm-core/src/jvm/org/apache/storm/trident/operation/Assembly.java
8,storm-core/src/jvm/org/apache/storm/trident/operation/BaseAggregator.java
8,storm-core/src/jvm/org/apache/storm/trident/operation/BaseFilter.java
8,storm-core/src/jvm/org/apache/storm/trident/operation/BaseFunction.java
8,storm-core/src/jvm/org/apache/storm/trident/operation/BaseMultiReducer.java
8,storm-core/src/jvm/org/apache/storm/trident/operation/BaseOperation.java
8,storm-core/src/jvm/org/apache/storm/trident/operation/CombinerAggregator.java
8,storm-core/src/jvm/org/apache/storm/trident/operation/Consumer.java
8,storm-core/src/jvm/org/apache/storm/trident/operation/DefaultResourceDeclarer.java
8,storm-core/src/jvm/org/apache/storm/trident/operation/EachOperation.java
8,storm-core/src/jvm/org/apache/storm/trident/operation/Filter.java
8,storm-core/src/jvm/org/apache/storm/trident/operation/FlatMapFunction.java
8,storm-core/src/jvm/org/apache/storm/trident/operation/Function.java
8,storm-core/src/jvm/org/apache/storm/trident/operation/GroupedMultiReducer.java
8,storm-core/src/jvm/org/apache/storm/trident/operation/ITridentResource.java
8,storm-core/src/jvm/org/apache/storm/trident/operation/MapFunction.java
8,storm-core/src/jvm/org/apache/storm/trident/operation/MultiReducer.java
8,storm-core/src/jvm/org/apache/storm/trident/operation/Operation.java
8,storm-core/src/jvm/org/apache/storm/trident/operation/ReducerAggregator.java
8,storm-core/src/jvm/org/apache/storm/trident/operation/TridentCollector.java
8,storm-core/src/jvm/org/apache/storm/trident/operation/TridentMultiReducerContext.java
8,storm-core/src/jvm/org/apache/storm/trident/operation/TridentOperationContext.java
8,storm-core/src/jvm/org/apache/storm/trident/operation/builtin/ComparisonAggregator.java
8,storm-core/src/jvm/org/apache/storm/trident/operation/builtin/Count.java
8,storm-core/src/jvm/org/apache/storm/trident/operation/builtin/Debug.java
8,storm-core/src/jvm/org/apache/storm/trident/operation/builtin/Equals.java
8,storm-core/src/jvm/org/apache/storm/trident/operation/builtin/FilterNull.java
8,storm-core/src/jvm/org/apache/storm/trident/operation/builtin/FirstN.java
8,storm-core/src/jvm/org/apache/storm/trident/operation/builtin/MapGet.java
8,storm-core/src/jvm/org/apache/storm/trident/operation/builtin/Max.java
8,storm-core/src/jvm/org/apache/storm/trident/operation/builtin/MaxWithComparator.java
8,storm-core/src/jvm/org/apache/storm/trident/operation/builtin/Min.java
8,storm-core/src/jvm/org/apache/storm/trident/operation/builtin/MinWithComparator.java
8,storm-core/src/jvm/org/apache/storm/trident/operation/builtin/Negate.java
8,storm-core/src/jvm/org/apache/storm/trident/operation/builtin/SnapshotGet.java
8,storm-core/src/jvm/org/apache/storm/trident/operation/builtin/Sum.java
8,storm-core/src/jvm/org/apache/storm/trident/operation/builtin/TupleCollectionGet.java
8,storm-core/src/jvm/org/apache/storm/trident/operation/impl/CaptureCollector.java
8,storm-core/src/jvm/org/apache/storm/trident/operation/impl/ChainedAggregatorImpl.java
8,storm-core/src/jvm/org/apache/storm/trident/operation/impl/ChainedResult.java
8,storm-core/src/jvm/org/apache/storm/trident/operation/impl/CombinerAggStateUpdater.java
8,storm-core/src/jvm/org/apache/storm/trident/operation/impl/CombinerAggregatorCombineImpl.java
8,storm-core/src/jvm/org/apache/storm/trident/operation/impl/CombinerAggregatorInitImpl.java
8,storm-core/src/jvm/org/apache/storm/trident/operation/impl/ConsumerExecutor.java
8,storm-core/src/jvm/org/apache/storm/trident/operation/impl/FilterExecutor.java
8,storm-core/src/jvm/org/apache/storm/trident/operation/impl/FlatMapFunctionExecutor.java
8,storm-core/src/jvm/org/apache/storm/trident/operation/impl/GlobalBatchToPartition.java
8,storm-core/src/jvm/org/apache/storm/trident/operation/impl/GroupCollector.java
8,storm-core/src/jvm/org/apache/storm/trident/operation/impl/GroupedAggregator.java
8,storm-core/src/jvm/org/apache/storm/trident/operation/impl/GroupedMultiReducerExecutor.java
8,storm-core/src/jvm/org/apache/storm/trident/operation/impl/IdentityMultiReducer.java
8,storm-core/src/jvm/org/apache/storm/trident/operation/impl/IndexHashBatchToPartition.java
8,storm-core/src/jvm/org/apache/storm/trident/operation/impl/JoinerMultiReducer.java
8,storm-core/src/jvm/org/apache/storm/trident/operation/impl/MapFunctionExecutor.java
8,storm-core/src/jvm/org/apache/storm/trident/operation/impl/ReducerAggStateUpdater.java
8,storm-core/src/jvm/org/apache/storm/trident/operation/impl/ReducerAggregatorImpl.java
8,storm-core/src/jvm/org/apache/storm/trident/operation/impl/Result.java
8,storm-core/src/jvm/org/apache/storm/trident/operation/impl/SingleEmitAggregator.java
8,storm-core/src/jvm/org/apache/storm/trident/operation/impl/TrueFilter.java
8,storm-core/src/jvm/org/apache/storm/trident/partition/GlobalGrouping.java
8,storm-core/src/jvm/org/apache/storm/trident/partition/IdentityGrouping.java
8,storm-core/src/jvm/org/apache/storm/trident/partition/IndexHashGrouping.java
8,storm-core/src/jvm/org/apache/storm/trident/planner/BridgeReceiver.java
8,storm-core/src/jvm/org/apache/storm/trident/planner/Node.java
8,storm-core/src/jvm/org/apache/storm/trident/planner/NodeStateInfo.java
8,storm-core/src/jvm/org/apache/storm/trident/planner/PartitionNode.java
8,storm-core/src/jvm/org/apache/storm/trident/planner/ProcessorContext.java
8,storm-core/src/jvm/org/apache/storm/trident/planner/ProcessorNode.java
8,storm-core/src/jvm/org/apache/storm/trident/planner/SpoutNode.java
8,storm-core/src/jvm/org/apache/storm/trident/planner/SubtopologyBolt.java
8,storm-core/src/jvm/org/apache/storm/trident/planner/TridentProcessor.java
8,storm-core/src/jvm/org/apache/storm/trident/planner/TupleReceiver.java
8,storm-core/src/jvm/org/apache/storm/trident/planner/processor/AggregateProcessor.java
8,storm-core/src/jvm/org/apache/storm/trident/planner/processor/AppendCollector.java
8,storm-core/src/jvm/org/apache/storm/trident/planner/processor/EachProcessor.java
8,storm-core/src/jvm/org/apache/storm/trident/planner/processor/FreshCollector.java
8,storm-core/src/jvm/org/apache/storm/trident/planner/processor/MapProcessor.java
8,storm-core/src/jvm/org/apache/storm/trident/planner/processor/MultiReducerProcessor.java
8,storm-core/src/jvm/org/apache/storm/trident/planner/processor/PartitionPersistProcessor.java
8,storm-core/src/jvm/org/apache/storm/trident/planner/processor/ProjectedProcessor.java
8,storm-core/src/jvm/org/apache/storm/trident/planner/processor/StateQueryProcessor.java
8,storm-core/src/jvm/org/apache/storm/trident/planner/processor/TridentContext.java
8,storm-core/src/jvm/org/apache/storm/trident/spout/BatchSpoutExecutor.java
8,storm-core/src/jvm/org/apache/storm/trident/spout/IBatchID.java
8,storm-core/src/jvm/org/apache/storm/trident/spout/IBatchSpout.java
8,storm-core/src/jvm/org/apache/storm/trident/spout/ICommitterTridentSpout.java
8,storm-core/src/jvm/org/apache/storm/trident/spout/IOpaquePartitionedTridentSpout.java
8,storm-core/src/jvm/org/apache/storm/trident/spout/IPartitionedTridentSpout.java
8,storm-core/src/jvm/org/apache/storm/trident/spout/ISpoutPartition.java
8,storm-core/src/jvm/org/apache/storm/trident/spout/ITridentDataSource.java
8,storm-core/src/jvm/org/apache/storm/trident/spout/ITridentSpout.java
8,storm-core/src/jvm/org/apache/storm/trident/spout/OpaquePartitionedTridentSpoutExecutor.java
8,storm-core/src/jvm/org/apache/storm/trident/spout/PartitionedTridentSpoutExecutor.java
8,storm-core/src/jvm/org/apache/storm/trident/spout/RichSpoutBatchExecutor.java
8,storm-core/src/jvm/org/apache/storm/trident/spout/RichSpoutBatchId.java
8,storm-core/src/jvm/org/apache/storm/trident/spout/RichSpoutBatchIdSerializer.java
8,storm-core/src/jvm/org/apache/storm/trident/spout/RichSpoutBatchTriggerer.java
8,storm-core/src/jvm/org/apache/storm/trident/spout/TridentSpoutCoordinator.java
8,storm-core/src/jvm/org/apache/storm/trident/spout/TridentSpoutExecutor.java
8,storm-core/src/jvm/org/apache/storm/trident/state/BaseQueryFunction.java
8,storm-core/src/jvm/org/apache/storm/trident/state/BaseStateUpdater.java
8,storm-core/src/jvm/org/apache/storm/trident/state/CombinerValueUpdater.java
8,storm-core/src/jvm/org/apache/storm/trident/state/ITupleCollection.java
8,storm-core/src/jvm/org/apache/storm/trident/state/JSONNonTransactionalSerializer.java
8,storm-core/src/jvm/org/apache/storm/trident/state/JSONOpaqueSerializer.java
8,storm-core/src/jvm/org/apache/storm/trident/state/JSONTransactionalSerializer.java
8,storm-core/src/jvm/org/apache/storm/trident/state/OpaqueValue.java
8,storm-core/src/jvm/org/apache/storm/trident/state/QueryFunction.java
8,storm-core/src/jvm/org/apache/storm/trident/state/ReadOnlyState.java
8,storm-core/src/jvm/org/apache/storm/trident/state/ReducerValueUpdater.java
8,storm-core/src/jvm/org/apache/storm/trident/state/Serializer.java
8,storm-core/src/jvm/org/apache/storm/trident/state/State.java
8,storm-core/src/jvm/org/apache/storm/trident/state/StateFactory.java
8,storm-core/src/jvm/org/apache/storm/trident/state/StateSpec.java
8,storm-core/src/jvm/org/apache/storm/trident/state/StateType.java
8,storm-core/src/jvm/org/apache/storm/trident/state/StateUpdater.java
8,storm-core/src/jvm/org/apache/storm/trident/state/TransactionalValue.java
8,storm-core/src/jvm/org/apache/storm/trident/state/ValueUpdater.java
8,storm-core/src/jvm/org/apache/storm/trident/state/map/CachedBatchReadsMap.java
8,storm-core/src/jvm/org/apache/storm/trident/state/map/CachedMap.java
8,storm-core/src/jvm/org/apache/storm/trident/state/map/IBackingMap.java
8,storm-core/src/jvm/org/apache/storm/trident/state/map/MapCombinerAggStateUpdater.java
8,storm-core/src/jvm/org/apache/storm/trident/state/map/MapReducerAggStateUpdater.java
8,storm-core/src/jvm/org/apache/storm/trident/state/map/MapState.java
8,storm-core/src/jvm/org/apache/storm/trident/state/map/MicroBatchIBackingMap.java
8,storm-core/src/jvm/org/apache/storm/trident/state/map/NonTransactionalMap.java
8,storm-core/src/jvm/org/apache/storm/trident/state/map/OpaqueMap.java
8,storm-core/src/jvm/org/apache/storm/trident/state/map/ReadOnlyMapState.java
8,storm-core/src/jvm/org/apache/storm/trident/state/map/RemovableMapState.java
8,storm-core/src/jvm/org/apache/storm/trident/state/map/SnapshottableMap.java
8,storm-core/src/jvm/org/apache/storm/trident/state/map/TransactionalMap.java
8,storm-core/src/jvm/org/apache/storm/trident/state/snapshot/ReadOnlySnapshottable.java
8,storm-core/src/jvm/org/apache/storm/trident/state/snapshot/Snapshottable.java
8,storm-core/src/jvm/org/apache/storm/trident/testing/CountAsAggregator.java
8,storm-core/src/jvm/org/apache/storm/trident/testing/FeederBatchSpout.java
8,storm-core/src/jvm/org/apache/storm/trident/testing/FeederCommitterBatchSpout.java
8,storm-core/src/jvm/org/apache/storm/trident/testing/FixedBatchSpout.java
8,storm-core/src/jvm/org/apache/storm/trident/testing/IFeeder.java
8,storm-core/src/jvm/org/apache/storm/trident/testing/LRUMemoryMapState.java
8,storm-core/src/jvm/org/apache/storm/trident/testing/MemoryBackingMap.java
8,storm-core/src/jvm/org/apache/storm/trident/testing/MemoryMapState.java
8,storm-core/src/jvm/org/apache/storm/trident/testing/Split.java
8,storm-core/src/jvm/org/apache/storm/trident/testing/StringLength.java
8,storm-core/src/jvm/org/apache/storm/trident/testing/TrueFilter.java
8,storm-core/src/jvm/org/apache/storm/trident/testing/TuplifyArgs.java
8,storm-core/src/jvm/org/apache/storm/trident/topology/BatchInfo.java
8,storm-core/src/jvm/org/apache/storm/trident/topology/ITridentBatchBolt.java
8,storm-core/src/jvm/org/apache/storm/trident/topology/MasterBatchCoordinator.java
8,storm-core/src/jvm/org/apache/storm/trident/topology/TransactionAttempt.java
8,storm-core/src/jvm/org/apache/storm/trident/topology/TridentBoltExecutor.java
8,storm-core/src/jvm/org/apache/storm/trident/topology/TridentTopologyBuilder.java
8,storm-core/src/jvm/org/apache/storm/trident/topology/state/RotatingTransactionalState.java
8,storm-core/src/jvm/org/apache/storm/trident/topology/state/TestTransactionalState.java
8,storm-core/src/jvm/org/apache/storm/trident/topology/state/TransactionalState.java
8,storm-core/src/jvm/org/apache/storm/trident/tuple/ComboList.java
8,storm-core/src/jvm/org/apache/storm/trident/tuple/ConsList.java
8,storm-core/src/jvm/org/apache/storm/trident/tuple/TridentTuple.java
8,storm-core/src/jvm/org/apache/storm/trident/tuple/TridentTupleView.java
8,storm-core/src/jvm/org/apache/storm/trident/tuple/ValuePointer.java
8,storm-core/src/jvm/org/apache/storm/trident/util/ErrorEdgeFactory.java
8,storm-core/src/jvm/org/apache/storm/trident/util/IndexedEdge.java
8,storm-core/src/jvm/org/apache/storm/trident/util/LRUMap.java
8,storm-core/src/jvm/org/apache/storm/trident/util/TridentUtils.java
8,storm-core/src/jvm/org/apache/storm/trident/windowing/AbstractTridentWindowManager.java
8,storm-core/src/jvm/org/apache/storm/trident/windowing/ITridentWindowManager.java
8,storm-core/src/jvm/org/apache/storm/trident/windowing/InMemoryTridentWindowManager.java
8,storm-core/src/jvm/org/apache/storm/trident/windowing/InMemoryWindowsStore.java
8,storm-core/src/jvm/org/apache/storm/trident/windowing/InMemoryWindowsStoreFactory.java
8,storm-core/src/jvm/org/apache/storm/trident/windowing/StoreBasedTridentWindowManager.java
8,storm-core/src/jvm/org/apache/storm/trident/windowing/TridentBatchTuple.java
8,storm-core/src/jvm/org/apache/storm/trident/windowing/WindowTridentProcessor.java
8,storm-core/src/jvm/org/apache/storm/trident/windowing/WindowsState.java
8,storm-core/src/jvm/org/apache/storm/trident/windowing/WindowsStateFactory.java
8,storm-core/src/jvm/org/apache/storm/trident/windowing/WindowsStateUpdater.java
8,storm-core/src/jvm/org/apache/storm/trident/windowing/WindowsStore.java
8,storm-core/src/jvm/org/apache/storm/trident/windowing/WindowsStoreFactory.java
8,storm-core/src/jvm/org/apache/storm/trident/windowing/config/BaseWindowConfig.java
8,storm-core/src/jvm/org/apache/storm/trident/windowing/config/SlidingCountWindow.java
8,storm-core/src/jvm/org/apache/storm/trident/windowing/config/SlidingDurationWindow.java
8,storm-core/src/jvm/org/apache/storm/trident/windowing/config/TumblingCountWindow.java
8,storm-core/src/jvm/org/apache/storm/trident/windowing/config/TumblingDurationWindow.java
8,storm-core/src/jvm/org/apache/storm/trident/windowing/config/WindowConfig.java
8,storm-core/src/jvm/org/apache/storm/trident/windowing/strategy/BaseWindowStrategy.java
8,storm-core/src/jvm/org/apache/storm/trident/windowing/strategy/SlidingCountWindowStrategy.java
8,storm-core/src/jvm/org/apache/storm/trident/windowing/strategy/SlidingDurationWindowStrategy.java
8,storm-core/src/jvm/org/apache/storm/trident/windowing/strategy/TumblingCountWindowStrategy.java
8,storm-core/src/jvm/org/apache/storm/trident/windowing/strategy/TumblingDurationWindowStrategy.java
8,storm-core/src/jvm/org/apache/storm/trident/windowing/strategy/WindowStrategy.java
8,storm-core/src/jvm/org/apache/storm/tuple/AddressedTuple.java
8,storm-core/src/jvm/org/apache/storm/tuple/Fields.java
8,storm-core/src/jvm/org/apache/storm/tuple/ITuple.java
8,storm-core/src/jvm/org/apache/storm/tuple/MessageId.java
8,storm-core/src/jvm/org/apache/storm/tuple/Tuple.java
8,storm-core/src/jvm/org/apache/storm/tuple/TupleImpl.java
8,storm-core/src/jvm/org/apache/storm/tuple/Values.java
8,storm-core/src/jvm/org/apache/storm/ui/InvalidRequestException.java
8,storm-core/src/jvm/org/apache/storm/utils/BufferFileInputStream.java
8,storm-core/src/jvm/org/apache/storm/utils/BufferInputStream.java
8,storm-core/src/jvm/org/apache/storm/utils/CRC32OutputStream.java
8,storm-core/src/jvm/org/apache/storm/utils/ClojureTimerTask.java
8,storm-core/src/jvm/org/apache/storm/utils/Container.java
8,storm-core/src/jvm/org/apache/storm/utils/DRPCClient.java
8,storm-core/src/jvm/org/apache/storm/utils/DisruptorBackpressureCallback.java
8,storm-core/src/jvm/org/apache/storm/utils/DisruptorQueue.java
8,storm-core/src/jvm/org/apache/storm/utils/ExtendedThreadPoolExecutor.java
8,storm-core/src/jvm/org/apache/storm/utils/IndifferentAccessMap.java
8,storm-core/src/jvm/org/apache/storm/utils/InprocMessaging.java
8,storm-core/src/jvm/org/apache/storm/utils/KeyedRoundRobinQueue.java
8,storm-core/src/jvm/org/apache/storm/utils/ListDelegate.java
8,storm-core/src/jvm/org/apache/storm/utils/LocalState.java
8,storm-core/src/jvm/org/apache/storm/utils/Monitor.java
8,storm-core/src/jvm/org/apache/storm/utils/MutableInt.java
8,storm-core/src/jvm/org/apache/storm/utils/MutableLong.java
8,storm-core/src/jvm/org/apache/storm/utils/MutableObject.java
8,storm-core/src/jvm/org/apache/storm/utils/NimbusClient.java
8,storm-core/src/jvm/org/apache/storm/utils/NimbusLeaderNotFoundException.java
8,storm-core/src/jvm/org/apache/storm/utils/RegisteredGlobalState.java
8,storm-core/src/jvm/org/apache/storm/utils/RotatingMap.java
8,storm-core/src/jvm/org/apache/storm/utils/ServiceRegistry.java
8,storm-core/src/jvm/org/apache/storm/utils/ShellBoltMessageQueue.java
8,storm-core/src/jvm/org/apache/storm/utils/ShellProcess.java
8,storm-core/src/jvm/org/apache/storm/utils/ShellUtils.java
8,storm-core/src/jvm/org/apache/storm/utils/StormBoundedExponentialBackoffRetry.java
8,storm-core/src/jvm/org/apache/storm/utils/StormConnectionStateConverter.java
8,storm-core/src/jvm/org/apache/storm/utils/TestUtils.java
8,storm-core/src/jvm/org/apache/storm/utils/ThriftTopologyUtils.java
8,storm-core/src/jvm/org/apache/storm/utils/Time.java
8,storm-core/src/jvm/org/apache/storm/utils/TimeCacheMap.java
8,storm-core/src/jvm/org/apache/storm/utils/TransferDrainer.java
8,storm-core/src/jvm/org/apache/storm/utils/TupleUtils.java
8,storm-core/src/jvm/org/apache/storm/utils/Utils.java
8,storm-core/src/jvm/org/apache/storm/utils/VersionInfo.java
8,storm-core/src/jvm/org/apache/storm/utils/VersionedStore.java
8,storm-core/src/jvm/org/apache/storm/utils/WindowedTimeThrottler.java
8,storm-core/src/jvm/org/apache/storm/utils/WorkerBackpressureCallback.java
8,storm-core/src/jvm/org/apache/storm/utils/WorkerBackpressureThread.java
8,storm-core/src/jvm/org/apache/storm/utils/WritableUtils.java
8,storm-core/src/jvm/org/apache/storm/utils/ZookeeperAuthInfo.java
8,storm-core/src/jvm/org/apache/storm/utils/ZookeeperServerCnxnFactory.java
8,storm-core/src/jvm/org/apache/storm/validation/ConfigValidation.java
8,storm-core/src/jvm/org/apache/storm/validation/ConfigValidationAnnotations.java
8,storm-core/src/jvm/org/apache/storm/validation/ConfigValidationUtils.java
8,storm-core/src/jvm/org/apache/storm/windowing/CountEvictionPolicy.java
8,storm-core/src/jvm/org/apache/storm/windowing/CountTriggerPolicy.java
8,storm-core/src/jvm/org/apache/storm/windowing/Event.java
8,storm-core/src/jvm/org/apache/storm/windowing/EventImpl.java
8,storm-core/src/jvm/org/apache/storm/windowing/EvictionPolicy.java
8,storm-core/src/jvm/org/apache/storm/windowing/TimeEvictionPolicy.java
8,storm-core/src/jvm/org/apache/storm/windowing/TimeTriggerPolicy.java
8,storm-core/src/jvm/org/apache/storm/windowing/TriggerHandler.java
8,storm-core/src/jvm/org/apache/storm/windowing/TriggerPolicy.java
8,storm-core/src/jvm/org/apache/storm/windowing/TupleWindow.java
8,storm-core/src/jvm/org/apache/storm/windowing/TupleWindowImpl.java
8,storm-core/src/jvm/org/apache/storm/windowing/WaterMarkEvent.java
8,storm-core/src/jvm/org/apache/storm/windowing/WaterMarkEventGenerator.java
8,storm-core/src/jvm/org/apache/storm/windowing/WatermarkCountEvictionPolicy.java
8,storm-core/src/jvm/org/apache/storm/windowing/WatermarkCountTriggerPolicy.java
8,storm-core/src/jvm/org/apache/storm/windowing/WatermarkTimeEvictionPolicy.java
8,storm-core/src/jvm/org/apache/storm/windowing/WatermarkTimeTriggerPolicy.java
8,storm-core/src/jvm/org/apache/storm/windowing/Window.java
8,storm-core/src/jvm/org/apache/storm/windowing/WindowLifecycleListener.java
8,storm-core/src/jvm/org/apache/storm/windowing/WindowManager.java
8,storm-rename-hack/src/main/java/org/apache/storm/hack/DefaultShader.java
8,storm-rename-hack/src/main/java/org/apache/storm/hack/IOUtil.java
8,storm-rename-hack/src/main/java/org/apache/storm/hack/ShadeRequest.java
8,storm-rename-hack/src/main/java/org/apache/storm/hack/StormShadeRequest.java
8,storm-rename-hack/src/main/java/org/apache/storm/hack/StormShadeTransformer.java
8,storm-rename-hack/src/main/java/org/apache/storm/hack/relocation/Relocator.java
8,storm-rename-hack/src/main/java/org/apache/storm/hack/relocation/SimpleRelocator.java
8,storm-rename-hack/src/main/java/org/apache/storm/hack/resource/ClojureTransformer.java
8,storm-rename-hack/src/main/java/org/apache/storm/hack/resource/ResourceTransformer.java
9,external/flux/flux-core/src/main/java/org/apache/storm/flux/Flux.java
9,external/flux/flux-core/src/main/java/org/apache/storm/flux/FluxBuilder.java
9,external/flux/flux-core/src/main/java/org/apache/storm/flux/api/TopologySource.java
9,external/flux/flux-core/src/main/java/org/apache/storm/flux/model/BeanDef.java
9,external/flux/flux-core/src/main/java/org/apache/storm/flux/model/BeanReference.java
9,external/flux/flux-core/src/main/java/org/apache/storm/flux/model/BoltDef.java
9,external/flux/flux-core/src/main/java/org/apache/storm/flux/model/ConfigMethodDef.java
9,external/flux/flux-core/src/main/java/org/apache/storm/flux/model/ExecutionContext.java
9,external/flux/flux-core/src/main/java/org/apache/storm/flux/model/GroupingDef.java
9,external/flux/flux-core/src/main/java/org/apache/storm/flux/model/IncludeDef.java
9,external/flux/flux-core/src/main/java/org/apache/storm/flux/model/ObjectDef.java
9,external/flux/flux-core/src/main/java/org/apache/storm/flux/model/PropertyDef.java
9,external/flux/flux-core/src/main/java/org/apache/storm/flux/model/SpoutDef.java
9,external/flux/flux-core/src/main/java/org/apache/storm/flux/model/StreamDef.java
9,external/flux/flux-core/src/main/java/org/apache/storm/flux/model/TopologyDef.java
9,external/flux/flux-core/src/main/java/org/apache/storm/flux/model/TopologySourceDef.java
9,external/flux/flux-core/src/main/java/org/apache/storm/flux/model/VertexDef.java
9,external/flux/flux-core/src/main/java/org/apache/storm/flux/parser/FluxParser.java
9,external/flux/flux-wrappers/src/main/java/org/apache/storm/flux/wrappers/bolts/FluxShellBolt.java
9,external/flux/flux-wrappers/src/main/java/org/apache/storm/flux/wrappers/bolts/LogInfoBolt.java
9,external/flux/flux-wrappers/src/main/java/org/apache/storm/flux/wrappers/spouts/FluxShellSpout.java
9,external/sql/storm-sql-core/src/jvm/org/apache/storm/sql/StormSql.java
9,external/sql/storm-sql-core/src/jvm/org/apache/storm/sql/StormSqlImpl.java
9,external/sql/storm-sql-core/src/jvm/org/apache/storm/sql/StormSqlRunner.java
9,external/sql/storm-sql-core/src/jvm/org/apache/storm/sql/compiler/CompilerUtil.java
9,external/sql/storm-sql-core/src/jvm/org/apache/storm/sql/compiler/ExprCompiler.java
9,external/sql/storm-sql-core/src/jvm/org/apache/storm/sql/compiler/PostOrderRelNodeVisitor.java
9,external/sql/storm-sql-core/src/jvm/org/apache/storm/sql/compiler/backends/standalone/PlanCompiler.java
9,external/sql/storm-sql-core/src/jvm/org/apache/storm/sql/compiler/backends/standalone/RelNodeCompiler.java
9,external/sql/storm-sql-core/src/jvm/org/apache/storm/sql/compiler/backends/trident/PlanCompiler.java
9,external/sql/storm-sql-core/src/jvm/org/apache/storm/sql/compiler/backends/trident/RelNodeCompiler.java
9,external/sql/storm-sql-core/src/jvm/org/apache/storm/sql/javac/CompilingClassLoader.java
9,external/sql/storm-sql-core/src/jvm/org/apache/storm/sql/parser/ColumnConstraint.java
9,external/sql/storm-sql-core/src/jvm/org/apache/storm/sql/parser/ColumnDefinition.java
9,external/sql/storm-sql-core/src/jvm/org/apache/storm/sql/parser/SqlCreateFunction.java
9,external/sql/storm-sql-core/src/jvm/org/apache/storm/sql/parser/SqlCreateTable.java
9,external/sql/storm-sql-core/src/jvm/org/apache/storm/sql/parser/SqlDDLKeywords.java
9,external/sql/storm-sql-core/src/jvm/org/apache/storm/sql/parser/StormParser.java
9,external/sql/storm-sql-core/src/jvm/org/apache/storm/sql/parser/UnparseUtil.java
9,external/sql/storm-sql-kafka/src/jvm/org/apache/storm/sql/kafka/JsonScheme.java
9,external/sql/storm-sql-kafka/src/jvm/org/apache/storm/sql/kafka/JsonSerializer.java
9,external/sql/storm-sql-kafka/src/jvm/org/apache/storm/sql/kafka/KafkaDataSourcesProvider.java
9,external/sql/storm-sql-runtime/src/jvm/org/apache/storm/sql/runtime/AbstractChannelHandler.java
9,external/sql/storm-sql-runtime/src/jvm/org/apache/storm/sql/runtime/AbstractValuesProcessor.java
9,external/sql/storm-sql-runtime/src/jvm/org/apache/storm/sql/runtime/ChannelContext.java
9,external/sql/storm-sql-runtime/src/jvm/org/apache/storm/sql/runtime/ChannelHandler.java
9,external/sql/storm-sql-runtime/src/jvm/org/apache/storm/sql/runtime/Channels.java
9,external/sql/storm-sql-runtime/src/jvm/org/apache/storm/sql/runtime/DataSource.java
9,external/sql/storm-sql-runtime/src/jvm/org/apache/storm/sql/runtime/DataSourcesProvider.java
9,external/sql/storm-sql-runtime/src/jvm/org/apache/storm/sql/runtime/DataSourcesRegistry.java
9,external/sql/storm-sql-runtime/src/jvm/org/apache/storm/sql/runtime/FieldInfo.java
9,external/sql/storm-sql-runtime/src/jvm/org/apache/storm/sql/runtime/IOutputSerializer.java
9,external/sql/storm-sql-runtime/src/jvm/org/apache/storm/sql/runtime/ISqlTridentDataSource.java
9,external/sql/storm-sql-runtime/src/jvm/org/apache/storm/sql/runtime/StormSqlFunctions.java
9,external/sql/storm-sql-runtime/src/jvm/org/apache/storm/sql/runtime/trident/AbstractTridentProcessor.java
9,external/storm-cassandra/src/main/java/org/apache/storm/cassandra/AbstractExecutionResultHandler.java
9,external/storm-cassandra/src/main/java/org/apache/storm/cassandra/BaseExecutionResultHandler.java
9,external/storm-cassandra/src/main/java/org/apache/storm/cassandra/CassandraContext.java
9,external/storm-cassandra/src/main/java/org/apache/storm/cassandra/DynamicStatementBuilder.java
9,external/storm-cassandra/src/main/java/org/apache/storm/cassandra/ExecutionResultHandler.java
9,external/storm-cassandra/src/main/java/org/apache/storm/cassandra/Murmur3StreamGrouping.java
9,external/storm-cassandra/src/main/java/org/apache/storm/cassandra/bolt/BaseCassandraBolt.java
9,external/storm-cassandra/src/main/java/org/apache/storm/cassandra/bolt/BatchCassandraWriterBolt.java
9,external/storm-cassandra/src/main/java/org/apache/storm/cassandra/bolt/CassandraWriterBolt.java
9,external/storm-cassandra/src/main/java/org/apache/storm/cassandra/bolt/GroupingBatchBuilder.java
9,external/storm-cassandra/src/main/java/org/apache/storm/cassandra/bolt/PairBatchStatementTuples.java
9,external/storm-cassandra/src/main/java/org/apache/storm/cassandra/bolt/PairStatementTuple.java
9,external/storm-cassandra/src/main/java/org/apache/storm/cassandra/client/CassandraConf.java
9,external/storm-cassandra/src/main/java/org/apache/storm/cassandra/client/ClusterFactory.java
9,external/storm-cassandra/src/main/java/org/apache/storm/cassandra/client/SimpleClient.java
9,external/storm-cassandra/src/main/java/org/apache/storm/cassandra/client/SimpleClientProvider.java
9,external/storm-cassandra/src/main/java/org/apache/storm/cassandra/client/impl/DefaultClient.java
9,external/storm-cassandra/src/main/java/org/apache/storm/cassandra/context/BaseBeanFactory.java
9,external/storm-cassandra/src/main/java/org/apache/storm/cassandra/context/BeanFactory.java
9,external/storm-cassandra/src/main/java/org/apache/storm/cassandra/context/WorkerCtx.java
9,external/storm-cassandra/src/main/java/org/apache/storm/cassandra/executor/AsyncExecutor.java
9,external/storm-cassandra/src/main/java/org/apache/storm/cassandra/executor/AsyncExecutorProvider.java
9,external/storm-cassandra/src/main/java/org/apache/storm/cassandra/executor/AsyncResultHandler.java
9,external/storm-cassandra/src/main/java/org/apache/storm/cassandra/executor/ExecutionResultCollector.java
9,external/storm-cassandra/src/main/java/org/apache/storm/cassandra/executor/impl/BatchAsyncResultHandler.java
9,external/storm-cassandra/src/main/java/org/apache/storm/cassandra/executor/impl/SingleAsyncResultHandler.java
9,external/storm-cassandra/src/main/java/org/apache/storm/cassandra/query/BaseCQLStatementTupleMapper.java
9,external/storm-cassandra/src/main/java/org/apache/storm/cassandra/query/CQLResultSetValuesMapper.java
9,external/storm-cassandra/src/main/java/org/apache/storm/cassandra/query/CQLStatementBuilder.java
9,external/storm-cassandra/src/main/java/org/apache/storm/cassandra/query/CQLStatementTupleMapper.java
9,external/storm-cassandra/src/main/java/org/apache/storm/cassandra/query/Column.java
9,external/storm-cassandra/src/main/java/org/apache/storm/cassandra/query/ContextQuery.java
9,external/storm-cassandra/src/main/java/org/apache/storm/cassandra/query/CqlMapper.java
9,external/storm-cassandra/src/main/java/org/apache/storm/cassandra/query/builder/BoundCQLStatementMapperBuilder.java
9,external/storm-cassandra/src/main/java/org/apache/storm/cassandra/query/builder/SimpleCQLStatementMapperBuilder.java
9,external/storm-cassandra/src/main/java/org/apache/storm/cassandra/query/impl/BatchCQLStatementTupleMapper.java
9,external/storm-cassandra/src/main/java/org/apache/storm/cassandra/query/impl/BoundCQLStatementTupleMapper.java
9,external/storm-cassandra/src/main/java/org/apache/storm/cassandra/query/impl/PreparedStatementBinder.java
9,external/storm-cassandra/src/main/java/org/apache/storm/cassandra/query/impl/RoutingKeyGenerator.java
9,external/storm-cassandra/src/main/java/org/apache/storm/cassandra/query/impl/SimpleCQLStatementMapper.java
9,external/storm-cassandra/src/main/java/org/apache/storm/cassandra/query/selector/FieldSelector.java
9,external/storm-cassandra/src/main/java/org/apache/storm/cassandra/trident/state/CassandraQuery.java
9,external/storm-cassandra/src/main/java/org/apache/storm/cassandra/trident/state/CassandraState.java
9,external/storm-cassandra/src/main/java/org/apache/storm/cassandra/trident/state/CassandraStateFactory.java
9,external/storm-cassandra/src/main/java/org/apache/storm/cassandra/trident/state/CassandraStateUpdater.java
9,external/storm-cassandra/src/main/java/org/apache/storm/cassandra/trident/state/TridentResultSetValuesMapper.java
9,external/storm-elasticsearch/src/main/java/org/apache/storm/elasticsearch/ElasticsearchGetRequest.java
9,external/storm-elasticsearch/src/main/java/org/apache/storm/elasticsearch/EsLookupResultOutput.java
9,external/storm-elasticsearch/src/main/java/org/apache/storm/elasticsearch/bolt/AbstractEsBolt.java
9,external/storm-elasticsearch/src/main/java/org/apache/storm/elasticsearch/bolt/EsIndexBolt.java
9,external/storm-elasticsearch/src/main/java/org/apache/storm/elasticsearch/bolt/EsLookupBolt.java
9,external/storm-elasticsearch/src/main/java/org/apache/storm/elasticsearch/bolt/EsPercolateBolt.java
9,external/storm-elasticsearch/src/main/java/org/apache/storm/elasticsearch/common/DefaultEsTupleMapper.java
9,external/storm-elasticsearch/src/main/java/org/apache/storm/elasticsearch/common/EsConfig.java
9,external/storm-elasticsearch/src/main/java/org/apache/storm/elasticsearch/common/EsTupleMapper.java
9,external/storm-elasticsearch/src/main/java/org/apache/storm/elasticsearch/common/StormElasticSearchClient.java
9,external/storm-elasticsearch/src/main/java/org/apache/storm/elasticsearch/common/TransportAddresses.java
9,external/storm-elasticsearch/src/main/java/org/apache/storm/elasticsearch/trident/EsState.java
9,external/storm-elasticsearch/src/main/java/org/apache/storm/elasticsearch/trident/EsStateFactory.java
9,external/storm-elasticsearch/src/main/java/org/apache/storm/elasticsearch/trident/EsUpdater.java
9,external/storm-eventhubs/src/main/java/org/apache/storm/eventhubs/bolt/DefaultEventDataFormat.java
9,external/storm-eventhubs/src/main/java/org/apache/storm/eventhubs/bolt/EventHubBolt.java
9,external/storm-eventhubs/src/main/java/org/apache/storm/eventhubs/bolt/EventHubBoltConfig.java
9,external/storm-eventhubs/src/main/java/org/apache/storm/eventhubs/bolt/IEventDataFormat.java
9,external/storm-eventhubs/src/main/java/org/apache/storm/eventhubs/samples/AtMostOnceEventCount.java
9,external/storm-eventhubs/src/main/java/org/apache/storm/eventhubs/samples/EventCount.java
9,external/storm-eventhubs/src/main/java/org/apache/storm/eventhubs/samples/EventHubLoop.java
9,external/storm-eventhubs/src/main/java/org/apache/storm/eventhubs/samples/OpaqueTridentEventCount.java
9,external/storm-eventhubs/src/main/java/org/apache/storm/eventhubs/samples/TransactionalTridentEventCount.java
9,external/storm-eventhubs/src/main/java/org/apache/storm/eventhubs/samples/bolt/GlobalCountBolt.java
9,external/storm-eventhubs/src/main/java/org/apache/storm/eventhubs/samples/bolt/PartialCountBolt.java
9,external/storm-eventhubs/src/main/java/org/apache/storm/eventhubs/spout/EventData.java
9,external/storm-eventhubs/src/main/java/org/apache/storm/eventhubs/spout/EventDataScheme.java
9,external/storm-eventhubs/src/main/java/org/apache/storm/eventhubs/spout/EventHubReceiverImpl.java
9,external/storm-eventhubs/src/main/java/org/apache/storm/eventhubs/spout/EventHubSpout.java
9,external/storm-eventhubs/src/main/java/org/apache/storm/eventhubs/spout/EventHubSpoutConfig.java
9,external/storm-eventhubs/src/main/java/org/apache/storm/eventhubs/spout/EventHubSpoutException.java
9,external/storm-eventhubs/src/main/java/org/apache/storm/eventhubs/spout/FieldConstants.java
9,external/storm-eventhubs/src/main/java/org/apache/storm/eventhubs/spout/IEventDataScheme.java
9,external/storm-eventhubs/src/main/java/org/apache/storm/eventhubs/spout/IEventHubReceiver.java
9,external/storm-eventhubs/src/main/java/org/apache/storm/eventhubs/spout/IEventHubReceiverFactory.java
9,external/storm-eventhubs/src/main/java/org/apache/storm/eventhubs/spout/IPartitionCoordinator.java
9,external/storm-eventhubs/src/main/java/org/apache/storm/eventhubs/spout/IPartitionManager.java
9,external/storm-eventhubs/src/main/java/org/apache/storm/eventhubs/spout/IPartitionManagerFactory.java
9,external/storm-eventhubs/src/main/java/org/apache/storm/eventhubs/spout/IStateStore.java
9,external/storm-eventhubs/src/main/java/org/apache/storm/eventhubs/spout/MessageId.java
9,external/storm-eventhubs/src/main/java/org/apache/storm/eventhubs/spout/PartitionManager.java
9,external/storm-eventhubs/src/main/java/org/apache/storm/eventhubs/spout/SimplePartitionManager.java
9,external/storm-eventhubs/src/main/java/org/apache/storm/eventhubs/spout/StaticPartitionCoordinator.java
9,external/storm-eventhubs/src/main/java/org/apache/storm/eventhubs/spout/ZookeeperStateStore.java
9,external/storm-eventhubs/src/main/java/org/apache/storm/eventhubs/trident/Coordinator.java
9,external/storm-eventhubs/src/main/java/org/apache/storm/eventhubs/trident/ITridentPartitionManager.java
9,external/storm-eventhubs/src/main/java/org/apache/storm/eventhubs/trident/ITridentPartitionManagerFactory.java
9,external/storm-eventhubs/src/main/java/org/apache/storm/eventhubs/trident/OpaqueTridentEventHubEmitter.java
9,external/storm-eventhubs/src/main/java/org/apache/storm/eventhubs/trident/OpaqueTridentEventHubSpout.java
9,external/storm-eventhubs/src/main/java/org/apache/storm/eventhubs/trident/Partition.java
9,external/storm-eventhubs/src/main/java/org/apache/storm/eventhubs/trident/Partitions.java
9,external/storm-eventhubs/src/main/java/org/apache/storm/eventhubs/trident/TransactionalTridentEventHubEmitter.java
9,external/storm-eventhubs/src/main/java/org/apache/storm/eventhubs/trident/TransactionalTridentEventHubSpout.java
9,external/storm-eventhubs/src/main/java/org/apache/storm/eventhubs/trident/TridentPartitionManager.java
9,external/storm-hbase/src/main/java/org/apache/storm/hbase/bolt/AbstractHBaseBolt.java
9,external/storm-hbase/src/main/java/org/apache/storm/hbase/bolt/HBaseBolt.java
9,external/storm-hbase/src/main/java/org/apache/storm/hbase/bolt/HBaseLookupBolt.java
9,external/storm-hbase/src/main/java/org/apache/storm/hbase/bolt/mapper/HBaseMapper.java
9,external/storm-hbase/src/main/java/org/apache/storm/hbase/bolt/mapper/HBaseProjectionCriteria.java
9,external/storm-hbase/src/main/java/org/apache/storm/hbase/bolt/mapper/HBaseValueMapper.java
9,external/storm-hbase/src/main/java/org/apache/storm/hbase/bolt/mapper/SimpleHBaseMapper.java
9,external/storm-hbase/src/main/java/org/apache/storm/hbase/common/ColumnList.java
9,external/storm-hbase/src/main/java/org/apache/storm/hbase/common/HBaseClient.java
9,external/storm-hbase/src/main/java/org/apache/storm/hbase/common/IColumn.java
9,external/storm-hbase/src/main/java/org/apache/storm/hbase/common/ICounter.java
9,external/storm-hbase/src/main/java/org/apache/storm/hbase/common/Utils.java
9,external/storm-hbase/src/main/java/org/apache/storm/hbase/security/AutoHBase.java
9,external/storm-hbase/src/main/java/org/apache/storm/hbase/security/HBaseSecurityUtil.java
9,external/storm-hbase/src/main/java/org/apache/storm/hbase/trident/mapper/SimpleTridentHBaseMapMapper.java
9,external/storm-hbase/src/main/java/org/apache/storm/hbase/trident/mapper/SimpleTridentHBaseMapper.java
9,external/storm-hbase/src/main/java/org/apache/storm/hbase/trident/mapper/TridentHBaseMapMapper.java
9,external/storm-hbase/src/main/java/org/apache/storm/hbase/trident/mapper/TridentHBaseMapper.java
9,external/storm-hbase/src/main/java/org/apache/storm/hbase/trident/state/HBaseMapState.java
9,external/storm-hbase/src/main/java/org/apache/storm/hbase/trident/state/HBaseQuery.java
9,external/storm-hbase/src/main/java/org/apache/storm/hbase/trident/state/HBaseState.java
9,external/storm-hbase/src/main/java/org/apache/storm/hbase/trident/state/HBaseStateFactory.java
9,external/storm-hbase/src/main/java/org/apache/storm/hbase/trident/state/HBaseUpdater.java
9,external/storm-hbase/src/main/java/org/apache/storm/hbase/trident/windowing/HBaseWindowsStore.java
9,external/storm-hbase/src/main/java/org/apache/storm/hbase/trident/windowing/HBaseWindowsStoreFactory.java
9,external/storm-hdfs/src/main/java/org/apache/storm/hdfs/avro/AbstractAvroSerializer.java
9,external/storm-hdfs/src/main/java/org/apache/storm/hdfs/avro/AvroSchemaRegistry.java
9,external/storm-hdfs/src/main/java/org/apache/storm/hdfs/avro/AvroUtils.java
9,external/storm-hdfs/src/main/java/org/apache/storm/hdfs/avro/ConfluentAvroSerializer.java
9,external/storm-hdfs/src/main/java/org/apache/storm/hdfs/avro/FixedAvroSerializer.java
9,external/storm-hdfs/src/main/java/org/apache/storm/hdfs/avro/GenericAvroSerializer.java
9,external/storm-hdfs/src/main/java/org/apache/storm/hdfs/blobstore/HdfsBlobStore.java
9,external/storm-hdfs/src/main/java/org/apache/storm/hdfs/blobstore/HdfsBlobStoreFile.java
9,external/storm-hdfs/src/main/java/org/apache/storm/hdfs/blobstore/HdfsBlobStoreImpl.java
9,external/storm-hdfs/src/main/java/org/apache/storm/hdfs/blobstore/HdfsClientBlobStore.java
9,external/storm-hdfs/src/main/java/org/apache/storm/hdfs/bolt/AbstractHdfsBolt.java
9,external/storm-hdfs/src/main/java/org/apache/storm/hdfs/bolt/AvroGenericRecordBolt.java
9,external/storm-hdfs/src/main/java/org/apache/storm/hdfs/bolt/HdfsBolt.java
9,external/storm-hdfs/src/main/java/org/apache/storm/hdfs/bolt/SequenceFileBolt.java
9,external/storm-hdfs/src/main/java/org/apache/storm/hdfs/bolt/format/DefaultFileNameFormat.java
9,external/storm-hdfs/src/main/java/org/apache/storm/hdfs/bolt/format/DefaultSequenceFormat.java
9,external/storm-hdfs/src/main/java/org/apache/storm/hdfs/bolt/format/DelimitedRecordFormat.java
9,external/storm-hdfs/src/main/java/org/apache/storm/hdfs/bolt/format/FileNameFormat.java
9,external/storm-hdfs/src/main/java/org/apache/storm/hdfs/bolt/format/RecordFormat.java
9,external/storm-hdfs/src/main/java/org/apache/storm/hdfs/bolt/format/SequenceFormat.java
9,external/storm-hdfs/src/main/java/org/apache/storm/hdfs/bolt/rotation/FileRotationPolicy.java
9,external/storm-hdfs/src/main/java/org/apache/storm/hdfs/bolt/rotation/FileSizeRotationPolicy.java
9,external/storm-hdfs/src/main/java/org/apache/storm/hdfs/bolt/rotation/NoRotationPolicy.java
9,external/storm-hdfs/src/main/java/org/apache/storm/hdfs/bolt/rotation/TimedRotationPolicy.java
9,external/storm-hdfs/src/main/java/org/apache/storm/hdfs/bolt/sync/CountSyncPolicy.java
9,external/storm-hdfs/src/main/java/org/apache/storm/hdfs/bolt/sync/SyncPolicy.java
9,external/storm-hdfs/src/main/java/org/apache/storm/hdfs/common/HdfsUtils.java
9,external/storm-hdfs/src/main/java/org/apache/storm/hdfs/common/ModifTimeComparator.java
9,external/storm-hdfs/src/main/java/org/apache/storm/hdfs/common/rotation/MoveFileAction.java
9,external/storm-hdfs/src/main/java/org/apache/storm/hdfs/common/rotation/RotationAction.java
9,external/storm-hdfs/src/main/java/org/apache/storm/hdfs/common/security/AutoHDFS.java
9,external/storm-hdfs/src/main/java/org/apache/storm/hdfs/common/security/HdfsSecurityUtil.java
9,external/storm-hdfs/src/main/java/org/apache/storm/hdfs/spout/AbstractFileReader.java
9,external/storm-hdfs/src/main/java/org/apache/storm/hdfs/spout/Configs.java
9,external/storm-hdfs/src/main/java/org/apache/storm/hdfs/spout/DirLock.java
9,external/storm-hdfs/src/main/java/org/apache/storm/hdfs/spout/FileLock.java
9,external/storm-hdfs/src/main/java/org/apache/storm/hdfs/spout/FileOffset.java
9,external/storm-hdfs/src/main/java/org/apache/storm/hdfs/spout/FileReader.java
9,external/storm-hdfs/src/main/java/org/apache/storm/hdfs/spout/HdfsSpout.java
9,external/storm-hdfs/src/main/java/org/apache/storm/hdfs/spout/ParseException.java
9,external/storm-hdfs/src/main/java/org/apache/storm/hdfs/spout/ProgressTracker.java
9,external/storm-hdfs/src/main/java/org/apache/storm/hdfs/spout/SequenceFileReader.java
9,external/storm-hdfs/src/main/java/org/apache/storm/hdfs/spout/TextFileReader.java
9,external/storm-hdfs/src/main/java/org/apache/storm/hdfs/trident/HdfsState.java
9,external/storm-hdfs/src/main/java/org/apache/storm/hdfs/trident/HdfsStateFactory.java
9,external/storm-hdfs/src/main/java/org/apache/storm/hdfs/trident/HdfsUpdater.java
9,external/storm-hdfs/src/main/java/org/apache/storm/hdfs/trident/format/DefaultFileNameFormat.java
9,external/storm-hdfs/src/main/java/org/apache/storm/hdfs/trident/format/DefaultSequenceFormat.java
9,external/storm-hdfs/src/main/java/org/apache/storm/hdfs/trident/format/DelimitedRecordFormat.java
9,external/storm-hdfs/src/main/java/org/apache/storm/hdfs/trident/format/FileNameFormat.java
9,external/storm-hdfs/src/main/java/org/apache/storm/hdfs/trident/format/RecordFormat.java
9,external/storm-hdfs/src/main/java/org/apache/storm/hdfs/trident/format/SequenceFormat.java
9,external/storm-hdfs/src/main/java/org/apache/storm/hdfs/trident/rotation/FileRotationPolicy.java
9,external/storm-hdfs/src/main/java/org/apache/storm/hdfs/trident/rotation/FileSizeRotationPolicy.java
9,external/storm-hdfs/src/main/java/org/apache/storm/hdfs/trident/rotation/NoRotationPolicy.java
9,external/storm-hdfs/src/main/java/org/apache/storm/hdfs/trident/rotation/TimedRotationPolicy.java
9,external/storm-hdfs/src/main/java/org/apache/storm/hdfs/trident/sync/CountSyncPolicy.java
9,external/storm-hdfs/src/main/java/org/apache/storm/hdfs/trident/sync/SyncPolicy.java
9,external/storm-hive/src/main/java/org/apache/storm/hive/bolt/HiveBolt.java
9,external/storm-hive/src/main/java/org/apache/storm/hive/bolt/mapper/DelimitedRecordHiveMapper.java
9,external/storm-hive/src/main/java/org/apache/storm/hive/bolt/mapper/HiveMapper.java
9,external/storm-hive/src/main/java/org/apache/storm/hive/bolt/mapper/JsonRecordHiveMapper.java
9,external/storm-hive/src/main/java/org/apache/storm/hive/common/HiveOptions.java
9,external/storm-hive/src/main/java/org/apache/storm/hive/common/HiveUtils.java
9,external/storm-hive/src/main/java/org/apache/storm/hive/common/HiveWriter.java
9,external/storm-hive/src/main/java/org/apache/storm/hive/trident/HiveState.java
9,external/storm-hive/src/main/java/org/apache/storm/hive/trident/HiveStateFactory.java
9,external/storm-hive/src/main/java/org/apache/storm/hive/trident/HiveUpdater.java
9,external/storm-jdbc/src/main/java/org/apache/storm/jdbc/bolt/AbstractJdbcBolt.java
9,external/storm-jdbc/src/main/java/org/apache/storm/jdbc/bolt/JdbcInsertBolt.java
9,external/storm-jdbc/src/main/java/org/apache/storm/jdbc/bolt/JdbcLookupBolt.java
9,external/storm-jdbc/src/main/java/org/apache/storm/jdbc/common/Column.java
9,external/storm-jdbc/src/main/java/org/apache/storm/jdbc/common/ConnectionProvider.java
9,external/storm-jdbc/src/main/java/org/apache/storm/jdbc/common/HikariCPConnectionProvider.java
9,external/storm-jdbc/src/main/java/org/apache/storm/jdbc/common/JdbcClient.java
9,external/storm-jdbc/src/main/java/org/apache/storm/jdbc/common/Util.java
9,external/storm-jdbc/src/main/java/org/apache/storm/jdbc/mapper/JdbcLookupMapper.java
9,external/storm-jdbc/src/main/java/org/apache/storm/jdbc/mapper/JdbcMapper.java
9,external/storm-jdbc/src/main/java/org/apache/storm/jdbc/mapper/SimpleJdbcLookupMapper.java
9,external/storm-jdbc/src/main/java/org/apache/storm/jdbc/mapper/SimpleJdbcMapper.java
9,external/storm-jdbc/src/main/java/org/apache/storm/jdbc/trident/state/JdbcQuery.java
9,external/storm-jdbc/src/main/java/org/apache/storm/jdbc/trident/state/JdbcState.java
9,external/storm-jdbc/src/main/java/org/apache/storm/jdbc/trident/state/JdbcStateFactory.java
9,external/storm-jdbc/src/main/java/org/apache/storm/jdbc/trident/state/JdbcUpdater.java
9,external/storm-kafka-client/src/main/java/org/apache/storm/kafka/spout/KafkaSpout.java
9,external/storm-kafka-client/src/main/java/org/apache/storm/kafka/spout/KafkaSpoutConfig.java
9,external/storm-kafka-client/src/main/java/org/apache/storm/kafka/spout/KafkaSpoutMessageId.java
9,external/storm-kafka-client/src/main/java/org/apache/storm/kafka/spout/KafkaSpoutRetryExponentialBackoff.java
9,external/storm-kafka-client/src/main/java/org/apache/storm/kafka/spout/KafkaSpoutRetryService.java
9,external/storm-kafka-client/src/main/java/org/apache/storm/kafka/spout/KafkaSpoutStream.java
9,external/storm-kafka-client/src/main/java/org/apache/storm/kafka/spout/KafkaSpoutStreams.java
9,external/storm-kafka-client/src/main/java/org/apache/storm/kafka/spout/KafkaSpoutTupleBuilder.java
9,external/storm-kafka-client/src/main/java/org/apache/storm/kafka/spout/KafkaSpoutTuplesBuilder.java
9,external/storm-kafka/src/jvm/org/apache/storm/kafka/Broker.java
9,external/storm-kafka/src/jvm/org/apache/storm/kafka/BrokerHosts.java
9,external/storm-kafka/src/jvm/org/apache/storm/kafka/ByteBufferSerializer.java
9,external/storm-kafka/src/jvm/org/apache/storm/kafka/DynamicBrokersReader.java
9,external/storm-kafka/src/jvm/org/apache/storm/kafka/DynamicPartitionConnections.java
9,external/storm-kafka/src/jvm/org/apache/storm/kafka/ExponentialBackoffMsgRetryManager.java
9,external/storm-kafka/src/jvm/org/apache/storm/kafka/FailedFetchException.java
9,external/storm-kafka/src/jvm/org/apache/storm/kafka/FailedMsgRetryManager.java
9,external/storm-kafka/src/jvm/org/apache/storm/kafka/IntSerializer.java
9,external/storm-kafka/src/jvm/org/apache/storm/kafka/KafkaConfig.java
9,external/storm-kafka/src/jvm/org/apache/storm/kafka/KafkaError.java
9,external/storm-kafka/src/jvm/org/apache/storm/kafka/KafkaSpout.java
9,external/storm-kafka/src/jvm/org/apache/storm/kafka/KafkaUtils.java
9,external/storm-kafka/src/jvm/org/apache/storm/kafka/KeyValueScheme.java
9,external/storm-kafka/src/jvm/org/apache/storm/kafka/KeyValueSchemeAsMultiScheme.java
9,external/storm-kafka/src/jvm/org/apache/storm/kafka/MessageMetadataScheme.java
9,external/storm-kafka/src/jvm/org/apache/storm/kafka/MessageMetadataSchemeAsMultiScheme.java
9,external/storm-kafka/src/jvm/org/apache/storm/kafka/Partition.java
9,external/storm-kafka/src/jvm/org/apache/storm/kafka/PartitionCoordinator.java
9,external/storm-kafka/src/jvm/org/apache/storm/kafka/PartitionManager.java
9,external/storm-kafka/src/jvm/org/apache/storm/kafka/SpoutConfig.java
9,external/storm-kafka/src/jvm/org/apache/storm/kafka/StaticCoordinator.java
9,external/storm-kafka/src/jvm/org/apache/storm/kafka/StaticHosts.java
9,external/storm-kafka/src/jvm/org/apache/storm/kafka/StaticPartitionConnections.java
9,external/storm-kafka/src/jvm/org/apache/storm/kafka/StringKeyValueScheme.java
9,external/storm-kafka/src/jvm/org/apache/storm/kafka/StringMessageAndMetadataScheme.java
9,external/storm-kafka/src/jvm/org/apache/storm/kafka/StringMultiSchemeWithTopic.java
9,external/storm-kafka/src/jvm/org/apache/storm/kafka/StringScheme.java
9,external/storm-kafka/src/jvm/org/apache/storm/kafka/TopicOffsetOutOfRangeException.java
9,external/storm-kafka/src/jvm/org/apache/storm/kafka/ZkCoordinator.java
9,external/storm-kafka/src/jvm/org/apache/storm/kafka/ZkHosts.java
9,external/storm-kafka/src/jvm/org/apache/storm/kafka/ZkState.java
9,external/storm-kafka/src/jvm/org/apache/storm/kafka/bolt/KafkaBolt.java
9,external/storm-kafka/src/jvm/org/apache/storm/kafka/bolt/mapper/FieldNameBasedTupleToKafkaMapper.java
9,external/storm-kafka/src/jvm/org/apache/storm/kafka/bolt/mapper/TupleToKafkaMapper.java
9,external/storm-kafka/src/jvm/org/apache/storm/kafka/bolt/selector/DefaultTopicSelector.java
9,external/storm-kafka/src/jvm/org/apache/storm/kafka/bolt/selector/KafkaTopicSelector.java
9,external/storm-kafka/src/jvm/org/apache/storm/kafka/trident/Coordinator.java
9,external/storm-kafka/src/jvm/org/apache/storm/kafka/trident/DefaultCoordinator.java
9,external/storm-kafka/src/jvm/org/apache/storm/kafka/trident/GlobalPartitionInformation.java
9,external/storm-kafka/src/jvm/org/apache/storm/kafka/trident/IBatchCoordinator.java
9,external/storm-kafka/src/jvm/org/apache/storm/kafka/trident/IBrokerReader.java
9,external/storm-kafka/src/jvm/org/apache/storm/kafka/trident/MaxMetric.java
9,external/storm-kafka/src/jvm/org/apache/storm/kafka/trident/OpaqueTridentKafkaSpout.java
9,external/storm-kafka/src/jvm/org/apache/storm/kafka/trident/StaticBrokerReader.java
9,external/storm-kafka/src/jvm/org/apache/storm/kafka/trident/TransactionalTridentKafkaSpout.java
9,external/storm-kafka/src/jvm/org/apache/storm/kafka/trident/TridentKafkaConfig.java
9,external/storm-kafka/src/jvm/org/apache/storm/kafka/trident/TridentKafkaEmitter.java
9,external/storm-kafka/src/jvm/org/apache/storm/kafka/trident/TridentKafkaState.java
9,external/storm-kafka/src/jvm/org/apache/storm/kafka/trident/TridentKafkaStateFactory.java
9,external/storm-kafka/src/jvm/org/apache/storm/kafka/trident/TridentKafkaUpdater.java
9,external/storm-kafka/src/jvm/org/apache/storm/kafka/trident/ZkBrokerReader.java
9,external/storm-kafka/src/jvm/org/apache/storm/kafka/trident/mapper/FieldNameBasedTupleToKafkaMapper.java
9,external/storm-kafka/src/jvm/org/apache/storm/kafka/trident/mapper/TridentTupleToKafkaMapper.java
9,external/storm-kafka/src/jvm/org/apache/storm/kafka/trident/selector/DefaultTopicSelector.java
9,external/storm-kafka/src/jvm/org/apache/storm/kafka/trident/selector/KafkaTopicSelector.java
9,external/storm-metrics/src/main/java/org/apache/storm/metrics/hdrhistogram/HistogramMetric.java
9,external/storm-metrics/src/main/java/org/apache/storm/metrics/sigar/CPUMetric.java
9,external/storm-mongodb/src/main/java/org/apache/storm/mongodb/bolt/AbstractMongoBolt.java
9,external/storm-mongodb/src/main/java/org/apache/storm/mongodb/bolt/MongoInsertBolt.java
9,external/storm-mongodb/src/main/java/org/apache/storm/mongodb/bolt/MongoUpdateBolt.java
9,external/storm-mongodb/src/main/java/org/apache/storm/mongodb/common/MongoDBClient.java
9,external/storm-mongodb/src/main/java/org/apache/storm/mongodb/common/QueryFilterCreator.java
9,external/storm-mongodb/src/main/java/org/apache/storm/mongodb/common/SimpleQueryFilterCreator.java
9,external/storm-mongodb/src/main/java/org/apache/storm/mongodb/common/mapper/MongoMapper.java
9,external/storm-mongodb/src/main/java/org/apache/storm/mongodb/common/mapper/SimpleMongoMapper.java
9,external/storm-mongodb/src/main/java/org/apache/storm/mongodb/common/mapper/SimpleMongoUpdateMapper.java
9,external/storm-mongodb/src/main/java/org/apache/storm/mongodb/trident/state/MongoState.java
9,external/storm-mongodb/src/main/java/org/apache/storm/mongodb/trident/state/MongoStateFactory.java
9,external/storm-mongodb/src/main/java/org/apache/storm/mongodb/trident/state/MongoStateUpdater.java
9,external/storm-mqtt/core/src/main/java/org/apache/storm/mqtt/MqttLogger.java
9,external/storm-mqtt/core/src/main/java/org/apache/storm/mqtt/MqttMessage.java
9,external/storm-mqtt/core/src/main/java/org/apache/storm/mqtt/MqttMessageMapper.java
9,external/storm-mqtt/core/src/main/java/org/apache/storm/mqtt/MqttTupleMapper.java
9,external/storm-mqtt/core/src/main/java/org/apache/storm/mqtt/bolt/MqttBolt.java
9,external/storm-mqtt/core/src/main/java/org/apache/storm/mqtt/common/MqttOptions.java
9,external/storm-mqtt/core/src/main/java/org/apache/storm/mqtt/common/MqttPublisher.java
9,external/storm-mqtt/core/src/main/java/org/apache/storm/mqtt/common/MqttUtils.java
9,external/storm-mqtt/core/src/main/java/org/apache/storm/mqtt/common/SslUtils.java
9,external/storm-mqtt/core/src/main/java/org/apache/storm/mqtt/mappers/ByteArrayMessageMapper.java
9,external/storm-mqtt/core/src/main/java/org/apache/storm/mqtt/mappers/StringMessageMapper.java
9,external/storm-mqtt/core/src/main/java/org/apache/storm/mqtt/spout/AckableMessage.java
9,external/storm-mqtt/core/src/main/java/org/apache/storm/mqtt/spout/MqttSpout.java
9,external/storm-mqtt/core/src/main/java/org/apache/storm/mqtt/ssl/DefaultKeyStoreLoader.java
9,external/storm-mqtt/core/src/main/java/org/apache/storm/mqtt/ssl/KeyStoreLoader.java
9,external/storm-mqtt/core/src/main/java/org/apache/storm/mqtt/trident/MqttPublishFunction.java
9,external/storm-redis/src/main/java/org/apache/storm/redis/bolt/AbstractRedisBolt.java
9,external/storm-redis/src/main/java/org/apache/storm/redis/bolt/RedisLookupBolt.java
9,external/storm-redis/src/main/java/org/apache/storm/redis/bolt/RedisStoreBolt.java
9,external/storm-redis/src/main/java/org/apache/storm/redis/common/config/JedisClusterConfig.java
9,external/storm-redis/src/main/java/org/apache/storm/redis/common/config/JedisPoolConfig.java
9,external/storm-redis/src/main/java/org/apache/storm/redis/common/container/JedisClusterContainer.java
9,external/storm-redis/src/main/java/org/apache/storm/redis/common/container/JedisCommandsContainerBuilder.java
9,external/storm-redis/src/main/java/org/apache/storm/redis/common/container/JedisCommandsInstanceContainer.java
9,external/storm-redis/src/main/java/org/apache/storm/redis/common/container/JedisContainer.java
9,external/storm-redis/src/main/java/org/apache/storm/redis/common/mapper/RedisDataTypeDescription.java
9,external/storm-redis/src/main/java/org/apache/storm/redis/common/mapper/RedisLookupMapper.java
9,external/storm-redis/src/main/java/org/apache/storm/redis/common/mapper/RedisMapper.java
9,external/storm-redis/src/main/java/org/apache/storm/redis/common/mapper/RedisStoreMapper.java
9,external/storm-redis/src/main/java/org/apache/storm/redis/common/mapper/TupleMapper.java
9,external/storm-redis/src/main/java/org/apache/storm/redis/state/RedisKeyValueState.java
9,external/storm-redis/src/main/java/org/apache/storm/redis/state/RedisKeyValueStateProvider.java
9,external/storm-redis/src/main/java/org/apache/storm/redis/trident/state/AbstractRedisMapState.java
9,external/storm-redis/src/main/java/org/apache/storm/redis/trident/state/AbstractRedisStateQuerier.java
9,external/storm-redis/src/main/java/org/apache/storm/redis/trident/state/AbstractRedisStateUpdater.java
9,external/storm-redis/src/main/java/org/apache/storm/redis/trident/state/KeyFactory.java
9,external/storm-redis/src/main/java/org/apache/storm/redis/trident/state/Options.java
9,external/storm-redis/src/main/java/org/apache/storm/redis/trident/state/RedisClusterMapState.java
9,external/storm-redis/src/main/java/org/apache/storm/redis/trident/state/RedisClusterState.java
9,external/storm-redis/src/main/java/org/apache/storm/redis/trident/state/RedisClusterStateQuerier.java
9,external/storm-redis/src/main/java/org/apache/storm/redis/trident/state/RedisClusterStateUpdater.java
9,external/storm-redis/src/main/java/org/apache/storm/redis/trident/state/RedisMapState.java
9,external/storm-redis/src/main/java/org/apache/storm/redis/trident/state/RedisState.java
9,external/storm-redis/src/main/java/org/apache/storm/redis/trident/state/RedisStateQuerier.java
9,external/storm-redis/src/main/java/org/apache/storm/redis/trident/state/RedisStateUpdater.java
9,external/storm-solr/src/main/java/org/apache/storm/solr/bolt/SolrUpdateBolt.java
9,external/storm-solr/src/main/java/org/apache/storm/solr/config/CountBasedCommit.java
9,external/storm-solr/src/main/java/org/apache/storm/solr/config/SolrCommitStrategy.java
9,external/storm-solr/src/main/java/org/apache/storm/solr/config/SolrConfig.java
9,external/storm-solr/src/main/java/org/apache/storm/solr/mapper/SolrFieldsMapper.java
9,external/storm-solr/src/main/java/org/apache/storm/solr/mapper/SolrJsonMapper.java
9,external/storm-solr/src/main/java/org/apache/storm/solr/mapper/SolrMapper.java
9,external/storm-solr/src/main/java/org/apache/storm/solr/mapper/SolrMapperException.java
9,external/storm-solr/src/main/java/org/apache/storm/solr/schema/CopyField.java
9,external/storm-solr/src/main/java/org/apache/storm/solr/schema/Field.java
9,external/storm-solr/src/main/java/org/apache/storm/solr/schema/FieldType.java
9,external/storm-solr/src/main/java/org/apache/storm/solr/schema/Schema.java
9,external/storm-solr/src/main/java/org/apache/storm/solr/schema/SolrFieldTypeFinder.java
9,external/storm-solr/src/main/java/org/apache/storm/solr/schema/builder/RestJsonSchemaBuilder.java
9,external/storm-solr/src/main/java/org/apache/storm/solr/schema/builder/SchemaBuilder.java
9,external/storm-solr/src/main/java/org/apache/storm/solr/trident/SolrState.java
9,external/storm-solr/src/main/java/org/apache/storm/solr/trident/SolrStateFactory.java
9,external/storm-solr/src/main/java/org/apache/storm/solr/trident/SolrUpdater.java
9,storm-core/src/jvm/org/apache/storm/Config.java
9,storm-core/src/jvm/org/apache/storm/Constants.java
9,storm-core/src/jvm/org/apache/storm/ICredentialsListener.java
9,storm-core/src/jvm/org/apache/storm/ILocalCluster.java
9,storm-core/src/jvm/org/apache/storm/ILocalDRPC.java
9,storm-core/src/jvm/org/apache/storm/ISubmitterHook.java
9,storm-core/src/jvm/org/apache/storm/LogWriter.java
9,storm-core/src/jvm/org/apache/storm/StormSubmitter.java
9,storm-core/src/jvm/org/apache/storm/blobstore/AtomicOutputStream.java
9,storm-core/src/jvm/org/apache/storm/blobstore/BlobKeySequenceInfo.java
9,storm-core/src/jvm/org/apache/storm/blobstore/BlobStore.java
9,storm-core/src/jvm/org/apache/storm/blobstore/BlobStoreAclHandler.java
9,storm-core/src/jvm/org/apache/storm/blobstore/BlobStoreFile.java
9,storm-core/src/jvm/org/apache/storm/blobstore/BlobStoreUtils.java
9,storm-core/src/jvm/org/apache/storm/blobstore/BlobSynchronizer.java
9,storm-core/src/jvm/org/apache/storm/blobstore/ClientBlobStore.java
9,storm-core/src/jvm/org/apache/storm/blobstore/FileBlobStoreImpl.java
9,storm-core/src/jvm/org/apache/storm/blobstore/InputStreamWithMeta.java
9,storm-core/src/jvm/org/apache/storm/blobstore/KeyFilter.java
9,storm-core/src/jvm/org/apache/storm/blobstore/KeySequenceNumber.java
9,storm-core/src/jvm/org/apache/storm/blobstore/LocalFsBlobStore.java
9,storm-core/src/jvm/org/apache/storm/blobstore/LocalFsBlobStoreFile.java
9,storm-core/src/jvm/org/apache/storm/blobstore/NimbusBlobStore.java
9,storm-core/src/jvm/org/apache/storm/clojure/ClojureBolt.java
9,storm-core/src/jvm/org/apache/storm/clojure/ClojureSpout.java
9,storm-core/src/jvm/org/apache/storm/clojure/RichShellBolt.java
9,storm-core/src/jvm/org/apache/storm/clojure/RichShellSpout.java
9,storm-core/src/jvm/org/apache/storm/cluster/ClusterState.java
9,storm-core/src/jvm/org/apache/storm/cluster/ClusterStateContext.java
9,storm-core/src/jvm/org/apache/storm/cluster/ClusterStateFactory.java
9,storm-core/src/jvm/org/apache/storm/cluster/ClusterStateListener.java
9,storm-core/src/jvm/org/apache/storm/cluster/ConnectionState.java
9,storm-core/src/jvm/org/apache/storm/cluster/DaemonType.java
9,storm-core/src/jvm/org/apache/storm/coordination/BatchBoltExecutor.java
9,storm-core/src/jvm/org/apache/storm/coordination/BatchOutputCollector.java
9,storm-core/src/jvm/org/apache/storm/coordination/BatchOutputCollectorImpl.java
9,storm-core/src/jvm/org/apache/storm/coordination/BatchSubtopologyBuilder.java
9,storm-core/src/jvm/org/apache/storm/coordination/CoordinatedBolt.java
9,storm-core/src/jvm/org/apache/storm/coordination/IBatchBolt.java
9,storm-core/src/jvm/org/apache/storm/daemon/ClientJarTransformerRunner.java
9,storm-core/src/jvm/org/apache/storm/daemon/DirectoryCleaner.java
9,storm-core/src/jvm/org/apache/storm/daemon/JarTransformer.java
9,storm-core/src/jvm/org/apache/storm/daemon/Shutdownable.java
9,storm-core/src/jvm/org/apache/storm/daemon/metrics/MetricsUtils.java
9,storm-core/src/jvm/org/apache/storm/daemon/metrics/reporters/ConsolePreparableReporter.java
9,storm-core/src/jvm/org/apache/storm/daemon/metrics/reporters/CsvPreparableReporter.java
9,storm-core/src/jvm/org/apache/storm/daemon/metrics/reporters/JmxPreparableReporter.java
9,storm-core/src/jvm/org/apache/storm/daemon/metrics/reporters/PreparableReporter.java
9,storm-core/src/jvm/org/apache/storm/drpc/DRPCInvocationsClient.java
9,storm-core/src/jvm/org/apache/storm/drpc/DRPCSpout.java
9,storm-core/src/jvm/org/apache/storm/drpc/JoinResult.java
9,storm-core/src/jvm/org/apache/storm/drpc/KeyedFairBolt.java
9,storm-core/src/jvm/org/apache/storm/drpc/LinearDRPCInputDeclarer.java
9,storm-core/src/jvm/org/apache/storm/drpc/LinearDRPCTopologyBuilder.java
9,storm-core/src/jvm/org/apache/storm/drpc/PrepareRequest.java
9,storm-core/src/jvm/org/apache/storm/drpc/ReturnResults.java
9,storm-core/src/jvm/org/apache/storm/grouping/CustomStreamGrouping.java
9,storm-core/src/jvm/org/apache/storm/grouping/Load.java
9,storm-core/src/jvm/org/apache/storm/grouping/LoadAwareCustomStreamGrouping.java
9,storm-core/src/jvm/org/apache/storm/grouping/LoadAwareShuffleGrouping.java
9,storm-core/src/jvm/org/apache/storm/grouping/LoadMapping.java
9,storm-core/src/jvm/org/apache/storm/grouping/PartialKeyGrouping.java
9,storm-core/src/jvm/org/apache/storm/grouping/ShuffleGrouping.java
9,storm-core/src/jvm/org/apache/storm/hooks/BaseTaskHook.java
9,storm-core/src/jvm/org/apache/storm/hooks/BaseWorkerHook.java
9,storm-core/src/jvm/org/apache/storm/hooks/ITaskHook.java
9,storm-core/src/jvm/org/apache/storm/hooks/IWorkerHook.java
9,storm-core/src/jvm/org/apache/storm/hooks/info/BoltAckInfo.java
9,storm-core/src/jvm/org/apache/storm/hooks/info/BoltExecuteInfo.java
9,storm-core/src/jvm/org/apache/storm/hooks/info/BoltFailInfo.java
9,storm-core/src/jvm/org/apache/storm/hooks/info/EmitInfo.java
9,storm-core/src/jvm/org/apache/storm/hooks/info/SpoutAckInfo.java
9,storm-core/src/jvm/org/apache/storm/hooks/info/SpoutFailInfo.java
9,storm-core/src/jvm/org/apache/storm/localizer/LocalResource.java
9,storm-core/src/jvm/org/apache/storm/localizer/LocalizedResource.java
9,storm-core/src/jvm/org/apache/storm/localizer/LocalizedResourceRetentionSet.java
9,storm-core/src/jvm/org/apache/storm/localizer/LocalizedResourceSet.java
9,storm-core/src/jvm/org/apache/storm/localizer/Localizer.java
9,storm-core/src/jvm/org/apache/storm/logging/ThriftAccessLogger.java
9,storm-core/src/jvm/org/apache/storm/logging/filters/AccessLoggingFilter.java
9,storm-core/src/jvm/org/apache/storm/messaging/ConnectionWithStatus.java
9,storm-core/src/jvm/org/apache/storm/messaging/DeserializingConnectionCallback.java
9,storm-core/src/jvm/org/apache/storm/messaging/IConnection.java
9,storm-core/src/jvm/org/apache/storm/messaging/IConnectionCallback.java
9,storm-core/src/jvm/org/apache/storm/messaging/IContext.java
9,storm-core/src/jvm/org/apache/storm/messaging/TaskMessage.java
9,storm-core/src/jvm/org/apache/storm/messaging/TransportFactory.java
9,storm-core/src/jvm/org/apache/storm/messaging/local/Context.java
9,storm-core/src/jvm/org/apache/storm/messaging/netty/Client.java
9,storm-core/src/jvm/org/apache/storm/messaging/netty/Context.java
9,storm-core/src/jvm/org/apache/storm/messaging/netty/ControlMessage.java
9,storm-core/src/jvm/org/apache/storm/messaging/netty/INettySerializable.java
9,storm-core/src/jvm/org/apache/storm/messaging/netty/ISaslClient.java
9,storm-core/src/jvm/org/apache/storm/messaging/netty/ISaslServer.java
9,storm-core/src/jvm/org/apache/storm/messaging/netty/IServer.java
9,storm-core/src/jvm/org/apache/storm/messaging/netty/KerberosSaslClientHandler.java
9,storm-core/src/jvm/org/apache/storm/messaging/netty/KerberosSaslNettyClient.java
9,storm-core/src/jvm/org/apache/storm/messaging/netty/KerberosSaslNettyClientState.java
9,storm-core/src/jvm/org/apache/storm/messaging/netty/KerberosSaslNettyServer.java
9,storm-core/src/jvm/org/apache/storm/messaging/netty/KerberosSaslNettyServerState.java
9,storm-core/src/jvm/org/apache/storm/messaging/netty/KerberosSaslServerHandler.java
9,storm-core/src/jvm/org/apache/storm/messaging/netty/Login.java
9,storm-core/src/jvm/org/apache/storm/messaging/netty/MessageBatch.java
9,storm-core/src/jvm/org/apache/storm/messaging/netty/MessageBuffer.java
9,storm-core/src/jvm/org/apache/storm/messaging/netty/MessageDecoder.java
9,storm-core/src/jvm/org/apache/storm/messaging/netty/MessageEncoder.java
9,storm-core/src/jvm/org/apache/storm/messaging/netty/NettyRenameThreadFactory.java
9,storm-core/src/jvm/org/apache/storm/messaging/netty/NettyUncaughtExceptionHandler.java
9,storm-core/src/jvm/org/apache/storm/messaging/netty/SaslMessageToken.java
9,storm-core/src/jvm/org/apache/storm/messaging/netty/SaslNettyClient.java
9,storm-core/src/jvm/org/apache/storm/messaging/netty/SaslNettyClientState.java
9,storm-core/src/jvm/org/apache/storm/messaging/netty/SaslNettyServer.java
9,storm-core/src/jvm/org/apache/storm/messaging/netty/SaslNettyServerState.java
9,storm-core/src/jvm/org/apache/storm/messaging/netty/SaslStormClientHandler.java
9,storm-core/src/jvm/org/apache/storm/messaging/netty/SaslStormServerAuthorizeHandler.java
9,storm-core/src/jvm/org/apache/storm/messaging/netty/SaslStormServerHandler.java
9,storm-core/src/jvm/org/apache/storm/messaging/netty/SaslUtils.java
9,storm-core/src/jvm/org/apache/storm/messaging/netty/Server.java
9,storm-core/src/jvm/org/apache/storm/messaging/netty/StormClientHandler.java
9,storm-core/src/jvm/org/apache/storm/messaging/netty/StormClientPipelineFactory.java
9,storm-core/src/jvm/org/apache/storm/messaging/netty/StormServerHandler.java
9,storm-core/src/jvm/org/apache/storm/messaging/netty/StormServerPipelineFactory.java
9,storm-core/src/jvm/org/apache/storm/metric/EventLoggerBolt.java
9,storm-core/src/jvm/org/apache/storm/metric/FileBasedEventLogger.java
9,storm-core/src/jvm/org/apache/storm/metric/HttpForwardingMetricsConsumer.java
9,storm-core/src/jvm/org/apache/storm/metric/HttpForwardingMetricsServer.java
9,storm-core/src/jvm/org/apache/storm/metric/IEventLogger.java
9,storm-core/src/jvm/org/apache/storm/metric/LoggingMetricsConsumer.java
9,storm-core/src/jvm/org/apache/storm/metric/MetricsConsumerBolt.java
9,storm-core/src/jvm/org/apache/storm/metric/SystemBolt.java
9,storm-core/src/jvm/org/apache/storm/metric/api/AssignableMetric.java
9,storm-core/src/jvm/org/apache/storm/metric/api/CombinedMetric.java
9,storm-core/src/jvm/org/apache/storm/metric/api/CountMetric.java
9,storm-core/src/jvm/org/apache/storm/metric/api/ICombiner.java
9,storm-core/src/jvm/org/apache/storm/metric/api/IMetric.java
9,storm-core/src/jvm/org/apache/storm/metric/api/IMetricsConsumer.java
9,storm-core/src/jvm/org/apache/storm/metric/api/IReducer.java
9,storm-core/src/jvm/org/apache/storm/metric/api/IStatefulObject.java
9,storm-core/src/jvm/org/apache/storm/metric/api/MeanReducer.java
9,storm-core/src/jvm/org/apache/storm/metric/api/MultiCountMetric.java
9,storm-core/src/jvm/org/apache/storm/metric/api/MultiReducedMetric.java
9,storm-core/src/jvm/org/apache/storm/metric/api/ReducedMetric.java
9,storm-core/src/jvm/org/apache/storm/metric/api/StateMetric.java
9,storm-core/src/jvm/org/apache/storm/metric/api/rpc/AssignableShellMetric.java
9,storm-core/src/jvm/org/apache/storm/metric/api/rpc/CombinedShellMetric.java
9,storm-core/src/jvm/org/apache/storm/metric/api/rpc/CountShellMetric.java
9,storm-core/src/jvm/org/apache/storm/metric/api/rpc/IShellMetric.java
9,storm-core/src/jvm/org/apache/storm/metric/api/rpc/ReducedShellMetric.java
9,storm-core/src/jvm/org/apache/storm/metric/internal/CountStatAndMetric.java
9,storm-core/src/jvm/org/apache/storm/metric/internal/LatencyStatAndMetric.java
9,storm-core/src/jvm/org/apache/storm/metric/internal/MetricStatTimer.java
9,storm-core/src/jvm/org/apache/storm/metric/internal/MultiCountStatAndMetric.java
9,storm-core/src/jvm/org/apache/storm/metric/internal/MultiLatencyStatAndMetric.java
9,storm-core/src/jvm/org/apache/storm/metric/internal/RateTracker.java
9,storm-core/src/jvm/org/apache/storm/multilang/BoltMsg.java
9,storm-core/src/jvm/org/apache/storm/multilang/ISerializer.java
9,storm-core/src/jvm/org/apache/storm/multilang/JsonSerializer.java
9,storm-core/src/jvm/org/apache/storm/multilang/NoOutputException.java
9,storm-core/src/jvm/org/apache/storm/multilang/ShellMsg.java
9,storm-core/src/jvm/org/apache/storm/multilang/SpoutMsg.java
9,storm-core/src/jvm/org/apache/storm/networktopography/AbstractDNSToSwitchMapping.java
9,storm-core/src/jvm/org/apache/storm/networktopography/DNSToSwitchMapping.java
9,storm-core/src/jvm/org/apache/storm/networktopography/DefaultRackDNSToSwitchMapping.java
9,storm-core/src/jvm/org/apache/storm/nimbus/DefaultTopologyValidator.java
9,storm-core/src/jvm/org/apache/storm/nimbus/ILeaderElector.java
9,storm-core/src/jvm/org/apache/storm/nimbus/ITopologyActionNotifierPlugin.java
9,storm-core/src/jvm/org/apache/storm/nimbus/ITopologyValidator.java
9,storm-core/src/jvm/org/apache/storm/nimbus/NimbusInfo.java
9,storm-core/src/jvm/org/apache/storm/pacemaker/IServerMessageHandler.java
9,storm-core/src/jvm/org/apache/storm/pacemaker/PacemakerClient.java
9,storm-core/src/jvm/org/apache/storm/pacemaker/PacemakerClientHandler.java
9,storm-core/src/jvm/org/apache/storm/pacemaker/PacemakerServer.java
9,storm-core/src/jvm/org/apache/storm/pacemaker/codec/ThriftDecoder.java
9,storm-core/src/jvm/org/apache/storm/pacemaker/codec/ThriftEncoder.java
9,storm-core/src/jvm/org/apache/storm/pacemaker/codec/ThriftNettyClientCodec.java
9,storm-core/src/jvm/org/apache/storm/pacemaker/codec/ThriftNettyServerCodec.java
9,storm-core/src/jvm/org/apache/storm/planner/CompoundSpout.java
9,storm-core/src/jvm/org/apache/storm/planner/CompoundTask.java
9,storm-core/src/jvm/org/apache/storm/planner/TaskBundle.java
9,storm-core/src/jvm/org/apache/storm/scheduler/Cluster.java
9,storm-core/src/jvm/org/apache/storm/scheduler/ExecutorDetails.java
9,storm-core/src/jvm/org/apache/storm/scheduler/INimbus.java
9,storm-core/src/jvm/org/apache/storm/scheduler/IScheduler.java
9,storm-core/src/jvm/org/apache/storm/scheduler/ISupervisor.java
9,storm-core/src/jvm/org/apache/storm/scheduler/SchedulerAssignment.java
9,storm-core/src/jvm/org/apache/storm/scheduler/SchedulerAssignmentImpl.java
9,storm-core/src/jvm/org/apache/storm/scheduler/SupervisorDetails.java
9,storm-core/src/jvm/org/apache/storm/scheduler/Topologies.java
9,storm-core/src/jvm/org/apache/storm/scheduler/TopologyDetails.java
9,storm-core/src/jvm/org/apache/storm/scheduler/WorkerSlot.java
9,storm-core/src/jvm/org/apache/storm/scheduler/multitenant/DefaultPool.java
9,storm-core/src/jvm/org/apache/storm/scheduler/multitenant/FreePool.java
9,storm-core/src/jvm/org/apache/storm/scheduler/multitenant/IsolatedPool.java
9,storm-core/src/jvm/org/apache/storm/scheduler/multitenant/MultitenantScheduler.java
9,storm-core/src/jvm/org/apache/storm/scheduler/multitenant/Node.java
9,storm-core/src/jvm/org/apache/storm/scheduler/multitenant/NodePool.java
9,storm-core/src/jvm/org/apache/storm/scheduler/resource/Component.java
9,storm-core/src/jvm/org/apache/storm/scheduler/resource/RAS_Node.java
9,storm-core/src/jvm/org/apache/storm/scheduler/resource/RAS_Nodes.java
9,storm-core/src/jvm/org/apache/storm/scheduler/resource/ResourceAwareScheduler.java
9,storm-core/src/jvm/org/apache/storm/scheduler/resource/ResourceUtils.java
9,storm-core/src/jvm/org/apache/storm/scheduler/resource/SchedulingResult.java
9,storm-core/src/jvm/org/apache/storm/scheduler/resource/SchedulingState.java
9,storm-core/src/jvm/org/apache/storm/scheduler/resource/SchedulingStatus.java
9,storm-core/src/jvm/org/apache/storm/scheduler/resource/User.java
9,storm-core/src/jvm/org/apache/storm/scheduler/resource/strategies/eviction/DefaultEvictionStrategy.java
9,storm-core/src/jvm/org/apache/storm/scheduler/resource/strategies/eviction/IEvictionStrategy.java
9,storm-core/src/jvm/org/apache/storm/scheduler/resource/strategies/priority/DefaultSchedulingPriorityStrategy.java
9,storm-core/src/jvm/org/apache/storm/scheduler/resource/strategies/priority/ISchedulingPriorityStrategy.java
9,storm-core/src/jvm/org/apache/storm/scheduler/resource/strategies/scheduling/DefaultResourceAwareStrategy.java
9,storm-core/src/jvm/org/apache/storm/scheduler/resource/strategies/scheduling/IStrategy.java
9,storm-core/src/jvm/org/apache/storm/security/INimbusCredentialPlugin.java
9,storm-core/src/jvm/org/apache/storm/security/auth/AbstractSaslClientCallbackHandler.java
9,storm-core/src/jvm/org/apache/storm/security/auth/AbstractSaslServerCallbackHandler.java
9,storm-core/src/jvm/org/apache/storm/security/auth/AuthUtils.java
9,storm-core/src/jvm/org/apache/storm/security/auth/DefaultHttpCredentialsPlugin.java
9,storm-core/src/jvm/org/apache/storm/security/auth/DefaultPrincipalToLocal.java
9,storm-core/src/jvm/org/apache/storm/security/auth/IAuthorizer.java
9,storm-core/src/jvm/org/apache/storm/security/auth/IAutoCredentials.java
9,storm-core/src/jvm/org/apache/storm/security/auth/ICredentialsRenewer.java
9,storm-core/src/jvm/org/apache/storm/security/auth/IGroupMappingServiceProvider.java
9,storm-core/src/jvm/org/apache/storm/security/auth/IHttpCredentialsPlugin.java
9,storm-core/src/jvm/org/apache/storm/security/auth/IPrincipalToLocal.java
9,storm-core/src/jvm/org/apache/storm/security/auth/ITransportPlugin.java
9,storm-core/src/jvm/org/apache/storm/security/auth/KerberosPrincipalToLocal.java
9,storm-core/src/jvm/org/apache/storm/security/auth/NimbusPrincipal.java
9,storm-core/src/jvm/org/apache/storm/security/auth/ReqContext.java
9,storm-core/src/jvm/org/apache/storm/security/auth/SaslTransportPlugin.java
9,storm-core/src/jvm/org/apache/storm/security/auth/ShellBasedGroupsMapping.java
9,storm-core/src/jvm/org/apache/storm/security/auth/SimpleTransportPlugin.java
9,storm-core/src/jvm/org/apache/storm/security/auth/SingleUserPrincipal.java
9,storm-core/src/jvm/org/apache/storm/security/auth/TBackoffConnect.java
9,storm-core/src/jvm/org/apache/storm/security/auth/ThriftClient.java
9,storm-core/src/jvm/org/apache/storm/security/auth/ThriftConnectionType.java
9,storm-core/src/jvm/org/apache/storm/security/auth/ThriftServer.java
9,storm-core/src/jvm/org/apache/storm/security/auth/authorizer/DRPCAuthorizerBase.java
9,storm-core/src/jvm/org/apache/storm/security/auth/authorizer/DRPCSimpleACLAuthorizer.java
9,storm-core/src/jvm/org/apache/storm/security/auth/authorizer/DenyAuthorizer.java
9,storm-core/src/jvm/org/apache/storm/security/auth/authorizer/ImpersonationAuthorizer.java
9,storm-core/src/jvm/org/apache/storm/security/auth/authorizer/NoopAuthorizer.java
9,storm-core/src/jvm/org/apache/storm/security/auth/authorizer/SimpleACLAuthorizer.java
9,storm-core/src/jvm/org/apache/storm/security/auth/authorizer/SimpleWhitelistAuthorizer.java
9,storm-core/src/jvm/org/apache/storm/security/auth/digest/ClientCallbackHandler.java
9,storm-core/src/jvm/org/apache/storm/security/auth/digest/DigestSaslTransportPlugin.java
9,storm-core/src/jvm/org/apache/storm/security/auth/digest/ServerCallbackHandler.java
9,storm-core/src/jvm/org/apache/storm/security/auth/kerberos/AutoTGT.java
9,storm-core/src/jvm/org/apache/storm/security/auth/kerberos/AutoTGTKrb5LoginModule.java
9,storm-core/src/jvm/org/apache/storm/security/auth/kerberos/AutoTGTKrb5LoginModuleTest.java
9,storm-core/src/jvm/org/apache/storm/security/auth/kerberos/ClientCallbackHandler.java
9,storm-core/src/jvm/org/apache/storm/security/auth/kerberos/KerberosSaslTransportPlugin.java
9,storm-core/src/jvm/org/apache/storm/security/auth/kerberos/NoOpTTrasport.java
9,storm-core/src/jvm/org/apache/storm/security/auth/kerberos/ServerCallbackHandler.java
9,storm-core/src/jvm/org/apache/storm/security/auth/plain/PlainClientCallbackHandler.java
9,storm-core/src/jvm/org/apache/storm/security/auth/plain/PlainSaslTransportPlugin.java
9,storm-core/src/jvm/org/apache/storm/security/auth/plain/PlainServerCallbackHandler.java
9,storm-core/src/jvm/org/apache/storm/security/auth/plain/SaslPlainServer.java
9,storm-core/src/jvm/org/apache/storm/security/serialization/BlowfishTupleSerializer.java
9,storm-core/src/jvm/org/apache/storm/serialization/DefaultKryoFactory.java
9,storm-core/src/jvm/org/apache/storm/serialization/DefaultSerializationDelegate.java
9,storm-core/src/jvm/org/apache/storm/serialization/GzipBridgeSerializationDelegate.java
9,storm-core/src/jvm/org/apache/storm/serialization/GzipBridgeThriftSerializationDelegate.java
9,storm-core/src/jvm/org/apache/storm/serialization/GzipSerializationDelegate.java
9,storm-core/src/jvm/org/apache/storm/serialization/GzipThriftSerializationDelegate.java
9,storm-core/src/jvm/org/apache/storm/serialization/IKryoDecorator.java
9,storm-core/src/jvm/org/apache/storm/serialization/IKryoFactory.java
9,storm-core/src/jvm/org/apache/storm/serialization/ITupleDeserializer.java
9,storm-core/src/jvm/org/apache/storm/serialization/ITupleSerializer.java
9,storm-core/src/jvm/org/apache/storm/serialization/KryoTupleDeserializer.java
9,storm-core/src/jvm/org/apache/storm/serialization/KryoTupleSerializer.java
9,storm-core/src/jvm/org/apache/storm/serialization/KryoValuesDeserializer.java
9,storm-core/src/jvm/org/apache/storm/serialization/KryoValuesSerializer.java
9,storm-core/src/jvm/org/apache/storm/serialization/SerializableSerializer.java
9,storm-core/src/jvm/org/apache/storm/serialization/SerializationDelegate.java
9,storm-core/src/jvm/org/apache/storm/serialization/SerializationFactory.java
9,storm-core/src/jvm/org/apache/storm/serialization/ThriftSerializationDelegate.java
9,storm-core/src/jvm/org/apache/storm/serialization/types/ArrayListSerializer.java
9,storm-core/src/jvm/org/apache/storm/serialization/types/HashMapSerializer.java
9,storm-core/src/jvm/org/apache/storm/serialization/types/HashSetSerializer.java
9,storm-core/src/jvm/org/apache/storm/serialization/types/ListDelegateSerializer.java
9,storm-core/src/jvm/org/apache/storm/spout/CheckPointState.java
9,storm-core/src/jvm/org/apache/storm/spout/CheckpointSpout.java
9,storm-core/src/jvm/org/apache/storm/spout/IMultiSchemableSpout.java
9,storm-core/src/jvm/org/apache/storm/spout/ISchemableSpout.java
9,storm-core/src/jvm/org/apache/storm/spout/ISpout.java
9,storm-core/src/jvm/org/apache/storm/spout/ISpoutOutputCollector.java
9,storm-core/src/jvm/org/apache/storm/spout/ISpoutWaitStrategy.java
9,storm-core/src/jvm/org/apache/storm/spout/MultiScheme.java
9,storm-core/src/jvm/org/apache/storm/spout/NothingEmptyEmitStrategy.java
9,storm-core/src/jvm/org/apache/storm/spout/RawMultiScheme.java
9,storm-core/src/jvm/org/apache/storm/spout/RawScheme.java
9,storm-core/src/jvm/org/apache/storm/spout/Scheme.java
9,storm-core/src/jvm/org/apache/storm/spout/SchemeAsMultiScheme.java
9,storm-core/src/jvm/org/apache/storm/spout/ShellSpout.java
9,storm-core/src/jvm/org/apache/storm/spout/SleepSpoutWaitStrategy.java
9,storm-core/src/jvm/org/apache/storm/spout/SpoutOutputCollector.java
9,storm-core/src/jvm/org/apache/storm/state/DefaultStateSerializer.java
9,storm-core/src/jvm/org/apache/storm/state/IStateSpout.java
9,storm-core/src/jvm/org/apache/storm/state/IStateSpoutOutputCollector.java
9,storm-core/src/jvm/org/apache/storm/state/ISubscribedState.java
9,storm-core/src/jvm/org/apache/storm/state/ISynchronizeOutputCollector.java
9,storm-core/src/jvm/org/apache/storm/state/InMemoryKeyValueState.java
9,storm-core/src/jvm/org/apache/storm/state/InMemoryKeyValueStateProvider.java
9,storm-core/src/jvm/org/apache/storm/state/KeyValueState.java
9,storm-core/src/jvm/org/apache/storm/state/Serializer.java
9,storm-core/src/jvm/org/apache/storm/state/State.java
9,storm-core/src/jvm/org/apache/storm/state/StateFactory.java
9,storm-core/src/jvm/org/apache/storm/state/StateProvider.java
9,storm-core/src/jvm/org/apache/storm/state/StateSpoutOutputCollector.java
9,storm-core/src/jvm/org/apache/storm/state/SynchronizeOutputCollector.java
9,storm-core/src/jvm/org/apache/storm/task/GeneralTopologyContext.java
9,storm-core/src/jvm/org/apache/storm/task/IBolt.java
9,storm-core/src/jvm/org/apache/storm/task/IErrorReporter.java
9,storm-core/src/jvm/org/apache/storm/task/IMetricsContext.java
9,storm-core/src/jvm/org/apache/storm/task/IOutputCollector.java
9,storm-core/src/jvm/org/apache/storm/task/OutputCollector.java
9,storm-core/src/jvm/org/apache/storm/task/ShellBolt.java
9,storm-core/src/jvm/org/apache/storm/task/TopologyContext.java
9,storm-core/src/jvm/org/apache/storm/task/WorkerTopologyContext.java
9,storm-core/src/jvm/org/apache/storm/testing/AckFailDelegate.java
9,storm-core/src/jvm/org/apache/storm/testing/AckFailMapTracker.java
9,storm-core/src/jvm/org/apache/storm/testing/AckTracker.java
9,storm-core/src/jvm/org/apache/storm/testing/AlternateRackDNSToSwitchMapping.java
9,storm-core/src/jvm/org/apache/storm/testing/BatchNumberList.java
9,storm-core/src/jvm/org/apache/storm/testing/BatchProcessWord.java
9,storm-core/src/jvm/org/apache/storm/testing/BatchRepeatA.java
9,storm-core/src/jvm/org/apache/storm/testing/BoltTracker.java
9,storm-core/src/jvm/org/apache/storm/testing/CompleteTopologyParam.java
9,storm-core/src/jvm/org/apache/storm/testing/CountingBatchBolt.java
9,storm-core/src/jvm/org/apache/storm/testing/CountingCommitBolt.java
9,storm-core/src/jvm/org/apache/storm/testing/FeederSpout.java
9,storm-core/src/jvm/org/apache/storm/testing/FixedTuple.java
9,storm-core/src/jvm/org/apache/storm/testing/FixedTupleSpout.java
9,storm-core/src/jvm/org/apache/storm/testing/ForwardingMetricsConsumer.java
9,storm-core/src/jvm/org/apache/storm/testing/IdentityBolt.java
9,storm-core/src/jvm/org/apache/storm/testing/IntegrationTest.java
9,storm-core/src/jvm/org/apache/storm/testing/KeyedCountingBatchBolt.java
9,storm-core/src/jvm/org/apache/storm/testing/KeyedCountingCommitterBolt.java
9,storm-core/src/jvm/org/apache/storm/testing/KeyedSummingBatchBolt.java
9,storm-core/src/jvm/org/apache/storm/testing/MemoryTransactionalSpout.java
9,storm-core/src/jvm/org/apache/storm/testing/MemoryTransactionalSpoutMeta.java
9,storm-core/src/jvm/org/apache/storm/testing/MkClusterParam.java
9,storm-core/src/jvm/org/apache/storm/testing/MkTupleParam.java
9,storm-core/src/jvm/org/apache/storm/testing/MockedSources.java
9,storm-core/src/jvm/org/apache/storm/testing/NGrouping.java
9,storm-core/src/jvm/org/apache/storm/testing/NonRichBoltTracker.java
9,storm-core/src/jvm/org/apache/storm/testing/OpaqueMemoryTransactionalSpout.java
9,storm-core/src/jvm/org/apache/storm/testing/PrepareBatchBolt.java
9,storm-core/src/jvm/org/apache/storm/testing/PythonShellMetricsBolt.java
9,storm-core/src/jvm/org/apache/storm/testing/PythonShellMetricsSpout.java
9,storm-core/src/jvm/org/apache/storm/testing/SingleUserSimpleTransport.java
9,storm-core/src/jvm/org/apache/storm/testing/SpoutTracker.java
9,storm-core/src/jvm/org/apache/storm/testing/TestAggregatesCounter.java
9,storm-core/src/jvm/org/apache/storm/testing/TestConfBolt.java
9,storm-core/src/jvm/org/apache/storm/testing/TestEventLogSpout.java
9,storm-core/src/jvm/org/apache/storm/testing/TestEventOrderCheckBolt.java
9,storm-core/src/jvm/org/apache/storm/testing/TestGlobalCount.java
9,storm-core/src/jvm/org/apache/storm/testing/TestJob.java
9,storm-core/src/jvm/org/apache/storm/testing/TestKryoDecorator.java
9,storm-core/src/jvm/org/apache/storm/testing/TestPlannerBolt.java
9,storm-core/src/jvm/org/apache/storm/testing/TestPlannerSpout.java
9,storm-core/src/jvm/org/apache/storm/testing/TestSerObject.java
9,storm-core/src/jvm/org/apache/storm/testing/TestWordBytesCounter.java
9,storm-core/src/jvm/org/apache/storm/testing/TestWordCounter.java
9,storm-core/src/jvm/org/apache/storm/testing/TestWordSpout.java
9,storm-core/src/jvm/org/apache/storm/testing/TrackedTopology.java
9,storm-core/src/jvm/org/apache/storm/testing/TupleCaptureBolt.java
9,storm-core/src/jvm/org/apache/storm/topology/BaseConfigurationDeclarer.java
9,storm-core/src/jvm/org/apache/storm/topology/BaseStatefulBoltExecutor.java
9,storm-core/src/jvm/org/apache/storm/topology/BasicBoltExecutor.java
9,storm-core/src/jvm/org/apache/storm/topology/BasicOutputCollector.java
9,storm-core/src/jvm/org/apache/storm/topology/BoltDeclarer.java
9,storm-core/src/jvm/org/apache/storm/topology/CheckpointTupleForwarder.java
9,storm-core/src/jvm/org/apache/storm/topology/ComponentConfigurationDeclarer.java
9,storm-core/src/jvm/org/apache/storm/topology/FailedException.java
9,storm-core/src/jvm/org/apache/storm/topology/IBasicBolt.java
9,storm-core/src/jvm/org/apache/storm/topology/IBasicOutputCollector.java
9,storm-core/src/jvm/org/apache/storm/topology/IComponent.java
9,storm-core/src/jvm/org/apache/storm/topology/IRichBolt.java
9,storm-core/src/jvm/org/apache/storm/topology/IRichSpout.java
9,storm-core/src/jvm/org/apache/storm/topology/IRichStateSpout.java
9,storm-core/src/jvm/org/apache/storm/topology/IStatefulBolt.java
9,storm-core/src/jvm/org/apache/storm/topology/IStatefulComponent.java
9,storm-core/src/jvm/org/apache/storm/topology/IStatefulWindowedBolt.java
9,storm-core/src/jvm/org/apache/storm/topology/IWindowedBolt.java
9,storm-core/src/jvm/org/apache/storm/topology/InputDeclarer.java
9,storm-core/src/jvm/org/apache/storm/topology/OutputFieldsDeclarer.java
9,storm-core/src/jvm/org/apache/storm/topology/OutputFieldsGetter.java
9,storm-core/src/jvm/org/apache/storm/topology/ReportedFailedException.java
9,storm-core/src/jvm/org/apache/storm/topology/ResourceDeclarer.java
9,storm-core/src/jvm/org/apache/storm/topology/SpoutDeclarer.java
9,storm-core/src/jvm/org/apache/storm/topology/StatefulBoltExecutor.java
9,storm-core/src/jvm/org/apache/storm/topology/StatefulWindowedBoltExecutor.java
9,storm-core/src/jvm/org/apache/storm/topology/TopologyBuilder.java
9,storm-core/src/jvm/org/apache/storm/topology/WindowedBoltExecutor.java
9,storm-core/src/jvm/org/apache/storm/topology/base/BaseBasicBolt.java
9,storm-core/src/jvm/org/apache/storm/topology/base/BaseBatchBolt.java
9,storm-core/src/jvm/org/apache/storm/topology/base/BaseComponent.java
9,storm-core/src/jvm/org/apache/storm/topology/base/BaseOpaquePartitionedTransactionalSpout.java
9,storm-core/src/jvm/org/apache/storm/topology/base/BasePartitionedTransactionalSpout.java
9,storm-core/src/jvm/org/apache/storm/topology/base/BaseRichBolt.java
9,storm-core/src/jvm/org/apache/storm/topology/base/BaseRichSpout.java
9,storm-core/src/jvm/org/apache/storm/topology/base/BaseStatefulBolt.java
9,storm-core/src/jvm/org/apache/storm/topology/base/BaseStatefulWindowedBolt.java
9,storm-core/src/jvm/org/apache/storm/topology/base/BaseTransactionalBolt.java
9,storm-core/src/jvm/org/apache/storm/topology/base/BaseTransactionalSpout.java
9,storm-core/src/jvm/org/apache/storm/topology/base/BaseWindowedBolt.java
9,storm-core/src/jvm/org/apache/storm/transactional/ICommitter.java
9,storm-core/src/jvm/org/apache/storm/transactional/ICommitterTransactionalSpout.java
9,storm-core/src/jvm/org/apache/storm/transactional/ITransactionalSpout.java
9,storm-core/src/jvm/org/apache/storm/transactional/TransactionAttempt.java
9,storm-core/src/jvm/org/apache/storm/transactional/TransactionalSpoutBatchExecutor.java
9,storm-core/src/jvm/org/apache/storm/transactional/TransactionalSpoutCoordinator.java
9,storm-core/src/jvm/org/apache/storm/transactional/TransactionalTopologyBuilder.java
9,storm-core/src/jvm/org/apache/storm/transactional/partitioned/IOpaquePartitionedTransactionalSpout.java
9,storm-core/src/jvm/org/apache/storm/transactional/partitioned/IPartitionedTransactionalSpout.java
9,storm-core/src/jvm/org/apache/storm/transactional/partitioned/OpaquePartitionedTransactionalSpoutExecutor.java
9,storm-core/src/jvm/org/apache/storm/transactional/partitioned/PartitionedTransactionalSpoutExecutor.java
9,storm-core/src/jvm/org/apache/storm/transactional/state/RotatingTransactionalState.java
9,storm-core/src/jvm/org/apache/storm/transactional/state/TestTransactionalState.java
9,storm-core/src/jvm/org/apache/storm/transactional/state/TransactionalState.java
9,storm-core/src/jvm/org/apache/storm/trident/JoinType.java
9,storm-core/src/jvm/org/apache/storm/trident/Stream.java
9,storm-core/src/jvm/org/apache/storm/trident/TridentState.java
9,storm-core/src/jvm/org/apache/storm/trident/TridentTopology.java
9,storm-core/src/jvm/org/apache/storm/trident/drpc/ReturnResultsReducer.java
9,storm-core/src/jvm/org/apache/storm/trident/fluent/ChainedAggregatorDeclarer.java
9,storm-core/src/jvm/org/apache/storm/trident/fluent/ChainedFullAggregatorDeclarer.java
9,storm-core/src/jvm/org/apache/storm/trident/fluent/ChainedPartitionAggregatorDeclarer.java
9,storm-core/src/jvm/org/apache/storm/trident/fluent/GlobalAggregationScheme.java
9,storm-core/src/jvm/org/apache/storm/trident/fluent/GroupedStream.java
9,storm-core/src/jvm/org/apache/storm/trident/fluent/IAggregatableStream.java
9,storm-core/src/jvm/org/apache/storm/trident/fluent/IChainedAggregatorDeclarer.java
9,storm-core/src/jvm/org/apache/storm/trident/fluent/UniqueIdGen.java
9,storm-core/src/jvm/org/apache/storm/trident/graph/GraphGrouper.java
9,storm-core/src/jvm/org/apache/storm/trident/graph/Group.java
9,storm-core/src/jvm/org/apache/storm/trident/operation/Aggregator.java
9,storm-core/src/jvm/org/apache/storm/trident/operation/Assembly.java
9,storm-core/src/jvm/org/apache/storm/trident/operation/BaseAggregator.java
9,storm-core/src/jvm/org/apache/storm/trident/operation/BaseFilter.java
9,storm-core/src/jvm/org/apache/storm/trident/operation/BaseFunction.java
9,storm-core/src/jvm/org/apache/storm/trident/operation/BaseMultiReducer.java
9,storm-core/src/jvm/org/apache/storm/trident/operation/BaseOperation.java
9,storm-core/src/jvm/org/apache/storm/trident/operation/CombinerAggregator.java
9,storm-core/src/jvm/org/apache/storm/trident/operation/Consumer.java
9,storm-core/src/jvm/org/apache/storm/trident/operation/DefaultResourceDeclarer.java
9,storm-core/src/jvm/org/apache/storm/trident/operation/EachOperation.java
9,storm-core/src/jvm/org/apache/storm/trident/operation/Filter.java
9,storm-core/src/jvm/org/apache/storm/trident/operation/FlatMapFunction.java
9,storm-core/src/jvm/org/apache/storm/trident/operation/Function.java
9,storm-core/src/jvm/org/apache/storm/trident/operation/GroupedMultiReducer.java
9,storm-core/src/jvm/org/apache/storm/trident/operation/ITridentResource.java
9,storm-core/src/jvm/org/apache/storm/trident/operation/MapFunction.java
9,storm-core/src/jvm/org/apache/storm/trident/operation/MultiReducer.java
9,storm-core/src/jvm/org/apache/storm/trident/operation/Operation.java
9,storm-core/src/jvm/org/apache/storm/trident/operation/ReducerAggregator.java
9,storm-core/src/jvm/org/apache/storm/trident/operation/TridentCollector.java
9,storm-core/src/jvm/org/apache/storm/trident/operation/TridentMultiReducerContext.java
9,storm-core/src/jvm/org/apache/storm/trident/operation/TridentOperationContext.java
9,storm-core/src/jvm/org/apache/storm/trident/operation/builtin/ComparisonAggregator.java
9,storm-core/src/jvm/org/apache/storm/trident/operation/builtin/Count.java
9,storm-core/src/jvm/org/apache/storm/trident/operation/builtin/Debug.java
9,storm-core/src/jvm/org/apache/storm/trident/operation/builtin/Equals.java
9,storm-core/src/jvm/org/apache/storm/trident/operation/builtin/FilterNull.java
9,storm-core/src/jvm/org/apache/storm/trident/operation/builtin/FirstN.java
9,storm-core/src/jvm/org/apache/storm/trident/operation/builtin/MapGet.java
9,storm-core/src/jvm/org/apache/storm/trident/operation/builtin/Max.java
9,storm-core/src/jvm/org/apache/storm/trident/operation/builtin/MaxWithComparator.java
9,storm-core/src/jvm/org/apache/storm/trident/operation/builtin/Min.java
9,storm-core/src/jvm/org/apache/storm/trident/operation/builtin/MinWithComparator.java
9,storm-core/src/jvm/org/apache/storm/trident/operation/builtin/Negate.java
9,storm-core/src/jvm/org/apache/storm/trident/operation/builtin/SnapshotGet.java
9,storm-core/src/jvm/org/apache/storm/trident/operation/builtin/Sum.java
9,storm-core/src/jvm/org/apache/storm/trident/operation/builtin/TupleCollectionGet.java
9,storm-core/src/jvm/org/apache/storm/trident/operation/impl/CaptureCollector.java
9,storm-core/src/jvm/org/apache/storm/trident/operation/impl/ChainedAggregatorImpl.java
9,storm-core/src/jvm/org/apache/storm/trident/operation/impl/ChainedResult.java
9,storm-core/src/jvm/org/apache/storm/trident/operation/impl/CombinerAggStateUpdater.java
9,storm-core/src/jvm/org/apache/storm/trident/operation/impl/CombinerAggregatorCombineImpl.java
9,storm-core/src/jvm/org/apache/storm/trident/operation/impl/CombinerAggregatorInitImpl.java
9,storm-core/src/jvm/org/apache/storm/trident/operation/impl/ConsumerExecutor.java
9,storm-core/src/jvm/org/apache/storm/trident/operation/impl/FilterExecutor.java
9,storm-core/src/jvm/org/apache/storm/trident/operation/impl/FlatMapFunctionExecutor.java
9,storm-core/src/jvm/org/apache/storm/trident/operation/impl/GlobalBatchToPartition.java
9,storm-core/src/jvm/org/apache/storm/trident/operation/impl/GroupCollector.java
9,storm-core/src/jvm/org/apache/storm/trident/operation/impl/GroupedAggregator.java
9,storm-core/src/jvm/org/apache/storm/trident/operation/impl/GroupedMultiReducerExecutor.java
9,storm-core/src/jvm/org/apache/storm/trident/operation/impl/IdentityMultiReducer.java
9,storm-core/src/jvm/org/apache/storm/trident/operation/impl/IndexHashBatchToPartition.java
9,storm-core/src/jvm/org/apache/storm/trident/operation/impl/JoinerMultiReducer.java
9,storm-core/src/jvm/org/apache/storm/trident/operation/impl/MapFunctionExecutor.java
9,storm-core/src/jvm/org/apache/storm/trident/operation/impl/ReducerAggStateUpdater.java
9,storm-core/src/jvm/org/apache/storm/trident/operation/impl/ReducerAggregatorImpl.java
9,storm-core/src/jvm/org/apache/storm/trident/operation/impl/Result.java
9,storm-core/src/jvm/org/apache/storm/trident/operation/impl/SingleEmitAggregator.java
9,storm-core/src/jvm/org/apache/storm/trident/operation/impl/TrueFilter.java
9,storm-core/src/jvm/org/apache/storm/trident/partition/GlobalGrouping.java
9,storm-core/src/jvm/org/apache/storm/trident/partition/IdentityGrouping.java
9,storm-core/src/jvm/org/apache/storm/trident/partition/IndexHashGrouping.java
9,storm-core/src/jvm/org/apache/storm/trident/planner/BridgeReceiver.java
9,storm-core/src/jvm/org/apache/storm/trident/planner/Node.java
9,storm-core/src/jvm/org/apache/storm/trident/planner/NodeStateInfo.java
9,storm-core/src/jvm/org/apache/storm/trident/planner/PartitionNode.java
9,storm-core/src/jvm/org/apache/storm/trident/planner/ProcessorContext.java
9,storm-core/src/jvm/org/apache/storm/trident/planner/ProcessorNode.java
9,storm-core/src/jvm/org/apache/storm/trident/planner/SpoutNode.java
9,storm-core/src/jvm/org/apache/storm/trident/planner/SubtopologyBolt.java
9,storm-core/src/jvm/org/apache/storm/trident/planner/TridentProcessor.java
9,storm-core/src/jvm/org/apache/storm/trident/planner/TupleReceiver.java
9,storm-core/src/jvm/org/apache/storm/trident/planner/processor/AggregateProcessor.java
9,storm-core/src/jvm/org/apache/storm/trident/planner/processor/AppendCollector.java
9,storm-core/src/jvm/org/apache/storm/trident/planner/processor/EachProcessor.java
9,storm-core/src/jvm/org/apache/storm/trident/planner/processor/FreshCollector.java
9,storm-core/src/jvm/org/apache/storm/trident/planner/processor/MapProcessor.java
9,storm-core/src/jvm/org/apache/storm/trident/planner/processor/MultiReducerProcessor.java
9,storm-core/src/jvm/org/apache/storm/trident/planner/processor/PartitionPersistProcessor.java
9,storm-core/src/jvm/org/apache/storm/trident/planner/processor/ProjectedProcessor.java
9,storm-core/src/jvm/org/apache/storm/trident/planner/processor/StateQueryProcessor.java
9,storm-core/src/jvm/org/apache/storm/trident/planner/processor/TridentContext.java
9,storm-core/src/jvm/org/apache/storm/trident/spout/BatchSpoutExecutor.java
9,storm-core/src/jvm/org/apache/storm/trident/spout/IBatchID.java
9,storm-core/src/jvm/org/apache/storm/trident/spout/IBatchSpout.java
9,storm-core/src/jvm/org/apache/storm/trident/spout/ICommitterTridentSpout.java
9,storm-core/src/jvm/org/apache/storm/trident/spout/IOpaquePartitionedTridentSpout.java
9,storm-core/src/jvm/org/apache/storm/trident/spout/IPartitionedTridentSpout.java
9,storm-core/src/jvm/org/apache/storm/trident/spout/ISpoutPartition.java
9,storm-core/src/jvm/org/apache/storm/trident/spout/ITridentDataSource.java
9,storm-core/src/jvm/org/apache/storm/trident/spout/ITridentSpout.java
9,storm-core/src/jvm/org/apache/storm/trident/spout/OpaquePartitionedTridentSpoutExecutor.java
9,storm-core/src/jvm/org/apache/storm/trident/spout/PartitionedTridentSpoutExecutor.java
9,storm-core/src/jvm/org/apache/storm/trident/spout/RichSpoutBatchExecutor.java
9,storm-core/src/jvm/org/apache/storm/trident/spout/RichSpoutBatchId.java
9,storm-core/src/jvm/org/apache/storm/trident/spout/RichSpoutBatchIdSerializer.java
9,storm-core/src/jvm/org/apache/storm/trident/spout/RichSpoutBatchTriggerer.java
9,storm-core/src/jvm/org/apache/storm/trident/spout/TridentSpoutCoordinator.java
9,storm-core/src/jvm/org/apache/storm/trident/spout/TridentSpoutExecutor.java
9,storm-core/src/jvm/org/apache/storm/trident/state/BaseQueryFunction.java
9,storm-core/src/jvm/org/apache/storm/trident/state/BaseStateUpdater.java
9,storm-core/src/jvm/org/apache/storm/trident/state/CombinerValueUpdater.java
9,storm-core/src/jvm/org/apache/storm/trident/state/ITupleCollection.java
9,storm-core/src/jvm/org/apache/storm/trident/state/JSONNonTransactionalSerializer.java
9,storm-core/src/jvm/org/apache/storm/trident/state/JSONOpaqueSerializer.java
9,storm-core/src/jvm/org/apache/storm/trident/state/JSONTransactionalSerializer.java
9,storm-core/src/jvm/org/apache/storm/trident/state/OpaqueValue.java
9,storm-core/src/jvm/org/apache/storm/trident/state/QueryFunction.java
9,storm-core/src/jvm/org/apache/storm/trident/state/ReadOnlyState.java
9,storm-core/src/jvm/org/apache/storm/trident/state/ReducerValueUpdater.java
9,storm-core/src/jvm/org/apache/storm/trident/state/Serializer.java
9,storm-core/src/jvm/org/apache/storm/trident/state/State.java
9,storm-core/src/jvm/org/apache/storm/trident/state/StateFactory.java
9,storm-core/src/jvm/org/apache/storm/trident/state/StateSpec.java
9,storm-core/src/jvm/org/apache/storm/trident/state/StateType.java
9,storm-core/src/jvm/org/apache/storm/trident/state/StateUpdater.java
9,storm-core/src/jvm/org/apache/storm/trident/state/TransactionalValue.java
9,storm-core/src/jvm/org/apache/storm/trident/state/ValueUpdater.java
9,storm-core/src/jvm/org/apache/storm/trident/state/map/CachedBatchReadsMap.java
9,storm-core/src/jvm/org/apache/storm/trident/state/map/CachedMap.java
9,storm-core/src/jvm/org/apache/storm/trident/state/map/IBackingMap.java
9,storm-core/src/jvm/org/apache/storm/trident/state/map/MapCombinerAggStateUpdater.java
9,storm-core/src/jvm/org/apache/storm/trident/state/map/MapReducerAggStateUpdater.java
9,storm-core/src/jvm/org/apache/storm/trident/state/map/MapState.java
9,storm-core/src/jvm/org/apache/storm/trident/state/map/MicroBatchIBackingMap.java
9,storm-core/src/jvm/org/apache/storm/trident/state/map/NonTransactionalMap.java
9,storm-core/src/jvm/org/apache/storm/trident/state/map/OpaqueMap.java
9,storm-core/src/jvm/org/apache/storm/trident/state/map/ReadOnlyMapState.java
9,storm-core/src/jvm/org/apache/storm/trident/state/map/RemovableMapState.java
9,storm-core/src/jvm/org/apache/storm/trident/state/map/SnapshottableMap.java
9,storm-core/src/jvm/org/apache/storm/trident/state/map/TransactionalMap.java
9,storm-core/src/jvm/org/apache/storm/trident/state/snapshot/ReadOnlySnapshottable.java
9,storm-core/src/jvm/org/apache/storm/trident/state/snapshot/Snapshottable.java
9,storm-core/src/jvm/org/apache/storm/trident/testing/CountAsAggregator.java
9,storm-core/src/jvm/org/apache/storm/trident/testing/FeederBatchSpout.java
9,storm-core/src/jvm/org/apache/storm/trident/testing/FeederCommitterBatchSpout.java
9,storm-core/src/jvm/org/apache/storm/trident/testing/FixedBatchSpout.java
9,storm-core/src/jvm/org/apache/storm/trident/testing/IFeeder.java
9,storm-core/src/jvm/org/apache/storm/trident/testing/LRUMemoryMapState.java
9,storm-core/src/jvm/org/apache/storm/trident/testing/MemoryBackingMap.java
9,storm-core/src/jvm/org/apache/storm/trident/testing/MemoryMapState.java
9,storm-core/src/jvm/org/apache/storm/trident/testing/Split.java
9,storm-core/src/jvm/org/apache/storm/trident/testing/StringLength.java
9,storm-core/src/jvm/org/apache/storm/trident/testing/TrueFilter.java
9,storm-core/src/jvm/org/apache/storm/trident/testing/TuplifyArgs.java
9,storm-core/src/jvm/org/apache/storm/trident/topology/BatchInfo.java
9,storm-core/src/jvm/org/apache/storm/trident/topology/ITridentBatchBolt.java
9,storm-core/src/jvm/org/apache/storm/trident/topology/MasterBatchCoordinator.java
9,storm-core/src/jvm/org/apache/storm/trident/topology/TransactionAttempt.java
9,storm-core/src/jvm/org/apache/storm/trident/topology/TridentBoltExecutor.java
9,storm-core/src/jvm/org/apache/storm/trident/topology/TridentTopologyBuilder.java
9,storm-core/src/jvm/org/apache/storm/trident/topology/state/RotatingTransactionalState.java
9,storm-core/src/jvm/org/apache/storm/trident/topology/state/TestTransactionalState.java
9,storm-core/src/jvm/org/apache/storm/trident/topology/state/TransactionalState.java
9,storm-core/src/jvm/org/apache/storm/trident/tuple/ComboList.java
9,storm-core/src/jvm/org/apache/storm/trident/tuple/ConsList.java
9,storm-core/src/jvm/org/apache/storm/trident/tuple/TridentTuple.java
9,storm-core/src/jvm/org/apache/storm/trident/tuple/TridentTupleView.java
9,storm-core/src/jvm/org/apache/storm/trident/tuple/ValuePointer.java
9,storm-core/src/jvm/org/apache/storm/trident/util/ErrorEdgeFactory.java
9,storm-core/src/jvm/org/apache/storm/trident/util/IndexedEdge.java
9,storm-core/src/jvm/org/apache/storm/trident/util/LRUMap.java
9,storm-core/src/jvm/org/apache/storm/trident/util/TridentUtils.java
9,storm-core/src/jvm/org/apache/storm/trident/windowing/AbstractTridentWindowManager.java
9,storm-core/src/jvm/org/apache/storm/trident/windowing/ITridentWindowManager.java
9,storm-core/src/jvm/org/apache/storm/trident/windowing/InMemoryTridentWindowManager.java
9,storm-core/src/jvm/org/apache/storm/trident/windowing/InMemoryWindowsStore.java
9,storm-core/src/jvm/org/apache/storm/trident/windowing/InMemoryWindowsStoreFactory.java
9,storm-core/src/jvm/org/apache/storm/trident/windowing/StoreBasedTridentWindowManager.java
9,storm-core/src/jvm/org/apache/storm/trident/windowing/TridentBatchTuple.java
9,storm-core/src/jvm/org/apache/storm/trident/windowing/WindowKryoSerializer.java
9,storm-core/src/jvm/org/apache/storm/trident/windowing/WindowTridentProcessor.java
9,storm-core/src/jvm/org/apache/storm/trident/windowing/WindowsState.java
9,storm-core/src/jvm/org/apache/storm/trident/windowing/WindowsStateFactory.java
9,storm-core/src/jvm/org/apache/storm/trident/windowing/WindowsStateUpdater.java
9,storm-core/src/jvm/org/apache/storm/trident/windowing/WindowsStore.java
9,storm-core/src/jvm/org/apache/storm/trident/windowing/WindowsStoreFactory.java
9,storm-core/src/jvm/org/apache/storm/trident/windowing/config/BaseWindowConfig.java
9,storm-core/src/jvm/org/apache/storm/trident/windowing/config/SlidingCountWindow.java
9,storm-core/src/jvm/org/apache/storm/trident/windowing/config/SlidingDurationWindow.java
9,storm-core/src/jvm/org/apache/storm/trident/windowing/config/TumblingCountWindow.java
9,storm-core/src/jvm/org/apache/storm/trident/windowing/config/TumblingDurationWindow.java
9,storm-core/src/jvm/org/apache/storm/trident/windowing/config/WindowConfig.java
9,storm-core/src/jvm/org/apache/storm/trident/windowing/strategy/BaseWindowStrategy.java
9,storm-core/src/jvm/org/apache/storm/trident/windowing/strategy/SlidingCountWindowStrategy.java
9,storm-core/src/jvm/org/apache/storm/trident/windowing/strategy/SlidingDurationWindowStrategy.java
9,storm-core/src/jvm/org/apache/storm/trident/windowing/strategy/TumblingCountWindowStrategy.java
9,storm-core/src/jvm/org/apache/storm/trident/windowing/strategy/TumblingDurationWindowStrategy.java
9,storm-core/src/jvm/org/apache/storm/trident/windowing/strategy/WindowStrategy.java
9,storm-core/src/jvm/org/apache/storm/tuple/AddressedTuple.java
9,storm-core/src/jvm/org/apache/storm/tuple/Fields.java
9,storm-core/src/jvm/org/apache/storm/tuple/ITuple.java
9,storm-core/src/jvm/org/apache/storm/tuple/MessageId.java
9,storm-core/src/jvm/org/apache/storm/tuple/Tuple.java
9,storm-core/src/jvm/org/apache/storm/tuple/TupleImpl.java
9,storm-core/src/jvm/org/apache/storm/tuple/Values.java
9,storm-core/src/jvm/org/apache/storm/ui/InvalidRequestException.java
9,storm-core/src/jvm/org/apache/storm/utils/BufferFileInputStream.java
9,storm-core/src/jvm/org/apache/storm/utils/BufferInputStream.java
9,storm-core/src/jvm/org/apache/storm/utils/CRC32OutputStream.java
9,storm-core/src/jvm/org/apache/storm/utils/ClojureTimerTask.java
9,storm-core/src/jvm/org/apache/storm/utils/Container.java
9,storm-core/src/jvm/org/apache/storm/utils/DRPCClient.java
9,storm-core/src/jvm/org/apache/storm/utils/DisruptorBackpressureCallback.java
9,storm-core/src/jvm/org/apache/storm/utils/DisruptorQueue.java
9,storm-core/src/jvm/org/apache/storm/utils/ExtendedThreadPoolExecutor.java
9,storm-core/src/jvm/org/apache/storm/utils/IndifferentAccessMap.java
9,storm-core/src/jvm/org/apache/storm/utils/InprocMessaging.java
9,storm-core/src/jvm/org/apache/storm/utils/KeyedRoundRobinQueue.java
9,storm-core/src/jvm/org/apache/storm/utils/ListDelegate.java
9,storm-core/src/jvm/org/apache/storm/utils/LocalState.java
9,storm-core/src/jvm/org/apache/storm/utils/Monitor.java
9,storm-core/src/jvm/org/apache/storm/utils/MutableInt.java
9,storm-core/src/jvm/org/apache/storm/utils/MutableLong.java
9,storm-core/src/jvm/org/apache/storm/utils/MutableObject.java
9,storm-core/src/jvm/org/apache/storm/utils/NimbusClient.java
9,storm-core/src/jvm/org/apache/storm/utils/NimbusLeaderNotFoundException.java
9,storm-core/src/jvm/org/apache/storm/utils/RegisteredGlobalState.java
9,storm-core/src/jvm/org/apache/storm/utils/RotatingMap.java
9,storm-core/src/jvm/org/apache/storm/utils/ServiceRegistry.java
9,storm-core/src/jvm/org/apache/storm/utils/ShellBoltMessageQueue.java
9,storm-core/src/jvm/org/apache/storm/utils/ShellProcess.java
9,storm-core/src/jvm/org/apache/storm/utils/ShellUtils.java
9,storm-core/src/jvm/org/apache/storm/utils/StormBoundedExponentialBackoffRetry.java
9,storm-core/src/jvm/org/apache/storm/utils/StormConnectionStateConverter.java
9,storm-core/src/jvm/org/apache/storm/utils/TestUtils.java
9,storm-core/src/jvm/org/apache/storm/utils/ThriftTopologyUtils.java
9,storm-core/src/jvm/org/apache/storm/utils/Time.java
9,storm-core/src/jvm/org/apache/storm/utils/TimeCacheMap.java
9,storm-core/src/jvm/org/apache/storm/utils/TransferDrainer.java
9,storm-core/src/jvm/org/apache/storm/utils/TupleUtils.java
9,storm-core/src/jvm/org/apache/storm/utils/Utils.java
9,storm-core/src/jvm/org/apache/storm/utils/VersionInfo.java
9,storm-core/src/jvm/org/apache/storm/utils/VersionedStore.java
9,storm-core/src/jvm/org/apache/storm/utils/WindowedTimeThrottler.java
9,storm-core/src/jvm/org/apache/storm/utils/WorkerBackpressureCallback.java
9,storm-core/src/jvm/org/apache/storm/utils/WorkerBackpressureThread.java
9,storm-core/src/jvm/org/apache/storm/utils/WritableUtils.java
9,storm-core/src/jvm/org/apache/storm/utils/ZookeeperAuthInfo.java
9,storm-core/src/jvm/org/apache/storm/utils/ZookeeperServerCnxnFactory.java
9,storm-core/src/jvm/org/apache/storm/validation/ConfigValidation.java
9,storm-core/src/jvm/org/apache/storm/validation/ConfigValidationAnnotations.java
9,storm-core/src/jvm/org/apache/storm/validation/ConfigValidationUtils.java
9,storm-core/src/jvm/org/apache/storm/windowing/CountEvictionPolicy.java
9,storm-core/src/jvm/org/apache/storm/windowing/CountTriggerPolicy.java
9,storm-core/src/jvm/org/apache/storm/windowing/Event.java
9,storm-core/src/jvm/org/apache/storm/windowing/EventImpl.java
9,storm-core/src/jvm/org/apache/storm/windowing/EvictionPolicy.java
9,storm-core/src/jvm/org/apache/storm/windowing/TimeEvictionPolicy.java
9,storm-core/src/jvm/org/apache/storm/windowing/TimeTriggerPolicy.java
9,storm-core/src/jvm/org/apache/storm/windowing/TriggerHandler.java
9,storm-core/src/jvm/org/apache/storm/windowing/TriggerPolicy.java
9,storm-core/src/jvm/org/apache/storm/windowing/TupleWindow.java
9,storm-core/src/jvm/org/apache/storm/windowing/TupleWindowImpl.java
9,storm-core/src/jvm/org/apache/storm/windowing/WaterMarkEvent.java
9,storm-core/src/jvm/org/apache/storm/windowing/WaterMarkEventGenerator.java
9,storm-core/src/jvm/org/apache/storm/windowing/WatermarkCountEvictionPolicy.java
9,storm-core/src/jvm/org/apache/storm/windowing/WatermarkCountTriggerPolicy.java
9,storm-core/src/jvm/org/apache/storm/windowing/WatermarkTimeEvictionPolicy.java
9,storm-core/src/jvm/org/apache/storm/windowing/WatermarkTimeTriggerPolicy.java
9,storm-core/src/jvm/org/apache/storm/windowing/Window.java
9,storm-core/src/jvm/org/apache/storm/windowing/WindowLifecycleListener.java
9,storm-core/src/jvm/org/apache/storm/windowing/WindowManager.java
9,storm-rename-hack/src/main/java/org/apache/storm/hack/DefaultShader.java
9,storm-rename-hack/src/main/java/org/apache/storm/hack/IOUtil.java
9,storm-rename-hack/src/main/java/org/apache/storm/hack/ShadeRequest.java
9,storm-rename-hack/src/main/java/org/apache/storm/hack/StormShadeRequest.java
9,storm-rename-hack/src/main/java/org/apache/storm/hack/StormShadeTransformer.java
9,storm-rename-hack/src/main/java/org/apache/storm/hack/relocation/Relocator.java
9,storm-rename-hack/src/main/java/org/apache/storm/hack/relocation/SimpleRelocator.java
9,storm-rename-hack/src/main/java/org/apache/storm/hack/resource/ClojureTransformer.java
9,storm-rename-hack/src/main/java/org/apache/storm/hack/resource/ResourceTransformer.java
